Date,Persian_Date,Close,USD_Close,XAU_Close,Coin_Close,Oil_Close,AED_Close,Silver_Close,Bourse_Close
2013-07-22,1392/04/31,1000000.0,31200.0,1335.9,10270000.0,108.42,8550.0,20.57,78151.3
2013-07-23,1392/05/01,1030000.0,31650.0,1348.1,10370000.0,107.19,8670.0,20.49,78151.3
2013-07-24,1392/05/02,1025000.0,31670.0,1321.3,10497000.0,107.65,8660.0,20.19,78151.3
2013-07-27,1392/05/05,1040000.0,31800.0,1333.9,10580000.0,107.17,8700.0,20.0,78151.3
2013-07-28,1392/05/06,1030000.0,31700.0,1333.9,10574000.0,107.45,8640.0,20.0,78151.3
2013-07-31,1392/05/09,1046000.0,31920.0,1323.1,10794000.0,109.54,8835.0,19.85,78151.3
2013-08-03,1392/05/12,1040000.0,32400.0,1312.0,10780000.0,108.95,8900.0,19.94,78151.3
2013-08-04,1392/05/13,1030000.0,32000.0,1312.0,10680000.0,108.7,8750.0,19.94,78151.3
2013-08-05,1392/05/14,1020000.0,31900.0,1303.95,10570000.0,108.18,8680.0,19.73,78151.3
2013-08-06,1392/05/15,1020000.0,32250.0,1281.9,10650000.0,107.44,8730.0,19.52,78151.3
2013-08-07,1392/05/16,1033000.0,32181.0,1287.75,10715000.0,106.68,8710.0,19.59,78151.3
2013-08-11,1392/05/20,1050000.0,32250.0,1314.5,10840000.0,108.97,8710.0,20.57,78151.3
2013-08-12,1392/05/21,1040000.0,31950.0,1336.4,10630000.0,109.82,8700.0,21.4,78151.3
2013-08-13,1392/05/22,1040000.0,31950.0,1321.3,10720000.0,110.2,8697.0,21.46,78151.3
2013-08-14,1392/05/23,1053000.0,31700.0,1335.2,10620000.0,111.11,8715.0,21.87,78151.3
2013-08-17,1392/05/26,1060000.0,31580.0,1376.4,10670000.0,110.4,8600.0,23.25,78151.3
2013-08-18,1392/05/27,1060000.0,31450.0,1376.4,10470000.0,109.9,8600.0,23.25,78151.3
2013-08-19,1392/05/28,1040000.0,31000.0,1365.98,10230000.0,110.15,8500.0,23.16,78151.3
2013-08-20,1392/05/29,1030000.0,30950.0,1371.17,10200000.0,109.81,8400.0,23.03,78151.3
2013-08-21,1392/05/30,1042000.0,31200.0,1366.35,10333000.0,109.9,8500.0,22.88,78151.3
2013-08-24,1392/06/02,1060000.0,31200.0,1396.85,10420000.0,111.04,8590.0,24.0,78151.3
2013-08-25,1392/06/03,1060000.0,31250.0,1396.85,10390000.0,110.73,8590.0,24.0,78151.3
2013-08-26,1392/06/04,1080000.0,31750.0,1404.9,10750000.0,114.36,8600.0,24.32,78151.3
2013-08-27,1392/06/05,1140000.0,33000.0,1416.65,10950000.0,116.61,9000.0,24.51,78151.3
2013-08-28,1392/06/06,1120000.0,32530.0,1418.5,10894000.0,115.16,8800.0,24.39,78151.3
2013-08-31,1392/06/09,1110000.0,32580.0,1396.4,10984000.0,114.01,8892.0,23.51,78151.3
2013-09-01,1392/06/10,1110000.0,32580.0,1396.4,10984000.0,114.33,8892.0,23.51,78151.3
2013-09-03,1392/06/12,1140000.0,33050.0,1412.65,11280000.0,114.91,8966.0,24.27,78151.3
2013-09-04,1392/06/13,1140000.0,33030.0,1391.45,11377000.0,115.26,9027.0,23.49,78151.3
2013-09-05,1392/06/14,1140000.0,33030.0,1367.85,11377000.0,116.12,9027.0,23.2,78151.3
2013-09-07,1392/06/16,1120000.0,32900.0,1391.61,11200000.0,116.12,8950.0,23.87,78151.3
2013-09-08,1392/06/17,1110000.0,32850.0,1391.61,11080000.0,113.72,9000.0,23.87,78151.3
2013-09-09,1392/06/18,1070000.0,32000.0,1387.05,10630000.0,111.25,8850.0,23.71,78151.3
2013-09-10,1392/06/19,1055000.0,31800.0,1364.45,10490000.0,111.5,8705.0,22.98,78151.3
2013-09-11,1392/06/20,1040000.0,31720.0,1366.75,10100000.0,112.63,8723.0,23.2,78151.3
2013-09-12,1392/06/21,1040000.0,31720.0,1321.05,10100000.0,112.78,8723.0,21.79,78151.3
2013-09-14,1392/06/23,1020000.0,31700.0,1326.72,10110000.0,112.78,8700.0,22.25,78151.3
2013-09-15,1392/06/24,990000.0,31300.0,1326.72,9640000.0,110.07,8600.0,22.25,78151.3
2013-09-16,1392/06/25,980000.0,30600.0,1314.0,9600000.0,108.19,8500.0,21.8,78151.3
2013-09-17,1392/06/26,980000.0,30800.0,1309.65,9660000.0,110.6,8450.0,21.73,78151.3
2013-09-18,1392/06/27,997000.0,30130.0,1365.15,9000000.0,108.76,8130.0,22.92,78151.3
2013-09-21,1392/06/30,950000.0,29300.0,1325.38,9310000.0,109.22,8000.0,21.84,78151.3
2013-09-22,1392/06/31,960000.0,29350.0,1325.38,9310000.0,108.16,8050.0,21.84,78151.3
2013-09-23,1392/07/01,950000.0,29350.0,1322.15,9260000.0,108.64,8050.0,21.65,78151.3
2013-09-24,1392/07/02,990000.0,30700.0,1323.2,9800000.0,108.32,8450.0,21.73,78151.3
2013-09-25,1392/07/03,990000.0,30450.0,1333.6,9687000.0,109.21,8341.0,21.8,78151.3
2013-09-26,1392/07/04,990000.0,30450.0,1323.7,9687000.0,108.63,8341.0,21.72,78151.3
2013-09-28,1392/07/06,1010000.0,30650.0,1336.2,9900000.0,108.63,8400.0,21.78,78151.3
2013-09-29,1392/07/07,990000.0,30350.0,1336.2,9660000.0,108.37,8300.0,21.78,78151.3
2013-09-30,1392/07/08,980000.0,30550.0,1327.55,9700000.0,107.94,8300.0,21.69,78151.3
2013-10-01,1392/07/09,980000.0,30550.0,1286.6,9750000.0,109.19,8350.0,21.16,78151.3
2013-10-02,1392/07/10,980000.0,30519.0,1315.25,9650000.0,109.0,8320.0,21.76,78151.3
2013-10-05,1392/07/13,990000.0,30550.0,1311.35,9760000.0,109.46,8316.0,21.75,78151.3
2013-10-06,1392/07/14,980000.0,30450.0,1311.35,9740000.0,109.68,8300.0,21.75,78151.3
2013-10-07,1392/07/15,990000.0,30500.0,1321.79,9760000.0,110.16,8300.0,22.35,78151.3
2013-10-08,1392/07/16,980000.0,30350.0,1318.8,9590000.0,109.06,8300.0,22.29,78151.3
2013-10-09,1392/07/17,969000.0,30350.0,1307.2,9376000.0,111.8,8300.0,21.91,78151.3
2013-10-12,1392/07/20,950000.0,30150.0,1273.11,9387000.0,111.28,8270.0,21.23,78151.3
2013-10-13,1392/07/21,960000.0,30350.0,1273.11,9395000.0,111.04,8270.0,21.23,78151.3
2013-10-14,1392/07/22,950000.0,30372.0,1273.4,9387000.0,109.96,8280.0,21.3,78151.3
2013-10-15,1392/07/23,950000.0,30372.0,1280.8,9387000.0,110.86,8280.0,21.3,78151.3
2013-10-17,1392/07/25,970000.0,30227.0,1319.7,9540000.0,109.94,8260.0,21.89,78151.3
2013-10-19,1392/07/27,970000.0,30150.0,1316.24,9560000.0,109.94,8250.0,21.93,78151.3
2013-10-20,1392/07/28,983000.0,29950.0,1316.24,9535000.0,109.64,8200.0,21.93,78151.3
2013-10-21,1392/07/29,971000.0,30100.0,1315.75,9590000.0,109.97,8200.0,22.24,78151.3
2013-10-22,1392/07/30,977000.0,30130.0,1340.65,9560000.0,107.8,8209.0,22.68,78151.3
2013-10-26,1392/08/04,990000.0,30100.0,1352.13,9650000.0,106.93,8220.0,22.57,78151.3
2013-10-27,1392/08/05,990000.0,30100.0,1352.13,9710000.0,109.61,8200.0,22.57,78151.3
2013-10-28,1392/08/06,990000.0,30150.0,1352.2,9660000.0,109.01,8200.0,22.52,78151.3
2013-10-29,1392/08/07,990000.0,30050.0,1344.3,9700000.0,109.86,8240.0,22.57,78151.3
2013-10-30,1392/08/08,980000.0,30082.0,1342.8,9564000.0,108.84,8210.0,22.74,78151.3
2013-10-31,1392/08/09,980000.0,30082.0,1323.8,9564000.0,105.91,8210.0,21.9,78151.3
2013-11-02,1392/08/11,980000.0,30400.0,1315.35,9550000.0,105.91,8244.0,21.86,78151.3
2013-11-03,1392/08/12,970000.0,30300.0,1315.35,9510000.0,106.23,8243.0,21.86,78151.3
2013-11-04,1392/08/13,970000.0,30100.0,1314.74,9460000.0,105.33,8250.0,21.67,78151.3
2013-11-05,1392/08/14,970000.0,30180.0,1311.6,9490000.0,105.24,8244.0,21.7,78151.3
2013-11-06,1392/08/15,970000.0,30036.0,1318.4,9227000.0,103.46,8242.0,21.82,78151.3
2013-11-07,1392/08/16,970000.0,30036.0,1307.95,9227000.0,105.12,8242.0,21.66,78151.3
2013-11-09,1392/08/18,950000.0,30250.0,1288.2,9310000.0,105.12,8209.0,21.51,78151.3
2013-11-10,1392/08/19,950000.0,30150.0,1288.2,9260000.0,106.4,8233.0,21.51,78151.3
2013-11-11,1392/08/20,950000.0,30173.0,1283.28,9251000.0,105.81,8217.0,21.37,78151.3
2013-11-12,1392/08/21,950000.0,30173.0,1267.99,9251000.0,107.12,8217.0,20.72,78151.3
2013-11-16,1392/08/25,950000.0,30100.0,1290.05,9240000.0,108.5,8204.0,20.81,78151.3
2013-11-17,1392/08/26,940000.0,30030.0,1290.05,9160000.0,108.47,8200.0,20.81,78151.3
2013-11-18,1392/08/27,940000.0,30070.0,1274.35,9170000.0,106.92,8200.0,20.41,78151.3
2013-11-19,1392/08/28,930000.0,30050.0,1275.25,9110000.0,108.06,8170.0,20.37,78151.3
2013-11-20,1392/08/29,920000.0,30060.0,1243.2,8955000.0,110.08,8150.0,19.84,78151.3
2013-11-21,1392/08/30,920000.0,30060.0,1242.75,8955000.0,111.05,8150.0,19.97,78151.3
2013-11-23,1392/09/02,860000.0,29400.0,1243.6,8280000.0,111.05,8150.0,19.88,78151.3
2013-11-24,1392/09/03,860000.0,29150.0,1243.6,8430000.0,111.0,7950.0,19.88,78151.3
2013-11-25,1392/09/04,890000.0,29750.0,1252.6,8590000.0,110.88,8150.0,20.32,78151.3
2013-11-26,1392/09/05,890000.0,29900.0,1243.3,8680000.0,111.31,8150.0,19.88,78151.3
2013-11-27,1392/09/06,880000.0,29614.0,1237.4,8658000.0,110.86,8112.0,19.67,78151.3
2013-11-28,1392/09/07,880000.0,29614.0,1244.15,8658000.0,109.69,8112.0,19.73,78151.3
2013-11-30,1392/09/09,890000.0,29530.0,1253.49,8800000.0,109.69,8090.0,19.99,78151.3
2013-12-01,1392/09/10,890000.0,29530.0,1253.49,8670000.0,111.45,8080.0,19.99,78151.3
2013-12-02,1392/09/11,880000.0,29450.0,1220.05,8580000.0,112.62,8060.0,19.16,78151.3
2013-12-03,1392/09/12,880000.0,29550.0,1223.89,8640000.0,111.88,8050.0,19.15,78151.3
2013-12-04,1392/09/13,890000.0,29507.0,1243.66,8613000.0,110.98,8072.0,19.69,78151.3
2013-12-05,1392/09/14,890000.0,29507.0,1224.88,8613000.0,111.61,8072.0,19.38,78151.3
2013-12-07,1392/09/16,890000.0,29460.0,1228.85,8650000.0,111.61,8050.0,19.5,78151.3
2013-12-08,1392/09/17,890000.0,29420.0,1228.85,8660000.0,109.39,8040.0,19.5,78151.3
2013-12-09,1392/09/18,900000.0,29480.0,1240.9399,8800000.0,109.38,8030.0,19.87,78151.3
2013-12-10,1392/09/19,900000.0,29390.0,1260.72,8800000.0,109.7,8050.0,20.4,78151.3
2013-12-11,1392/09/20,890000.0,29476.0,1251.75,8798000.0,108.67,8047.0,20.3,78151.3
2013-12-14,1392/09/23,900000.0,29520.0,1238.3,8760000.0,108.83,8080.0,19.7,78151.3
2013-12-15,1392/09/24,890000.0,29470.0,1238.3,8740000.0,110.47,8060.0,19.7,78151.3
2013-12-16,1392/09/25,890000.0,29440.0,1240.5699,8705000.0,108.44,8042.0,19.98,78151.3
2013-12-17,1392/09/26,890000.0,29490.0,1230.1,8740000.0,109.63,8044.0,19.92,78151.3
2013-12-18,1392/09/27,880000.0,29450.0,1218.0699,8540000.0,110.29,8048.0,19.77,78151.3
2013-12-19,1392/09/28,880000.0,29450.0,1190.1,8540000.0,111.77,8048.0,19.26,78151.3
2013-12-21,1392/09/30,870000.0,29581.0,1203.25,8575000.0,111.77,8049.0,19.38,78151.3
2013-12-22,1392/10/01,880000.0,29581.0,1203.25,8555000.0,111.56,8049.0,19.38,78151.3
2013-12-24,1392/10/03,879000.0,29670.0,1204.35,8575000.0,111.9,8090.0,19.41,78151.3
2013-12-26,1392/10/05,880000.0,29969.0,1210.7,8670000.0,112.18,8188.0,19.77,78151.3
2013-12-28,1392/10/07,900000.0,30150.0,1213.1899,8825000.0,112.18,8230.0,20.08,78151.3
2013-12-29,1392/10/08,890000.0,30060.0,1213.1899,8725000.0,111.21,8238.0,20.08,78151.3
2013-12-30,1392/10/09,890000.0,30070.0,1196.4,8685000.0,110.8,8238.0,19.58,78151.3
2013-12-31,1392/10/10,899000.0,30070.0,1205.55,8685000.0,110.92,8238.0,19.46,78151.3
2014-01-04,1392/10/14,900000.0,29740.0,1236.55,8760000.0,106.89,8130.0,20.14,78151.3
2014-01-05,1392/10/15,900000.0,29800.0,1236.55,8790000.0,106.73,8130.0,20.14,78151.3
2014-01-06,1392/10/16,900000.0,29850.0,1238.05,8770000.0,107.35,8150.0,20.17,78151.3
2014-01-07,1392/10/17,900000.0,29900.0,1232.1,8750000.0,107.15,8140.0,19.88,78151.3
2014-01-08,1392/10/18,900000.0,29800.0,1226.1,8778000.0,106.39,8110.0,19.55,78151.3
2014-01-09,1392/10/19,900000.0,29800.0,1228.0,8778000.0,107.25,8110.0,19.59,78151.3
2014-01-11,1392/10/21,910000.0,29790.0,1247.1,8770000.0,107.25,8150.0,20.13,78151.3
2014-01-12,1392/10/22,890000.0,29560.0,1247.1,8730000.0,106.75,8090.0,20.13,78151.3
2014-01-13,1392/10/23,890000.0,29630.0,1253.4399,8710000.0,106.39,8110.0,20.4,78151.3
2014-01-14,1392/10/24,890000.0,29570.0,1245.1,8710000.0,107.13,8110.0,20.26,78151.3
2014-01-15,1392/10/25,890000.0,29469.0,1241.74,8675000.0,107.09,8068.0,20.19,78151.3
2014-01-16,1392/10/26,890000.0,29469.0,1242.55,8675000.0,106.48,8068.0,20.1,78151.3
2014-01-18,1392/10/28,890000.0,29360.0,1253.8199,8560000.0,106.48,7981.0,20.28,78151.3
2014-01-20,1392/10/30,878000.0,29340.0,1254.35,8590000.0,106.73,7980.0,20.31,78151.3
2014-01-21,1392/11/01,882000.0,29510.0,1241.49,8640000.0,108.27,8060.0,19.9,78151.3
2014-01-22,1392/11/02,882000.0,29440.0,1236.49,8774000.0,107.58,8066.0,19.78,78151.3
2014-01-23,1392/11/03,882000.0,29440.0,1264.35,8774000.0,107.88,8066.0,20.04,78151.3
2014-01-25,1392/11/05,889400.0,29450.0,1269.25,8763000.0,107.88,8060.0,19.91,78151.3
2014-01-26,1392/11/06,884700.0,29490.0,1269.25,8746000.0,106.69,8050.0,19.91,78151.3
2014-01-27,1392/11/07,884200.0,29480.0,1257.0699,8745000.0,107.41,8050.0,19.72,78151.3
2014-01-28,1392/11/08,887600.0,29420.0,1256.55,8755000.0,107.85,8050.0,19.59,78151.3
2014-01-29,1392/11/09,890200.0,29350.0,1268.4,8685000.0,107.95,8027.0,19.76,78151.3
2014-02-01,1392/11/12,892240.0,29460.0,1243.8,8735000.0,106.4,8030.0,19.15,78151.3
2014-02-02,1392/11/13,897550.0,29540.0,1243.8,8762000.0,106.04,8060.0,19.15,78151.3
2014-02-03,1392/11/14,895930.0,29470.0,1257.64,8753000.0,105.78,8060.0,19.35,78151.3
2014-02-04,1392/11/15,898470.0,29510.0,1255.0,8771000.0,106.25,8060.0,19.5,78151.3
2014-02-05,1392/11/16,898930.0,29590.0,1258.01,8790000.0,107.19,8070.0,19.88,78151.3
2014-02-06,1392/11/17,898930.0,29600.0,1257.64,8827000.0,109.57,8070.0,19.96,78151.3
2014-02-08,1392/11/19,902160.0,29460.0,1267.0601,8806000.0,109.57,8070.0,20.03,78151.3
2014-02-09,1392/11/20,907710.0,29510.0,1267.0601,8882000.0,108.63,8066.0,20.03,78151.3
2014-02-10,1392/11/21,918320.0,29500.0,1274.9,8968000.0,108.68,8066.0,20.08,78151.3
2014-02-12,1392/11/23,932870.0,29520.0,1291.25,9145000.0,108.73,8070.0,20.25,78151.3
2014-02-13,1392/11/24,932870.0,29530.0,1302.7,9273000.0,109.08,8070.0,20.5,78151.3
2014-02-15,1392/11/26,953410.0,29480.0,1318.9301,9315000.0,109.08,8090.0,21.48,78151.3
2014-02-16,1392/11/27,960340.0,29520.0,1318.9301,9490000.0,109.18,8080.0,21.48,78151.3
2014-02-17,1392/11/28,954800.0,29520.0,1329.1,9362000.0,110.46,8089.0,21.69,78151.3
2014-02-18,1392/11/29,955720.0,29520.0,1321.6,9340000.0,110.47,8085.0,21.93,78151.3
2014-02-19,1392/11/30,951110.0,29530.0,1311.8,9385000.0,110.3,8089.0,21.54,78151.3
2014-02-20,1392/12/01,951110.0,29500.0,1322.89,9420000.0,109.85,8089.0,21.82,78151.3
2014-02-22,1392/12/03,957800.0,29600.0,1323.39,9438000.0,109.85,8080.0,21.83,78151.3
2014-02-23,1392/12/04,975110.0,29840.0,1323.39,9680000.0,110.64,8160.0,21.83,78151.3
2014-02-24,1392/12/05,981580.0,29900.0,1337.0,9770000.0,109.51,8190.0,22.01,78151.3
2014-02-25,1392/12/06,969570.0,29880.0,1340.75,9645000.0,109.52,8180.0,21.84,78151.3
2014-02-26,1392/12/07,974880.0,30090.0,1330.75,9650000.0,108.96,8200.0,21.26,78151.3
2014-02-27,1392/12/08,974880.0,30100.0,1331.4399,9652000.0,109.07,8200.0,21.29,78151.3
2014-03-01,1392/12/10,983190.0,30590.0,1326.4,9776000.0,109.07,8300.0,21.23,78151.3
2014-03-02,1392/12/11,1012300.0,31070.0,1326.4,9970000.0,111.2,8500.0,21.23,78151.3
2014-03-03,1392/12/12,989890.0,30640.0,1350.9,9780000.0,109.3,8420.0,21.43,78151.3
2014-03-04,1392/12/13,993120.0,30520.0,1334.9,9800000.0,107.76,8370.0,21.19,78151.3
2014-03-05,1392/12/14,997740.0,30490.0,1337.39,9820000.0,108.1,8350.0,21.18,78151.3
2014-03-06,1392/12/15,997740.0,30460.0,1351.35,9762000.0,109.0,8350.0,21.46,78151.3
2014-03-08,1392/12/17,988500.0,30440.0,1340.25,9710000.0,109.0,8280.0,20.93,78151.3
2014-03-09,1392/12/18,993810.0,30710.0,1340.25,9770000.0,108.08,8350.0,20.93,78151.3
2014-03-10,1392/12/19,990350.0,30550.0,1339.15,9787000.0,108.55,8370.0,20.85,78151.3
2014-03-11,1392/12/20,993810.0,30370.0,1349.95,9775000.0,108.02,8300.0,20.87,78151.3
2014-03-12,1392/12/21,999580.0,30360.0,1367.08,9805000.0,107.39,8243.0,21.29,78151.3
2014-03-13,1392/12/22,999580.0,30440.0,1370.6,9850000.0,108.57,8243.0,21.18,78151.3
2014-03-15,1392/12/24,1000000.0,30200.0,1382.24,9820000.0,108.57,8201.0,21.49,78151.3
2014-03-16,1392/12/25,988500.0,29960.0,1382.24,9660000.0,106.24,8171.0,21.49,78151.3
2014-03-17,1392/12/26,976730.0,30000.0,1366.95,9535000.0,106.79,8211.0,21.18,78151.3
2014-03-18,1392/12/27,970730.0,30140.0,1356.25,9500000.0,105.85,8174.0,20.82,78151.3
2014-03-19,1392/12/28,976500.0,30170.0,1331.45,9530000.0,106.45,8174.0,20.6,78151.3
2014-03-25,1393/01/05,971880.0,30500.0,1311.05,9510000.0,107.03,8150.0,19.97,78151.3
2014-03-26,1393/01/06,969570.0,30580.0,1304.1,9520000.0,107.83,8150.0,19.73,78151.3
2014-03-27,1393/01/07,969570.0,30570.0,1291.14,9500000.0,108.07,8150.0,19.71,78151.3
2014-03-29,1393/01/09,965420.0,30490.0,1294.0,9440000.0,108.07,8150.0,19.82,78151.3
2014-03-30,1393/01/10,966800.0,30640.0,1294.0,9430000.0,107.76,8150.0,19.82,78151.3
2014-03-31,1393/01/11,964960.0,30630.0,1284.25,9410000.0,105.62,8150.0,19.76,78151.3
2014-04-05,1393/01/16,968880.0,30430.0,1302.7,9440000.0,106.72,8150.0,19.94,78151.3
2014-04-06,1393/01/17,970270.0,30580.0,1302.7,9460000.0,105.82,8150.0,19.94,78151.3
2014-04-07,1393/01/18,982500.0,30900.0,1296.65,9658000.0,107.67,8150.0,19.87,78151.3
2014-04-08,1393/01/19,982730.0,30800.0,1308.72,9640000.0,107.98,8150.0,20.04,78151.3
2014-04-09,1393/01/20,990350.0,30810.0,1311.9,9683000.0,107.46,8150.0,19.9,78151.3
2014-04-10,1393/01/21,990350.0,30790.0,1318.92,9675000.0,107.33,8150.0,20.05,78151.3
2014-04-12,1393/01/23,999580.0,31210.0,1318.47,9780000.0,107.33,8150.0,20.0,78151.3
2014-04-13,1393/01/24,1007700.0,31300.0,1318.47,9880000.0,109.07,8150.0,20.0,78151.3
2014-04-14,1393/01/25,1001900.0,31800.0,1326.4,9835000.0,108.74,8150.0,19.97,78151.3
2014-04-15,1393/01/26,1004200.0,31560.0,1302.65,9760000.0,109.6,8150.0,19.62,78151.3
2014-04-16,1393/01/27,1000700.0,31710.0,1302.8,9765000.0,109.53,8150.0,19.65,78151.3
2014-04-17,1393/01/28,1000700.0,31730.0,1294.85,9765000.0,109.53,8150.0,19.64,78151.3
2014-04-19,1393/01/30,1004200.0,32090.0,1293.78,9800000.0,109.53,8271.0,19.64,78151.3
2014-04-20,1393/01/31,1007700.0,32400.0,1293.78,9855000.0,109.95,9005.0,19.64,78151.3
2014-04-21,1393/02/01,1016900.0,33160.0,1290.15,10000000.0,109.27,8235.0,19.44,78151.3
2014-04-22,1393/02/02,1018710.0,32650.0,1283.5,9910000.0,109.11,8180.0,19.41,78151.3
2014-04-23,1393/02/03,1025750.0,32540.0,1283.9,9950000.0,110.33,8159.0,19.45,78151.3
2014-04-26,1393/02/06,1059100.0,33350.0,1303.45,10455000.0,109.58,8723.0,19.66,78151.3
2014-04-27,1393/02/07,1038800.0,32820.0,1303.45,10185000.0,108.12,8726.0,19.66,78151.3
2014-04-28,1393/02/08,1037440.0,32950.0,1296.1,10160000.0,108.98,8804.0,19.61,78151.3
2014-04-29,1393/02/09,1035370.0,32980.0,1296.48,10110000.0,108.07,8777.0,19.52,78164.3
2014-04-30,1393/02/10,1035370.0,33100.0,1291.9,10120000.0,107.76,8786.0,19.16,78164.3
2014-05-01,1393/02/11,1035370.0,33130.0,1284.1,10130000.0,108.59,8786.0,19.05,78164.3
2014-05-03,1393/02/13,1037680.0,32780.0,1300.3199,10130000.0,108.59,9050.0,19.51,77569.2
2014-05-04,1393/02/14,1043450.0,33140.0,1300.3199,10190000.0,107.72,9050.0,19.51,77763.8
2014-05-05,1393/02/15,1036520.0,33040.0,1309.85,10110000.0,107.06,9050.0,19.58,77717.3
2014-05-06,1393/02/16,1029130.0,32910.0,1307.65,10040000.0,108.13,9024.0,19.57,77752.4
2014-05-07,1393/02/17,1016210.0,32900.0,1289.55,9910000.0,108.04,9020.0,19.35,77752.4
2014-05-08,1393/02/18,1016210.0,32870.0,1289.6,9910000.0,107.89,9020.0,19.18,77752.4
2014-05-10,1393/02/20,993120.0,32360.0,1289.33,9690000.0,107.89,8970.0,19.15,77734.2
2014-05-11,1393/02/21,1005360.0,32490.0,1289.33,9810000.0,108.41,8907.0,19.15,77596.4
2014-05-12,1393/02/22,1005360.0,32480.0,1295.8,9810000.0,109.24,8907.0,19.55,77596.4
2014-05-14,1393/02/24,1007430.0,32450.0,1305.6,9860000.0,110.44,8980.0,19.77,77610.2
2014-05-15,1393/02/25,1007430.0,32930.0,1296.35,9860000.0,109.75,8980.0,19.51,77610.2
2014-05-17,1393/02/27,1008590.0,32760.0,1293.7,9845000.0,109.75,9020.0,19.31,76987.5
2014-05-18,1393/02/28,1012970.0,32820.0,1293.7,9930000.0,109.37,9020.0,19.31,76528.9
2014-05-19,1393/02/29,1006510.0,32940.0,1291.95,9885000.0,109.69,9020.0,19.37,76634.4
2014-05-20,1393/02/30,1008820.0,32900.0,1294.25,9880000.0,110.55,9004.0,19.41,76767.6
2014-05-21,1393/02/31,1009740.0,32870.0,1291.85,9890000.0,110.36,8997.0,19.43,76767.6
2014-05-23,1393/03/02,1006340.0,32830.0,1293.11,9890000.0,110.54,8997.0,19.45,76703.9
2014-05-25,1393/03/04,1002066.0,32830.0,1293.11,9870000.0,110.32,8974.0,19.45,76212.0
2014-05-28,1393/03/07,979198.0,32780.0,1258.5,9617000.0,109.97,8977.0,19.07,76067.8
2014-05-31,1393/03/10,979730.0,32810.0,1251.05,9580000.0,109.41,8970.0,18.73,74543.4
2014-06-01,1393/03/11,978810.0,32820.0,1251.05,9570000.0,108.83,8972.0,18.73,74735.9
2014-06-02,1393/03/12,974189.0,32800.0,1244.35,9545000.0,108.82,8968.0,18.76,75102.8
2014-06-07,1393/03/17,966110.0,32450.0,1252.73,9470000.0,108.61,8842.0,19.02,75353.5
2014-06-08,1393/03/18,963800.0,32320.0,1252.73,9445000.0,109.99,8847.0,19.02,75240.5
2014-06-09,1393/03/19,961490.0,32400.0,1252.08,9410000.0,109.52,8927.0,19.07,74836.7
2014-06-10,1393/03/20,972110.0,32400.0,1260.8,9518000.0,109.95,8839.0,19.17,74499.1
2014-06-11,1393/03/21,975452.0,32450.0,1260.74,9590000.0,113.02,8839.0,19.19,74499.1
2014-06-14,1393/03/24,978120.0,32120.0,1277.0,9610000.0,113.41,8820.0,19.67,72631.8
2014-06-15,1393/03/25,971880.0,31790.0,1277.0,9512000.0,112.94,8692.0,19.67,72748.8
2014-06-16,1393/03/26,968420.0,32040.0,1271.6,9480000.0,113.45,8692.0,19.65,72638.0
2014-06-17,1393/03/27,969110.0,31930.0,1271.5,9490000.0,114.26,8690.0,19.74,72873.1
2014-06-18,1393/03/28,995629.0,32110.0,1278.4,9639000.0,115.06,8740.0,19.91,72873.1
2014-06-21,1393/03/31,993810.0,31920.0,1314.8199,9730000.0,114.81,8690.0,20.9,72900.8
2014-06-22,1393/04/01,988040.0,31720.0,1314.8199,9673000.0,114.12,8640.0,20.9,72544.9
2014-06-23,1393/04/02,991970.0,31670.0,1318.1,9692000.0,114.46,8620.0,20.88,72344.4
2014-06-24,1393/04/03,988500.0,31670.0,1318.3,9673000.0,114.0,8620.0,20.92,72249.9
2014-06-25,1393/04/04,981442.0,31650.0,1319.5,9641000.0,113.21,8620.0,21.03,72249.9
2014-06-27,1393/04/06,978145.0,31690.0,1315.35,9578500.0,113.3,8630.0,21.06,72249.9
2014-06-28,1393/04/07,978005.0,31180.0,1315.35,9616100.0,113.3,8480.0,21.06,72249.9
2014-06-29,1393/04/08,984572.0,31140.0,1315.35,9583600.0,112.36,8470.0,21.06,72249.9
2014-06-30,1393/04/09,978228.0,31180.0,1327.5,9593900.0,112.29,8490.0,21.02,72162.2
2014-07-01,1393/04/10,984221.0,31330.0,1325.75,9620700.0,111.24,8540.0,21.06,72162.2
2014-07-02,1393/04/11,974737.0,31270.0,1327.45,9587200.0,111.0,8529.0,21.14,72162.2
2014-07-05,1393/04/14,969110.0,30950.0,1320.55,9523000.0,110.64,8440.0,21.17,71960.2
2014-07-06,1393/04/15,967960.0,31260.0,1320.55,9495000.0,110.24,8500.0,21.17,71916.6
2014-07-07,1393/04/16,973270.0,31180.0,1320.2,9570000.0,108.94,8500.0,21.07,73025.0
2014-07-08,1393/04/17,975350.0,31050.0,1318.95,9564000.0,108.28,8460.0,21.05,73416.4
2014-07-09,1393/04/18,984580.0,31020.0,1326.7,9645300.0,108.67,8474.0,21.1,73416.4
2014-07-12,1393/04/21,986660.0,31360.0,1338.15,9680000.0,106.66,8540.0,21.44,73226.2
2014-07-13,1393/04/22,974190.0,31230.0,1338.15,9590000.0,106.98,8500.0,21.44,73347.4
2014-07-14,1393/04/23,970040.0,31170.0,1307.15,9522000.0,106.02,8480.0,20.93,73457.9
2014-07-15,1393/04/24,970730.0,31360.0,1294.45,9515000.0,105.85,8560.0,20.7,73754.2
2014-07-16,1393/04/25,972052.0,31430.0,1299.37,9529000.0,107.89,8550.0,20.72,73754.2
2014-07-20,1393/04/29,971650.0,31330.0,1310.9,9550000.0,107.68,8530.0,20.85,73890.5
2014-07-21,1393/04/30,970730.0,31330.0,1311.9,9505000.0,107.33,8510.0,20.94,74526.1
2014-07-22,1393/04/31,971420.0,31330.0,1307.35,9525000.0,108.03,8520.0,20.93,74841.6
2014-07-23,1393/05/01,972300.0,31390.0,1304.15,9527000.0,107.07,8542.0,20.92,74841.6
2014-07-26,1393/05/04,974880.0,31370.0,1308.05,9530000.0,108.39,8530.0,20.72,74848.0
2014-07-27,1393/05/05,972580.0,31290.0,1308.05,9502000.0,107.57,8500.0,20.72,74997.6
2014-07-30,1393/05/08,971288.0,31231.0,1295.05,9495800.0,106.02,8539.0,20.64,74997.6
2014-08-02,1393/05/11,973270.0,31400.0,1294.1,9518000.0,104.84,8550.0,20.33,74637.4
2014-08-03,1393/05/12,973960.0,31420.0,1294.1,9515000.0,105.41,8570.0,20.33,74709.2
2014-08-04,1393/05/13,970270.0,31400.0,1288.35,9480000.0,104.61,8560.0,20.21,74697.5
2014-08-05,1393/05/14,975580.0,31400.0,1288.0,9522000.0,104.59,8540.0,19.74,74613.8
2014-08-06,1393/05/15,973773.0,31320.0,1306.25,9518000.0,105.44,8538.0,20.03,74613.8
2014-08-09,1393/05/18,977880.0,31220.0,1309.6,9546000.0,105.02,8540.0,19.96,74398.9
2014-08-10,1393/05/19,975580.0,31250.0,1309.6,9540000.0,104.68,8530.0,19.96,74547.5
2014-08-11,1393/05/20,976730.0,31190.0,1308.1,9545000.0,103.02,8530.0,20.02,74455.1
2014-08-12,1393/05/21,976730.0,31270.0,1308.6,9539000.0,104.28,8530.0,19.9,74414.3
2014-08-13,1393/05/22,971339.0,31180.0,1312.86,9542400.0,102.01,8535.0,19.84,74363.0
2014-08-16,1393/05/25,968660.0,31020.0,1304.6,9472000.0,103.53,8500.0,19.64,73952.6
2014-08-17,1393/05/26,967510.0,31070.0,1304.6,9447000.0,101.6,8470.0,19.64,73906.8
2014-08-18,1393/05/27,968660.0,31050.0,1297.46,9460000.0,101.56,8490.0,19.64,73902.6
2014-08-19,1393/05/28,964050.0,30930.0,1295.5,9425000.0,102.28,8470.0,19.48,73905.7
2014-08-20,1393/05/29,958797.0,30920.0,1292.15,9369500.0,102.63,8470.0,19.5,73905.7
2014-08-23,1393/06/01,964050.0,31160.0,1281.23,9415000.0,102.29,8540.0,19.45,73529.5
2014-08-24,1393/06/02,964050.0,31330.0,1281.23,9420000.0,102.65,8550.0,19.45,73499.9
2014-08-25,1393/06/03,967510.0,31270.0,1276.6,9440000.0,102.5,8560.0,19.39,73540.9
2014-08-26,1393/06/04,966350.0,31300.0,1280.9,9435000.0,102.72,8550.0,19.39,73312.2
2014-08-27,1393/06/05,971559.0,31300.0,1282.95,9504600.0,102.46,8597.0,19.47,73312.2
2014-08-30,1393/06/08,972120.0,31500.0,1287.5699,9490000.0,103.19,8650.0,19.48,72778.4
2014-08-31,1393/06/09,970970.0,31480.0,1287.5699,9495000.0,102.79,8640.0,19.48,72339.8
2014-09-01,1393/06/10,968660.0,31730.0,1287.3,9460000.0,100.34,8650.0,19.49,72232.4
2014-09-02,1393/06/11,968660.0,31720.0,1265.9,9465000.0,102.77,8700.0,19.15,72121.5
2014-09-03,1393/06/12,968576.0,31810.0,1269.0699,9431000.0,101.83,8680.0,19.18,72121.5
2014-09-06,1393/06/15,966350.0,31680.0,1268.85,9441000.0,100.82,8650.0,19.19,71665.4
2014-09-07,1393/06/16,966350.0,31980.0,1268.85,9438000.0,100.2,8690.0,19.19,71815.2
2014-09-08,1393/06/17,964050.0,31750.0,1255.7,9412000.0,99.16,8690.0,19.03,71930.1
2014-09-09,1393/06/18,962890.0,31790.0,1256.2,9403000.0,98.04,8700.0,19.08,71925.4
2014-09-10,1393/06/19,958907.0,31840.0,1248.75,9390000.0,98.08,8690.0,18.95,71925.4
2014-09-13,1393/06/22,946750.0,31910.0,1228.63,9255000.0,97.11,8710.0,18.62,71413.8
2014-09-14,1393/06/23,952510.0,31980.0,1228.63,9310000.0,96.65,8730.0,18.62,71402.3
2014-09-15,1393/06/24,952216.0,31920.0,1233.0,9286000.0,99.05,8787.0,18.62,71408.3
2014-09-17,1393/06/26,943588.0,32010.0,1223.25,9280000.0,97.7,8773.0,18.52,71443.6
2014-09-20,1393/06/29,938680.0,31670.0,1216.45,9175000.0,98.39,8700.0,17.81,71545.3
2014-09-21,1393/06/30,937520.0,31710.0,1216.45,9175000.0,96.97,8680.0,17.81,71685.8
2014-09-22,1393/06/31,946750.0,31880.0,1215.05,9270000.0,96.85,8710.0,17.75,71726.5
2014-09-23,1393/07/01,947900.0,31940.0,1222.95,9270000.0,96.95,8740.0,17.79,71788.1
2014-09-24,1393/07/02,949959.0,32000.0,1217.05,9220000.0,97.0,8820.0,17.7,71788.1
2014-09-27,1393/07/05,964050.0,32640.0,1219.51,9390000.0,97.0,8890.0,17.66,71643.7
2014-09-28,1393/07/06,960590.0,32350.0,1219.51,9385000.0,97.2,8880.0,17.66,71675.2
2014-09-29,1393/07/07,955970.0,32410.0,1215.95,9345000.0,94.67,8840.0,17.51,71664.0
2014-09-30,1393/07/08,955784.0,32430.0,1209.24,9345000.0,94.16,8890.0,16.99,71640.5
2014-10-01,1393/07/09,954786.0,32400.0,1213.65,9345000.0,93.42,8855.0,17.19,71640.5
2014-10-03,1393/07/11,950180.0,32430.0,1191.2,9345000.0,92.31,8866.0,16.85,71670.1
2014-10-06,1393/07/14,955970.0,32390.0,1207.15,9365000.0,92.11,8850.0,17.34,71718.9
2014-10-07,1393/07/15,958280.0,32370.0,1209.0,9395000.0,91.38,8860.0,17.19,71783.7
2014-10-08,1393/07/16,966549.0,32480.0,1221.7,9460000.0,90.05,8900.0,17.39,71783.7
2014-10-11,1393/07/19,962890.0,32500.0,1223.48,9395000.0,90.21,8880.0,17.39,71791.5
2014-10-14,1393/07/22,964050.0,32440.0,1232.75,9405000.0,83.78,8890.0,17.44,71978.6
2014-10-15,1393/07/23,962241.0,32500.0,1241.0699,9415000.0,84.47,8886.0,17.45,71978.6
2014-10-18,1393/07/26,962890.0,32340.0,1238.1899,9390000.0,86.16,8870.0,17.28,72281.0
2014-10-19,1393/07/27,959430.0,32190.0,1238.1899,9375000.0,85.4,8860.0,17.28,73548.3
2014-10-20,1393/07/28,960590.0,32280.0,1246.6,9390000.0,86.22,8830.0,17.42,74109.1
2014-10-21,1393/07/29,959430.0,32220.0,1249.3,9380000.0,84.71,8860.0,17.52,74132.8
2014-10-22,1393/07/30,956716.0,32280.0,1241.03,9327000.0,86.83,8839.0,17.12,74132.8
2014-10-25,1393/08/03,951360.0,32170.0,1231.46,9295000.0,86.13,8810.0,17.18,73940.8
2014-10-26,1393/08/04,951360.0,32360.0,1231.46,9310000.0,85.83,8850.0,17.18,73958.9
2014-10-27,1393/08/05,951360.0,32450.0,1225.4,9305000.0,86.03,8870.0,17.13,73967.8
2014-10-28,1393/08/06,951360.0,32390.0,1228.4,9293000.0,87.12,8870.0,17.2,74151.1
2014-10-29,1393/08/07,943960.0,32450.0,1211.8,9244000.0,86.24,8860.0,17.09,74151.1
2014-10-31,1393/08/09,923399.0,32520.0,1174.42,9244000.0,85.86,8860.0,16.19,75028.0
2014-11-01,1393/08/10,920966.0,32539.0,1174.42,9150000.0,85.86,8920.0,16.19,75368.6
2014-11-05,1393/08/14,918492.0,32500.0,1141.4,9033000.0,82.86,8960.0,15.37,76166.6
2014-11-08,1393/08/17,929450.0,32480.0,1176.65,9075000.0,83.39,8930.0,15.76,76553.4
2014-11-09,1393/08/18,922530.0,32540.0,1176.65,9030000.0,82.34,8900.0,15.76,76560.8
2014-11-10,1393/08/19,921380.0,32580.0,1150.6,9000000.0,81.67,8900.0,15.61,76708.0
2014-11-11,1393/08/20,924840.0,32580.0,1164.8,9060000.0,80.38,8900.0,15.73,76589.4
2014-11-12,1393/08/21,926404.0,32560.0,1160.92,9045000.0,77.92,8890.0,15.66,76589.4
2014-11-15,1393/08/24,936370.0,32470.0,1188.25,9140000.0,79.41,8890.0,16.3,75930.8
2014-11-16,1393/08/25,935220.0,32460.0,1188.25,9140000.0,79.31,8880.0,16.3,75965.9
2014-11-17,1393/08/26,938680.0,32560.0,1186.55,9170000.0,78.47,8910.0,16.15,75409.4
2014-11-18,1393/08/27,939830.0,32500.0,1197.55,9170000.0,78.1,8890.0,16.21,75248.4
2014-11-19,1393/08/28,936370.0,32530.0,1183.3,9148000.0,79.33,8884.0,16.15,75248.4
2014-11-22,1393/09/01,936370.0,32400.0,1201.4,9150000.0,80.36,8880.0,16.44,75389.6
2014-11-23,1393/09/02,944440.0,32560.0,1201.4,9220000.0,79.68,8900.0,16.44,75949.0
2014-11-24,1393/09/03,947900.0,32620.0,1197.4,9290000.0,78.33,8930.0,16.48,74740.9
2014-11-25,1393/09/04,958280.0,32900.0,1201.1899,9380000.0,77.75,9000.0,16.7,74076.1
2014-11-26,1393/09/05,966188.0,33190.0,1197.9,9415100.0,72.58,9130.0,16.5,74076.1
2014-11-29,1393/09/08,976730.0,34610.0,1167.35,9550000.0,70.15,9500.0,15.46,72189.5
2014-11-30,1393/09/09,972120.0,33670.0,1167.35,9510000.0,72.54,9350.0,15.46,72120.7
2014-12-01,1393/09/10,977880.0,33580.0,1210.9,9555000.0,70.54,9200.0,16.47,72258.5
2014-12-02,1393/09/11,976730.0,33670.0,1199.01,9560000.0,69.92,9220.0,16.48,71860.2
2014-12-03,1393/09/12,972798.0,33700.0,1209.64,9548700.0,69.64,9180.0,16.41,71860.2
2014-12-06,1393/09/15,979040.0,34160.0,1192.05,9570000.0,69.07,9250.0,16.3,71170.0
2014-12-07,1393/09/16,983650.0,34250.0,1192.05,9630000.0,66.19,9300.0,16.3,71376.6
2014-12-08,1393/09/17,991720.0,34010.0,1203.2,9680000.0,66.84,9370.0,16.35,71381.7
2014-12-09,1393/09/18,1000950.0,34190.0,1230.85,9810000.0,64.24,9350.0,17.09,71043.0
2014-12-10,1393/09/19,1003810.0,34220.0,1226.75,9800000.0,63.68,9360.0,17.08,71043.0
2014-12-14,1393/09/23,1014790.0,34100.0,1222.6,9960000.0,61.06,9570.0,17.03,69542.6
2014-12-15,1393/09/24,1014790.0,34800.0,1192.6,9970000.0,59.86,9550.0,16.16,69608.6
2014-12-16,1393/09/25,1010170.0,34930.0,1196.6,9905000.0,61.18,9590.0,15.71,69494.8
2014-12-17,1393/09/26,1013280.0,35000.0,1188.7,9954000.0,59.27,9640.0,15.74,69494.8
2014-12-19,1393/09/28,1010983.0,34940.0,1195.95,9954000.0,61.38,9671.0,16.07,69537.5
2014-12-21,1393/09/30,1010170.0,35070.0,1195.95,9935000.0,60.11,9760.0,16.07,70094.4
2014-12-24,1393/10/03,1011836.0,35590.0,1173.8,9895000.0,60.24,9782.0,15.72,70153.5
2014-12-27,1393/10/06,1017090.0,35530.0,1195.4,9955000.0,59.45,9750.0,16.06,69625.5
2014-12-28,1393/10/07,1012480.0,35490.0,1195.4,9900000.0,57.88,9750.0,16.06,69272.6
2014-12-29,1393/10/08,1006710.0,35210.0,1183.1,9840000.0,57.9,9740.0,15.79,69254.5
2014-12-30,1393/10/09,1005560.0,35010.0,1200.24,9830000.0,57.33,9560.0,16.3,68973.1
2014-12-31,1393/10/10,998787.0,35010.0,1183.95,9779000.0,57.33,9550.0,15.71,68973.1
2015-01-03,1393/10/13,1004410.0,35210.0,1189.1801,9815000.0,56.42,9650.0,15.77,68650.6
2015-01-04,1393/10/14,1003250.0,35120.0,1189.1801,9805000.0,53.11,9580.0,15.77,68232.1
2015-01-05,1393/10/15,1012480.0,35240.0,1204.45,9935000.0,51.1,9620.0,16.19,67471.0
2015-01-06,1393/10/16,1014790.0,35130.0,1219.2,9935000.0,51.15,9640.0,16.56,66902.0
2015-01-07,1393/10/17,1015659.0,35000.0,1210.8,9909500.0,50.96,9592.0,16.53,66902.0
2015-01-10,1393/10/20,1012480.0,34860.0,1223.4,9925000.0,50.11,9580.0,16.54,65512.8
2015-01-11,1393/10/21,1010170.0,34700.0,1223.4,9880000.0,47.43,9530.0,16.54,66000.1
2015-01-12,1393/10/22,1011330.0,34500.0,1233.64,9915000.0,46.59,9460.0,16.58,65929.1
2015-01-13,1393/10/23,1011330.0,34520.0,1230.88,9935000.0,48.69,9450.0,17.05,65939.1
2015-01-14,1393/10/24,1034080.0,34500.0,1229.95,10101000.0,47.67,9450.0,16.85,65939.1
2015-01-17,1393/10/27,1044770.0,34670.0,1280.3,10260000.0,50.17,9460.0,17.77,66319.2
2015-01-18,1393/10/28,1055150.0,35140.0,1280.3,10360000.0,48.84,9610.0,17.77,65835.0
2015-01-19,1393/10/29,1056300.0,34740.0,1277.08,10380000.0,47.99,9530.0,17.7,65564.7
2015-01-20,1393/10/30,1066680.0,34610.0,1293.9399,10445000.0,49.03,9480.0,17.98,65028.9
2015-01-21,1393/11/01,1055007.0,34515.0,1293.4399,10387000.0,48.52,9490.0,18.13,65028.9
2015-01-24,1393/11/04,1059760.0,34650.0,1294.55,10420000.0,48.79,9480.0,18.29,65105.0
2015-01-25,1393/11/05,1057450.0,34690.0,1294.55,10390000.0,48.16,9510.0,18.29,65110.8
2015-01-26,1393/11/06,1055150.0,34600.0,1281.24,10355000.0,49.6,9490.0,17.92,65127.7
2015-01-27,1393/11/07,1056300.0,34560.0,1292.35,10390000.0,48.47,9470.0,18.07,65256.1
2015-01-28,1393/11/08,1050472.0,34568.0,1285.1,10331000.0,49.13,9475.0,17.98,65256.1
2015-01-31,1393/11/11,1047070.0,34550.0,1283.55,10320000.0,52.99,9460.0,17.26,65544.7
2015-02-01,1393/11/12,1037850.0,34560.0,1283.55,10240000.0,54.75,9460.0,17.26,65556.0
2015-02-02,1393/11/13,1041310.0,34560.0,1275.4399,10260000.0,57.91,9460.0,17.23,65597.4
2015-02-03,1393/11/14,1032080.0,34430.0,1260.2,10140000.0,54.16,9440.0,17.3,65771.6
2015-02-04,1393/11/15,1007159.0,34274.0,1270.05,9933000.0,56.57,9409.0,17.38,65771.6
2015-02-07,1393/11/18,1000950.0,34090.0,1233.72,9840000.0,57.8,9340.0,16.73,65366.3
2015-02-08,1393/11/19,1012480.0,34310.0,1233.72,9910000.0,58.34,9380.0,16.73,64917.5
2015-02-09,1393/11/20,1009903.0,34290.0,1239.6801,9927000.0,56.43,9374.0,17.02,64840.9
2015-02-11,1393/11/22,1012916.0,34306.0,1219.16,9934000.0,57.05,9396.0,16.8,64840.9
2015-02-14,1393/11/25,1013630.0,34300.0,1229.7,9950000.0,61.52,9380.0,17.34,64926.8
2015-02-15,1393/11/26,1010170.0,34220.0,1229.7,9890000.0,61.4,9360.0,17.34,64993.6
2015-02-16,1393/11/27,994030.0,34020.0,1231.47,9750000.0,62.53,9340.0,17.28,64811.2
2015-02-17,1393/11/28,996340.0,34140.0,1209.4,9830000.0,60.53,9340.0,16.52,64720.0
2015-02-18,1393/11/29,990564.0,34127.0,1212.99,9832000.0,60.21,9352.0,16.5,64720.0
2015-02-21,1393/12/02,995180.0,34220.0,1202.39,9795000.0,60.22,9350.0,16.27,64719.9
2015-02-22,1393/12/03,994030.0,34350.0,1202.39,9815000.0,58.9,9420.0,16.27,64678.4
2015-02-23,1393/12/04,996340.0,34340.0,1201.92,9875000.0,58.66,9420.0,16.33,64525.8
2015-02-24,1393/12/05,1006710.0,34360.0,1199.89,9955000.0,61.63,9430.0,16.26,64051.7
2015-02-25,1393/12/06,1007982.0,34350.0,1204.8,9922000.0,60.05,9394.0,16.57,64051.7
2015-02-28,1393/12/09,1006710.0,34260.0,1213.15,9880000.0,62.58,9380.0,16.62,63860.1
2015-03-01,1393/12/10,1007870.0,34250.0,1213.15,9900000.0,59.54,9370.0,16.62,63954.8
2015-03-02,1393/12/11,1002100.0,34170.0,1207.1,9820000.0,61.02,9350.0,16.4,63996.0
2015-03-03,1393/12/12,1002100.0,34200.0,1203.8,9820000.0,60.55,9340.0,16.28,64014.9
2015-03-04,1393/12/13,983675.0,34032.0,1199.85,9786000.0,60.48,9314.0,16.23,64014.9
2015-03-07,1393/12/16,976730.0,34060.0,1167.21,9630000.0,59.73,9300.0,15.89,63806.7
2015-03-08,1393/12/17,976730.0,33960.0,1167.21,9595000.0,58.53,9310.0,15.89,63846.7
2015-03-09,1393/12/18,967510.0,33840.0,1167.3,9550000.0,56.39,9270.0,15.77,63853.4
2015-03-10,1393/12/19,949060.0,33360.0,1161.9301,9415000.0,57.54,9200.0,15.65,64070.7
2015-03-11,1393/12/20,932194.0,33240.0,1154.8,9175000.0,57.08,9003.0,15.5,64070.7
2015-03-14,1393/12/23,924840.0,32410.0,1159.48,9120000.0,54.67,8930.0,15.66,64980.6
2015-03-15,1393/12/24,936370.0,32810.0,1159.48,9220000.0,53.44,9050.0,15.66,65122.8
2015-03-16,1393/12/25,945600.0,33530.0,1154.59,9350000.0,53.51,9150.0,15.66,61532.9
2015-03-17,1393/12/26,947900.0,33490.0,1149.3,9330000.0,55.91,9160.0,15.56,62531.8
2015-03-18,1393/12/27,972280.0,33436.0,1167.25,9470000.0,54.43,9128.0,15.93,62531.8
2015-03-25,1394/01/05,974830.0,33225.0,1195.45,9490000.0,59.19,9123.0,16.98,62885.0
2015-03-28,1394/01/08,955970.0,33100.0,1199.3,9340000.0,56.41,9130.0,16.98,65099.9
2015-03-29,1394/01/09,962861.0,33240.0,1199.3,9380000.0,56.29,9130.0,16.98,65175.1
2015-03-30,1394/01/10,962100.0,33070.0,1186.2,9390000.0,55.11,9068.0,16.7,65728.0
2015-04-04,1394/01/15,980190.0,32840.0,1210.9,9585000.0,54.95,8970.0,17.12,70261.7
2015-04-05,1394/01/16,982500.0,32860.0,1210.9,9600000.0,58.12,8980.0,17.12,70843.9
2015-04-06,1394/01/17,980190.0,33140.0,1214.7,9620000.0,59.1,9020.0,16.99,70159.9
2015-04-07,1394/01/18,977880.0,32930.0,1208.6,9550000.0,55.55,9040.0,16.85,70684.7
2015-04-08,1394/01/19,975232.0,33400.0,1202.8,9677000.0,56.57,9046.0,16.49,70684.7
2015-04-11,1394/01/22,999790.0,33390.0,1208.05,9770000.0,57.87,9200.0,16.47,68783.9
2015-04-12,1394/01/23,990570.0,33380.0,1208.05,9715000.0,57.93,9140.0,16.47,68454.1
2015-04-13,1394/01/24,984800.0,33450.0,1198.85,9630000.0,58.43,9120.0,16.35,68465.3
2015-04-14,1394/01/25,988260.0,33580.0,1193.58,9665000.0,60.32,9190.0,16.17,68078.8
2015-04-15,1394/01/26,987634.0,33480.0,1202.05,9650000.0,63.98,9148.0,16.34,68078.8
2015-04-18,1394/01/29,990570.0,33390.0,1204.65,9705000.0,63.45,9130.0,16.26,67378.8
2015-04-19,1394/01/30,985960.0,33390.0,1204.65,9630000.0,63.45,9130.0,16.26,67016.7
2015-04-20,1394/01/31,983650.0,33390.0,1196.5,9630000.0,62.08,9140.0,15.95,66828.6
2015-04-21,1394/02/01,984800.0,33360.0,1202.6801,9630000.0,62.73,9130.0,16.02,66569.2
2015-04-22,1394/02/02,970264.0,33330.0,1187.3,9507000.0,64.85,9120.0,15.82,66569.2
2015-04-25,1394/02/05,972120.0,33300.0,1179.38,9520000.0,65.28,9090.0,15.74,66208.9
2015-04-26,1394/02/06,972120.0,33350.0,1179.38,9530000.0,64.83,9120.0,15.74,65576.8
2015-04-27,1394/02/07,975580.0,33380.0,1202.0,9575000.0,64.64,9110.0,16.41,65508.2
2015-04-28,1394/02/08,979040.0,33360.0,1212.1,9570000.0,65.84,9120.0,16.63,65634.1
2015-04-29,1394/02/09,977795.0,33390.0,1204.8,9566000.0,66.78,9116.0,16.63,65634.1
2015-05-03,1394/02/13,967510.0,33250.0,1178.5,9465000.0,66.45,9100.0,16.16,64415.8
2015-05-04,1394/02/14,965200.0,33270.0,1188.25,9445000.0,67.52,9075.0,16.41,64168.1
2015-05-05,1394/02/15,965200.0,33300.0,1193.33,9460000.0,67.77,9075.0,16.55,64069.2
2015-05-06,1394/02/16,960666.0,33290.0,1191.8,9411000.0,65.54,9085.0,16.52,64069.2
2015-05-09,1394/02/19,957130.0,33180.0,1188.15,9375000.0,65.39,9064.0,16.47,62885.9
2015-05-10,1394/02/20,955970.0,33160.0,1188.15,9345000.0,64.91,9064.0,16.47,63069.8
2015-05-11,1394/02/21,950210.0,33160.0,1184.2,9340000.0,66.86,9060.0,16.31,63316.0
2015-05-12,1394/02/22,959430.0,33190.0,1193.5,9440000.0,66.81,9080.0,16.58,63531.4
2015-05-13,1394/02/23,969198.0,33200.0,1215.73,9490000.0,66.59,9076.0,17.17,63531.4
2015-05-17,1394/02/27,968660.0,33070.0,1223.85,9480000.0,66.27,9050.0,17.55,63522.8
2015-05-18,1394/02/28,959430.0,32980.0,1225.74,9410000.0,64.02,9040.0,17.7,63644.3
2015-05-19,1394/02/29,959430.0,32830.0,1207.51,9410000.0,65.03,9010.0,17.07,63703.1
2015-05-20,1394/02/30,955524.0,32887.0,1209.28,9341200.0,66.54,9034.0,17.11,63703.1
2015-05-23,1394/03/02,954820.0,32950.0,1206.38,9345000.0,65.37,9049.0,17.15,63363.8
2015-05-24,1394/03/03,953670.0,32930.0,1206.38,9330000.0,65.52,9050.0,17.15,63496.5
2015-05-25,1394/03/04,950210.0,33000.0,1207.17,9305000.0,63.72,9050.0,17.15,63419.1
2015-05-26,1394/03/05,947900.0,33000.0,1187.3,9280000.0,62.06,9061.0,16.76,63402.1
2015-05-27,1394/03/06,951360.0,33016.0,1188.15,9318000.0,62.58,9063.0,16.7,63402.1
2015-05-30,1394/03/09,952510.0,33190.0,1190.5,9325000.0,65.56,9090.0,16.74,63227.9
2015-05-31,1394/03/10,951360.0,33130.0,1190.5,9315000.0,64.88,9090.0,16.74,63227.0
2015-06-01,1394/03/11,941822.0,33127.0,1189.15,9267000.0,65.49,9053.0,16.73,63289.8
2015-06-06,1394/03/16,934060.0,33080.0,1172.0,9160000.0,63.31,9044.0,16.1,63187.3
2015-06-07,1394/03/17,935220.0,33100.0,1172.0,9160000.0,62.69,9044.0,16.1,63124.0
2015-06-08,1394/03/18,939830.0,33080.0,1173.95,9185000.0,64.88,9040.0,15.96,62317.9
2015-06-09,1394/03/19,943290.0,33080.0,1176.7,9230000.0,65.7,9050.0,15.96,62322.2
2015-06-10,1394/03/20,934737.0,33050.0,1186.48,9100200.0,65.11,9039.0,16.02,62322.2
2015-06-13,1394/03/23,930600.0,32920.0,1180.8,9070000.0,63.87,9000.0,15.95,62653.3
2015-06-14,1394/03/24,923690.0,32820.0,1180.8,9050000.0,62.61,8970.0,15.95,62573.7
2015-06-15,1394/03/25,921380.0,32850.0,1186.4,9070000.0,63.7,8970.0,16.13,62558.9
2015-06-16,1394/03/26,920230.0,32850.0,1181.86,9030000.0,63.87,8970.0,16.03,63559.7
2015-06-17,1394/03/27,927697.0,32776.0,1185.45,9154000.0,64.26,8937.0,16.13,63559.7
2015-06-20,1394/03/30,925990.0,32720.0,1200.51,9105000.0,63.02,8920.0,16.11,63810.7
2015-06-21,1394/03/31,920690.0,32620.0,1200.51,9070000.0,63.34,8900.0,16.11,64276.5
2015-06-22,1394/04/01,918840.0,32660.0,1185.45,9035000.0,64.45,8880.0,16.14,64839.5
2015-06-23,1394/04/02,922530.0,32750.0,1178.4399,9085000.0,63.49,8930.0,15.8,64857.6
2015-06-24,1394/04/03,924171.0,32964.0,1175.2,9090000.0,63.2,8973.0,15.95,64857.6
2015-06-27,1394/04/06,928760.0,33000.0,1175.0699,9120000.0,63.26,9050.0,15.8,64301.4
2015-06-28,1394/04/07,927380.0,33000.0,1175.0699,9080000.0,62.01,9020.0,15.8,64332.9
2015-06-29,1394/04/08,923460.0,32990.0,1180.36,9050000.0,63.59,9020.0,15.79,64922.6
2015-06-30,1394/04/09,922990.0,33090.0,1172.6,9021000.0,62.01,9030.0,15.78,64861.8
2015-07-01,1394/04/10,913401.0,32975.0,1168.8,8942000.0,62.07,8900.0,15.57,64861.8
2015-07-04,1394/04/13,908690.0,32950.0,1167.9399,8870000.0,60.32,8930.0,15.71,65780.1
2015-07-05,1394/04/14,896010.0,32720.0,1167.9399,8750000.0,56.54,8890.0,15.71,66019.9
2015-07-06,1394/04/15,892780.0,32449.0,1170.15,8735000.0,56.85,8835.0,15.75,66761.4
2015-07-07,1394/04/16,893930.0,32449.0,1155.55,8755000.0,57.05,8835.0,15.08,66761.4
2015-07-08,1394/04/17,903115.0,32380.0,1158.28,8759000.0,58.61,8840.0,15.16,66761.4
2015-07-11,1394/04/20,886090.0,32500.0,1163.96,8655000.0,58.73,8800.0,15.63,67646.4
2015-07-12,1394/04/21,891860.0,32140.0,1163.96,8755000.0,57.85,8750.0,15.63,69194.5
2015-07-13,1394/04/22,906390.0,32160.0,1158.0,8915000.0,58.51,8740.0,15.53,69433.5
2015-07-14,1394/04/23,905470.0,32180.0,1155.53,8880000.0,57.05,8850.0,15.38,68827.7
2015-07-15,1394/04/24,895375.0,32300.0,1149.65,8633000.0,57.51,8838.0,15.12,68827.7
2015-07-20,1394/04/29,886320.0,32350.0,1096.95,8675000.0,57.04,8830.0,14.68,68050.7
2015-07-21,1394/04/30,877330.0,32390.0,1101.41,8610000.0,56.13,8850.0,14.86,67643.9
2015-07-22,1394/04/31,889643.0,32485.0,1093.45,8728600.0,55.27,8936.0,14.81,67643.9
2015-07-25,1394/05/03,893930.0,32950.0,1099.1,8730000.0,54.62,9000.0,14.68,66977.4
2015-07-26,1394/05/04,893470.0,32900.0,1099.1,8764000.0,53.47,8980.0,14.68,66441.4
2015-07-27,1394/05/05,893010.0,32980.0,1094.42,8800000.0,53.3,9000.0,14.57,66489.5
2015-07-28,1394/05/06,894860.0,33030.0,1095.35,8770000.0,53.38,9000.0,14.7,66780.7
2015-07-29,1394/05/07,894556.0,33100.0,1096.6899,8756000.0,53.31,9000.0,14.77,66780.7
2015-08-01,1394/05/10,894630.0,33150.0,1095.65,8785000.0,52.21,9050.0,14.82,66530.5
2015-08-02,1394/05/11,892320.0,33160.0,1095.65,8750000.0,49.52,9040.0,14.82,66626.7
2015-08-03,1394/05/12,893240.0,33240.0,1086.5,8740000.0,49.99,9060.0,14.51,66445.7
2015-08-04,1394/05/13,890710.0,33270.0,1087.45,8710000.0,49.59,9108.0,14.61,66451.0
2015-08-05,1394/05/14,895470.0,33376.0,1085.05,8725400.0,49.52,9093.0,14.59,66451.0
2015-08-08,1394/05/17,893700.0,33390.0,1094.2,8755000.0,48.61,9110.0,14.88,65973.5
2015-08-09,1394/05/18,912995.0,33375.0,1094.2,8887000.0,50.41,9110.0,14.88,65903.1
2015-08-12,1394/05/21,907848.0,33428.0,1125.3,8868000.0,49.22,9140.0,15.54,65703.3
2015-08-15,1394/05/24,911230.0,33410.0,1114.11,8910000.0,49.03,9120.0,15.25,65239.9
2015-08-16,1394/05/25,914000.0,33410.0,1114.11,8935000.0,48.74,9140.0,15.25,65302.5
2015-08-17,1394/05/26,914000.0,33550.0,1117.66,8930000.0,48.81,9180.0,15.34,65189.4
2015-08-18,1394/05/27,921380.0,33460.0,1118.01,9000000.0,47.16,9184.0,14.89,65218.3
2015-08-19,1394/05/28,938092.0,33482.0,1134.46,9403800.0,46.62,9186.0,15.32,65218.3
2015-08-22,1394/05/31,958050.0,33500.0,1161.05,9380000.0,45.46,9200.0,15.34,64881.4
2015-08-23,1394/06/01,958280.0,33550.0,1161.05,9355000.0,42.69,9210.0,15.34,64651.6
2015-08-24,1394/06/02,946060.0,33650.0,1155.05,9255000.0,43.21,9250.0,14.81,64197.3
2015-08-25,1394/06/03,934760.0,33630.0,1140.65,9160000.0,43.14,9380.0,14.72,64206.2
2015-08-26,1394/06/04,931620.0,33558.0,1125.55,9108000.0,47.56,9329.0,14.13,64206.2
2015-08-29,1394/06/07,940980.0,33670.0,1133.96,9190000.0,50.05,9332.0,14.61,64467.3
2015-08-30,1394/06/08,940520.0,33770.0,1133.96,9200000.0,54.15,9340.0,14.61,64225.8
2015-08-31,1394/06/09,947670.0,34000.0,1134.5,9275000.0,49.56,9400.0,14.62,64251.0
2015-09-01,1394/06/10,941440.0,33980.0,1140.11,9185000.0,50.5,9470.0,14.6,64276.2
2015-09-02,1394/06/11,939154.0,33836.0,1134.05,9194900.0,50.68,9400.0,14.72,64276.2
2015-09-05,1394/06/14,940980.0,33970.0,1123.0,9205000.0,49.61,9390.0,14.59,64506.6
2015-09-06,1394/06/15,937060.0,33890.0,1123.0,9150000.0,47.63,9418.0,14.59,64518.4
2015-09-07,1394/06/16,941680.0,33830.0,1119.47,9195000.0,49.52,9418.0,14.58,64511.7
2015-09-08,1394/06/17,934060.0,33850.0,1121.8,9145000.0,47.58,9400.0,14.85,63467.7
2015-09-09,1394/06/18,933241.0,33876.0,1106.1,9116000.0,48.89,9471.0,14.65,63467.7
2015-09-12,1394/06/21,932450.0,33980.0,1107.9,9115000.0,48.14,9500.0,14.63,62958.2
2015-09-13,1394/06/22,932910.0,34200.0,1107.9,9115000.0,46.37,9550.0,14.63,62993.0
2015-09-14,1394/06/23,930840.0,33950.0,1108.8,9095000.0,46.63,9560.0,14.44,62536.5
2015-09-15,1394/06/24,932910.0,33930.0,1105.4,9115000.0,49.75,9500.0,14.42,62264.5
2015-09-16,1394/06/25,933538.0,33850.0,1119.55,9140000.0,49.08,9447.0,14.91,62264.5
2015-09-19,1394/06/28,937990.0,33830.0,1139.4,9165000.0,47.47,9400.0,15.19,61553.2
2015-09-20,1394/06/29,935220.0,33720.0,1139.4,9155000.0,48.92,9380.0,15.19,61328.0
2015-09-21,1394/06/30,931300.0,33880.0,1133.3,9080000.0,49.08,9380.0,15.2,61576.8
2015-09-22,1394/06/31,932450.0,33846.0,1124.8,9100000.0,47.75,9373.0,14.77,61686.0
2015-09-23,1394/07/01,943520.0,33846.0,1130.4,9200000.0,48.17,9373.0,14.79,61686.0
2015-09-26,1394/07/04,943060.0,33930.0,1146.24,9220000.0,48.6,9400.0,15.1,61563.0
2015-09-27,1394/07/05,940750.0,33920.0,1146.24,9185000.0,47.34,9460.0,15.1,61568.9
2015-09-28,1394/07/06,943750.0,34090.0,1132.05,9220000.0,48.23,9450.0,14.59,61578.8
2015-09-29,1394/07/07,937060.0,34090.0,1127.46,9160000.0,48.37,9520.0,14.65,61498.3
2015-09-30,1394/07/08,940660.0,34062.0,1115.0,9208300.0,47.69,9490.0,14.54,61498.3
2015-10-03,1394/07/11,944670.0,33950.0,1138.14,9215000.0,48.13,9450.0,15.27,61163.7
2015-10-04,1394/07/12,943750.0,33990.0,1138.14,9230000.0,49.25,9500.0,15.27,61233.6
2015-10-05,1394/07/13,949980.0,33990.0,1135.75,9285000.0,51.92,9560.0,15.63,61209.8
2015-10-06,1394/07/14,956210.0,33990.0,1147.11,9345000.0,51.33,9540.0,15.9,61389.8
2015-10-07,1394/07/15,958843.0,33980.0,1145.4,9349000.0,53.05,9529.0,16.1,61389.8
2015-10-10,1394/07/18,964510.0,33900.0,1157.53,9425000.0,52.65,9520.0,15.84,61287.1
2015-10-11,1394/07/19,962660.0,33890.0,1157.53,9415000.0,49.86,9530.0,15.84,61296.6
2015-10-12,1394/07/20,961050.0,33880.0,1164.0,9400000.0,49.24,9500.0,15.84,61434.4
2015-10-13,1394/07/21,968660.0,33890.0,1168.8,9500000.0,49.15,9530.0,15.93,61973.3
2015-10-14,1394/07/22,969365.0,33880.0,1185.1899,9501000.0,48.71,9500.0,16.15,61973.3
2015-10-17,1394/07/25,961280.0,33870.0,1177.2,9485000.0,50.46,9480.0,16.06,63071.4
2015-10-18,1394/07/26,954130.0,33810.0,1177.2,9395000.0,48.61,9440.0,16.06,63126.7
2015-10-19,1394/07/27,959900.0,33810.0,1170.45,9435000.0,48.71,9440.0,15.85,63142.0
2015-10-20,1394/07/28,956670.0,33830.0,1176.11,9410000.0,47.85,9450.0,15.91,63175.0
2015-10-21,1394/07/29,958597.0,33850.0,1167.1,9415000.0,48.08,9470.0,15.71,63175.0
2015-10-25,1394/08/03,960130.0,33880.0,1164.26,9430000.0,47.54,9500.0,15.83,62803.3
2015-10-26,1394/08/04,962430.0,33890.0,1163.2,9465000.0,46.81,9530.0,15.86,62923.0
2015-10-27,1394/08/05,968660.0,33900.0,1166.95,9535000.0,49.05,9552.0,15.88,62923.7
2015-10-28,1394/08/06,956480.0,33890.0,1156.1,9411000.0,48.8,9557.0,15.94,62923.7
2015-10-31,1394/08/09,955500.0,33950.0,1142.38,9365000.0,49.56,9560.0,15.54,62942.7
2015-11-01,1394/08/10,952100.0,33940.0,1142.38,9340000.0,48.79,9550.0,15.54,62855.7
2015-11-02,1394/08/11,949800.0,33940.0,1133.75,9300000.0,50.54,9577.0,15.42,62811.6
2015-11-03,1394/08/12,941400.0,33930.0,1117.6,9220000.0,48.58,9577.0,15.29,62927.4
2015-11-04,1394/08/13,929940.0,33902.0,1107.4399,9093000.0,47.98,9590.0,15.06,62927.4
2015-11-07,1394/08/16,929500.0,33950.0,1088.64,9100000.0,47.42,9660.0,14.76,62999.2
2015-11-08,1394/08/17,934800.0,33960.0,1088.64,9155000.0,47.19,9760.0,14.76,63035.7
2015-11-09,1394/08/18,933800.0,33950.0,1092.1,9150000.0,47.44,9730.0,14.56,63044.3
2015-11-10,1394/08/19,931100.0,33940.0,1089.91,9150000.0,45.81,9720.0,14.43,63056.4
2015-11-11,1394/08/20,930100.0,33930.0,1086.14,9145000.0,44.06,9750.0,14.31,63056.4
2015-11-12,1394/08/21,932910.0,35750.0,1085.05,9130000.0,43.61,9750.0,14.3,63056.4
2015-11-14,1394/08/23,932900.0,33940.0,1083.64,9180000.0,43.61,9807.0,14.26,63083.5
2015-11-15,1394/08/24,931500.0,33940.0,1083.64,9160000.0,44.56,9780.0,14.26,63091.7
2015-11-16,1394/08/25,921800.0,33940.0,1082.85,9080000.0,43.57,9770.0,14.25,63013.6
2015-11-17,1394/08/26,921200.0,33930.0,1070.37,9065000.0,44.14,9770.0,14.2,62871.3
2015-11-18,1394/08/27,925580.0,33930.0,1071.14,9102100.0,44.18,9820.0,14.19,62871.3
2015-11-21,1394/08/30,922300.0,33940.0,1078.1,9080000.0,44.66,9840.0,14.2,62923.9
2015-11-22,1394/09/01,920000.0,33940.0,1078.1,9035000.0,44.83,9820.0,14.2,62795.7
2015-11-23,1394/09/02,923200.0,33980.0,1069.34,9080000.0,46.12,9840.0,14.14,62720.9
2015-11-24,1394/09/03,926200.0,33990.0,1075.49,9105000.0,46.17,9800.0,14.21,62734.6
2015-11-25,1394/09/04,926020.0,33920.0,1071.39,9086400.0,45.46,9943.0,14.18,62734.6
2015-11-28,1394/09/07,927600.0,33990.0,1058.8101,9085000.0,44.86,10000.0,14.1,62639.1
2015-11-29,1394/09/08,927200.0,33990.0,1058.8101,9110000.0,44.61,9950.0,14.1,62647.7
2015-11-30,1394/09/09,931120.0,33981.0,1064.42,9130400.0,44.44,9000.0,14.09,62550.0
2015-12-02,1394/09/11,934920.0,33970.0,1053.6899,9180800.0,43.84,9938.0,14.02,62550.0
2015-12-05,1394/09/14,941000.0,33970.0,1086.99,9210000.0,43.0,9960.0,14.55,62420.2
2015-12-06,1394/09/15,940500.0,33960.0,1086.99,9215000.0,40.73,9970.0,14.55,62374.8
2015-12-07,1394/09/16,938700.0,33960.0,1070.39,9200000.0,40.26,9970.0,14.24,62392.4
2015-12-08,1394/09/17,938000.0,35602.0,1074.6899,9200000.0,40.11,10000.0,14.16,62409.8
2015-12-09,1394/09/18,937500.0,35602.0,1073.21,9195000.0,39.73,10000.0,14.16,62409.8
2015-12-13,1394/09/22,935000.0,33940.0,1074.89,9165000.0,37.92,9950.0,13.93,62216.3
2015-12-14,1394/09/23,927800.0,33940.0,1062.9,9080000.0,38.45,9960.0,13.71,62233.3
2015-12-15,1394/09/24,935000.0,33970.0,1060.74,9145000.0,37.19,9970.0,13.77,62147.3
2015-12-16,1394/09/25,932530.0,33864.0,1072.9399,9134000.0,37.06,9983.0,14.18,62147.3
2015-12-19,1394/09/28,935000.0,33850.0,1066.1899,9175000.0,36.88,9960.0,14.09,61501.5
2015-12-21,1394/09/30,943300.0,33860.0,1078.4399,9255000.0,36.11,9990.0,14.27,61414.2
2015-12-22,1394/10/01,947900.0,33870.0,1072.36,9285000.0,37.36,10020.0,14.26,61420.7
2015-12-23,1394/10/02,958030.0,33854.0,1070.35,9354000.0,37.89,10080.0,14.31,61420.7
2015-12-26,1394/10/05,961100.0,33800.0,1075.88,9420000.0,37.89,10070.0,14.37,61455.3
2015-12-27,1394/10/06,953000.0,33820.0,1075.88,9345000.0,36.62,10100.0,14.37,61469.3
2015-12-28,1394/10/07,954600.0,33820.0,1069.05,9355000.0,37.79,10100.0,13.94,61469.3
2015-12-30,1394/10/09,953790.0,33850.0,1061.45,9316400.0,37.28,10090.0,13.88,61691.0
2016-01-02,1394/10/12,953600.0,33840.0,1060.74,9340000.0,37.28,10072.0,13.81,61710.2
2016-01-03,1394/10/13,961300.0,33890.0,1060.74,9400000.0,37.22,10080.0,13.81,61728.1
2016-01-04,1394/10/14,960600.0,33940.0,1074.7,9400000.0,36.42,10100.0,13.88,62055.9
2016-01-05,1394/10/15,967300.0,33940.0,1077.66,9460000.0,34.23,10150.0,13.98,62632.8
2016-01-06,1394/10/16,983240.0,33981.0,1094.45,9598000.0,33.75,10127.0,14.01,62632.8
2016-01-09,1394/10/19,981300.0,33950.0,1104.24,9600000.0,33.55,10200.0,13.95,62461.0
2016-01-10,1394/10/20,967500.0,33890.0,1104.24,9485000.0,31.55,10150.0,13.95,62788.7
2016-01-11,1394/10/21,954600.0,33880.0,1094.26,9385000.0,30.86,10080.0,13.86,62841.2
2016-01-12,1394/10/22,954600.0,33870.0,1087.05,9345000.0,30.31,10060.0,13.8,63516.9
2016-01-13,1394/10/23,937580.0,33846.0,1093.49,9248200.0,31.03,9000.0,14.14,63516.9
2016-01-16,1394/10/26,945100.0,33840.0,1089.1,9270000.0,28.94,9940.0,13.93,65424.1
2016-01-17,1394/10/27,938000.0,33840.0,1089.1,9200000.0,28.55,9900.0,13.93,65119.5
2016-01-18,1394/10/28,933600.0,33830.0,1088.9,9200000.0,28.76,9850.0,13.96,66118.1
2016-01-19,1394/10/29,942100.0,33840.0,1087.12,9300000.0,27.88,9930.0,14.02,66562.5
2016-01-20,1394/10/30,949010.0,33843.0,1101.02,9392600.0,29.25,9986.0,14.16,66562.5
2016-01-23,1394/11/03,948800.0,33870.0,1098.3,9360000.0,32.18,10030.0,14.03,67740.1
2016-01-24,1394/11/04,956700.0,33850.0,1098.3,9445000.0,30.5,10030.0,14.03,68857.5
2016-01-25,1394/11/05,972400.0,33850.0,1108.05,9550000.0,31.8,10030.0,14.24,70999.5
2016-01-26,1394/11/06,965400.0,33840.0,1120.5699,9490000.0,33.1,10022.0,14.5,71011.0
2016-01-27,1394/11/07,961970.0,33838.0,1125.59,9458100.0,33.89,10018.0,14.48,71011.0
2016-01-30,1394/11/10,965900.0,33840.0,1118.04,9490000.0,34.74,9980.0,14.26,71118.8
2016-01-31,1394/11/11,971000.0,33830.0,1118.04,9550000.0,34.24,9960.0,14.26,72912.8
2016-02-01,1394/11/12,969800.0,33830.0,1128.85,9550000.0,32.72,9938.0,14.34,73725.5
2016-02-02,1394/11/13,974700.0,33820.0,1129.12,9585000.0,35.04,9927.0,14.31,73684.0
2016-02-03,1394/11/14,979700.0,33817.0,1142.9301,9665000.0,34.46,9920.0,14.68,73684.0
2016-02-04,1394/11/15,982040.0,33817.0,1155.74,9650000.0,34.06,9920.0,14.88,73684.0
2016-02-06,1394/11/17,989000.0,33800.0,1173.6899,9725000.0,34.06,9830.0,15.0,74569.4
2016-02-07,1394/11/18,997300.0,33800.0,1173.6899,9865000.0,32.88,9820.0,15.0,75783.8
2016-02-08,1394/11/19,992400.0,33800.0,1191.14,9795000.0,30.32,9790.0,15.33,78199.1
2016-02-09,1394/11/20,1001640.0,33800.0,1188.85,9915000.0,30.84,9676.0,15.24,77497.9
2016-02-13,1394/11/24,1014800.0,33800.0,1238.05,9995000.0,33.36,9560.0,15.73,76709.5
2016-02-14,1394/11/25,994000.0,33840.0,1238.05,9760000.0,33.39,9550.0,15.73,77377.5
2016-02-15,1394/11/26,993800.0,34430.0,1209.95,9785000.0,32.18,9500.0,15.33,77141.6
2016-02-16,1394/11/27,1001000.0,34620.0,1200.35,9865000.0,34.5,9570.0,15.23,77888.0
2016-02-17,1394/11/28,1001900.0,34492.0,1209.14,9873000.0,34.28,9580.0,15.29,77888.0
2016-02-20,1394/12/01,1006700.0,34500.0,1228.1899,9885000.0,33.01,9530.0,15.36,77234.9
2016-02-21,1394/12/02,997700.0,34540.0,1228.1899,9810000.0,34.69,9550.0,15.36,77587.7
2016-02-22,1394/12/03,1009700.0,34650.0,1208.74,9935000.0,33.27,9560.0,15.19,77704.0
2016-02-23,1394/12/04,1026300.0,34680.0,1227.46,10080000.0,34.41,9600.0,15.31,77840.2
2016-02-24,1394/12/05,1019850.0,34802.0,1229.35,9998000.0,35.29,9597.0,15.25,77840.2
2016-02-27,1394/12/08,1013600.0,34550.0,1222.6,9945000.0,35.1,9570.0,14.71,77733.8
2016-02-28,1394/12/09,1020100.0,34550.0,1222.6,10035000.0,35.97,9520.0,14.71,77539.2
2016-02-29,1394/12/10,1021200.0,34540.0,1238.14,10015000.0,36.81,9540.0,14.89,77648.8
2016-03-01,1394/12/11,1024200.0,34540.0,1232.26,10045000.0,36.93,9520.0,14.84,77697.8
2016-03-02,1394/12/12,1032060.0,34432.0,1240.3,10118000.0,37.07,9479.0,14.95,77697.8
2016-03-05,1394/12/15,1033000.0,34340.0,1259.4399,10115000.0,38.72,9420.0,15.52,78093.0
2016-03-06,1394/12/16,1033900.0,34260.0,1259.4399,10085000.0,40.84,9400.0,15.52,78158.4
2016-03-07,1394/12/17,1033200.0,34080.0,1267.39,10140000.0,39.65,9350.0,15.65,78220.0
2016-03-08,1394/12/18,1032100.0,34240.0,1261.1,10125000.0,41.07,9370.0,15.33,78312.1
2016-03-09,1394/12/19,1033650.0,34308.0,1252.9399,10115700.0,40.05,9418.0,15.29,78312.1
2016-03-11,1394/12/21,1033900.0,34205.0,1248.4399,10105000.0,40.39,9373.0,15.47,79366.5
2016-03-14,1394/12/24,1022200.0,34290.0,1235.28,10065000.0,38.74,9380.0,15.34,80037.5
2016-03-15,1394/12/25,1022200.0,34300.0,1232.38,10130000.0,40.33,9400.0,15.28,80219.4
2016-03-16,1394/12/26,1034820.0,34263.0,1263.08,10137000.0,41.54,9460.0,15.62,80219.4
2016-03-23,1395/01/04,1030149.0,34600.0,1220.17,10077000.0,40.44,9519.0,15.25,81200.3
2016-03-26,1395/01/07,1027700.0,34660.0,1216.47,10070000.0,40.44,9520.0,15.17,81261.0
2016-03-27,1395/01/08,1031900.0,35200.0,1216.47,10090000.0,40.27,9510.0,15.17,80935.7
2016-03-28,1395/01/09,1036500.0,35130.0,1221.05,10135000.0,39.14,9540.0,15.24,80561.3
2016-03-29,1395/01/10,1041500.0,34820.0,1242.55,10190000.0,39.26,9560.0,15.36,81480.4
2016-03-30,1395/01/11,1041100.0,34850.0,1224.85,10190000.0,39.6,9510.0,15.22,81480.4
2016-04-02,1395/01/14,1042200.0,34490.0,1222.49,10185000.0,38.67,9540.0,15.05,80852.7
2016-04-03,1395/01/15,1040200.0,34500.0,1222.49,10160000.0,37.69,9470.0,15.05,80872.1
2016-04-04,1395/01/16,1049600.0,34760.0,1215.4,10290000.0,37.87,9510.0,14.89,80965.8
2016-04-05,1395/01/17,1043600.0,34700.0,1231.14,10230000.0,39.84,9530.0,15.14,80752.7
2016-04-06,1395/01/18,1054630.0,34650.0,1222.35,10271100.0,39.43,9544.0,15.07,80752.7
2016-04-09,1395/01/21,1056800.0,34720.0,1240.39,10320000.0,41.94,9540.0,15.36,80280.7
2016-04-10,1395/01/22,1064800.0,34700.0,1240.39,10425000.0,42.83,9540.0,15.36,80262.4
2016-04-11,1395/01/23,1062500.0,34690.0,1257.95,10390000.0,44.69,9560.0,15.93,80109.3
2016-04-12,1395/01/24,1056800.0,34660.0,1255.9399,10330000.0,44.18,9540.0,16.19,79588.3
2016-04-13,1395/01/25,1048900.0,34640.0,1243.14,10226500.0,43.84,9550.0,16.22,79588.3
2016-04-16,1395/01/28,1048700.0,34550.0,1234.05,10275000.0,43.1,9510.0,16.24,77516.2
2016-04-17,1395/01/29,1043400.0,34510.0,1234.05,10270000.0,42.91,9500.0,16.24,78435.4
2016-04-18,1395/01/30,1050800.0,34640.0,1231.55,10310000.0,44.03,9490.0,16.23,78430.9
2016-04-19,1395/01/31,1048700.0,34583.0,1250.5,10300000.0,45.8,9518.0,16.94,78269.0
2016-04-20,1395/02/01,1049400.0,34583.0,1244.05,10295000.0,44.53,9518.0,16.96,78269.0
2016-04-23,1395/02/04,1042900.0,34690.0,1232.3,10220000.0,45.11,9490.0,16.96,78448.3
2016-04-24,1395/02/05,1042700.0,34670.0,1232.3,10230000.0,44.48,9520.0,16.96,78688.4
2016-04-25,1395/02/06,1044300.0,34600.0,1237.9,10260000.0,45.74,9500.0,17.0,78394.4
2016-04-26,1395/02/07,1046800.0,34600.0,1243.4399,10285000.0,47.18,9500.0,17.17,78404.7
2016-04-27,1395/02/08,1055000.0,34558.0,1246.1,10413000.0,48.14,9483.0,17.24,78404.7
2016-04-30,1395/02/11,1070100.0,34510.0,1293.74,10475000.0,48.13,9479.0,17.84,78384.4
2016-05-01,1395/02/12,1068800.0,34500.0,1293.74,10415000.0,45.83,9479.0,17.84,78285.4
2016-05-02,1395/02/13,1062800.0,34470.0,1291.6,10400000.0,44.97,9460.0,17.54,78044.4
2016-05-03,1395/02/14,1057900.0,34438.0,1286.0,10335000.0,44.62,9422.0,17.43,78033.8
2016-05-04,1395/02/15,1057200.0,34438.0,1279.49,10330000.0,45.01,9422.0,17.37,78033.8
2016-05-07,1395/02/18,1061100.0,34460.0,1288.7,10388000.0,45.37,9430.0,17.47,77045.3
2016-05-08,1395/02/19,1056760.0,34450.0,1288.7,10318000.0,43.63,9430.0,17.47,77106.0
2016-05-09,1395/02/20,1055600.0,34500.0,1263.85,10313000.0,45.52,9440.0,17.03,76630.4
2016-05-10,1395/02/21,1052200.0,34490.0,1266.4,10336000.0,47.6,9440.0,17.12,75982.6
2016-05-11,1395/02/22,1051900.0,34416.0,1277.6899,10263900.0,48.08,9420.0,17.41,75982.6
2016-05-12,1395/02/23,1051700.0,34416.0,1263.49,10263900.0,47.83,9420.0,16.98,75982.6
2016-05-14,1395/02/25,1047300.0,34420.0,1273.6,10281000.0,47.83,9400.0,17.11,75863.2
2016-05-15,1395/02/26,1051700.0,34390.0,1273.6,10270000.0,48.97,9410.0,17.11,75980.5
2016-05-16,1395/02/27,1045900.0,34370.0,1273.86,10243000.0,49.28,9400.0,17.14,76292.9
2016-05-17,1395/02/28,1043200.0,34370.0,1280.0,10246000.0,48.93,9390.0,17.25,76413.3
2016-05-18,1395/02/29,1030260.0,34386.0,1258.3,10108100.0,48.81,9427.0,16.87,76413.3
2016-05-21,1395/03/01,1030000.0,34443.0,1252.3,10094000.0,48.72,9430.0,16.53,76448.3
2016-05-23,1395/03/03,1022200.0,34550.0,1249.24,10062000.0,48.61,9460.0,16.38,76692.8
2016-05-24,1395/03/04,1014800.0,34540.0,1227.0,9988000.0,49.74,9480.0,16.22,76853.0
2016-05-25,1395/03/05,1019750.0,34690.0,1224.1801,10009000.0,49.59,9534.0,16.29,76853.0
2016-05-28,1395/03/08,1015940.0,34700.0,1212.4,9975000.0,49.32,9540.0,16.23,76387.0
2016-05-29,1395/03/09,1012480.0,34630.0,1212.4,10002000.0,49.76,9510.0,16.23,76431.5
2016-05-30,1395/03/10,1012940.0,34650.0,1205.58,10014000.0,49.69,9510.0,16.0,76144.2
2016-05-31,1395/03/11,1015710.0,34650.0,1215.24,9986000.0,49.72,9500.0,15.99,76084.2
2016-06-01,1395/03/12,1026104.0,34710.0,1213.35,10078800.0,50.04,9528.0,15.96,76084.2
2016-06-05,1395/03/16,1024240.0,34530.0,1244.49,10080000.0,50.55,9500.0,16.41,76128.6
2016-06-06,1395/03/17,1021940.0,34550.0,1245.24,10040000.0,51.44,9480.0,16.48,75874.5
2016-06-07,1395/03/18,1031620.0,34580.0,1243.85,10168500.0,52.51,9470.0,16.39,75876.2
2016-06-08,1395/03/19,1039942.0,34610.0,1262.14,10275400.0,51.95,9483.0,17.037,75876.2
2016-06-11,1395/03/22,1041080.0,34600.0,1274.2,10288000.0,50.54,9460.0,17.337,74817.8
2016-06-12,1395/03/23,1046610.0,34530.0,1274.2,10306000.0,50.35,9450.0,17.337,74700.5
2016-06-13,1395/03/24,1046840.0,34590.0,1284.05,10317000.0,49.83,9460.0,17.448,73959.7
2016-06-14,1395/03/25,1047310.0,34600.0,1285.85,10314000.0,48.97,9460.0,17.392,73877.1
2016-06-15,1395/03/26,1061338.0,34547.0,1291.49,10467000.0,47.19,9460.0,17.521,73877.1
2016-06-18,1395/03/29,1057910.0,34540.0,1298.6,10421000.0,49.17,9460.0,17.493,73027.9
2016-06-19,1395/03/30,1050070.0,34550.0,1298.6,10340000.0,50.65,9450.0,17.493,72615.0
2016-06-20,1395/03/31,1046150.0,34600.0,1290.15,10287000.0,50.62,9450.0,17.496,72799.2
2016-06-21,1395/04/01,1044310.0,34623.0,1268.4399,10278000.0,49.88,9471.0,17.282,73644.8
2016-06-22,1395/04/02,1065113.0,34618.0,1266.3101,10333200.0,50.91,9463.0,17.26,73644.8
2016-06-25,1395/04/05,1090200.0,34887.0,1315.98,10691000.0,48.41,9520.0,17.735,73743.5
2016-06-26,1395/04/06,1098280.0,34887.0,1315.98,10757000.0,47.16,9520.0,17.735,73743.5
2016-06-28,1395/04/08,1103580.0,35190.0,1312.51,10885000.0,50.61,9600.0,17.774,73940.3
2016-06-29,1395/04/09,1117916.0,35168.0,1318.89,10842900.0,49.68,9632.0,18.296,73940.3
2016-07-02,1395/04/12,1117880.0,34790.0,1342.3,10974000.0,50.35,9590.0,19.759,74064.0
2016-07-03,1395/04/13,1119720.0,34870.0,1342.3,11002000.0,50.1,9560.0,19.759,73947.2
2016-07-04,1395/04/14,1119720.0,34844.0,1350.78,11050200.0,47.96,9550.0,20.34,74049.1
2016-07-05,1395/04/15,1134720.0,34844.0,1356.14,11050200.0,48.8,9550.0,19.942,74049.1
2016-07-09,1395/04/19,1140940.0,34970.0,1366.8,11187000.0,46.76,9560.0,20.285,73764.2
2016-07-10,1395/04/20,1137250.0,35010.0,1366.8,11164000.0,46.25,9580.0,20.285,73816.7
2016-07-11,1395/04/21,1123640.0,35120.0,1355.25,11070000.0,48.47,9600.0,20.287,73736.0
2016-07-12,1395/04/22,1120650.0,35010.0,1331.65,11023000.0,46.26,9580.0,20.16,73763.0
2016-07-13,1395/04/23,1110120.0,35072.0,1342.85,10928000.0,47.37,9581.0,20.356,73763.0
2016-07-16,1395/04/26,1107040.0,35120.0,1337.85,10894000.0,47.61,9580.0,20.228,74194.8
2016-07-17,1395/04/27,1104500.0,35150.0,1337.85,10844500.0,46.96,9580.0,20.228,74196.9
2016-07-18,1395/04/28,1109110.0,35190.0,1328.79,10875000.0,46.66,9590.0,20.044,74313.6
2016-07-19,1395/04/29,1103120.0,35130.0,1332.13,10822000.0,47.17,9580.0,19.911,74514.1
2016-07-20,1395/04/30,1106876.0,35034.0,1315.95,10884800.0,46.2,9600.0,19.411,74514.1
2016-07-23,1395/05/02,1107270.0,35170.0,1322.38,10857000.0,45.69,9620.0,19.63,75183.9
2016-07-24,1395/05/03,1110730.0,35110.0,1322.38,10875000.0,44.72,9630.0,19.63,75466.5
2016-07-25,1395/05/04,1112570.0,35180.0,1315.5601,10922000.0,44.87,9650.0,19.552,75501.0
2016-07-26,1395/05/05,1118340.0,35180.0,1320.3199,10979000.0,43.47,9670.0,19.64,76225.7
2016-07-27,1395/05/06,1137205.0,35415.0,1339.86,11118100.0,42.7,9690.0,20.358,76225.7
2016-07-31,1395/05/10,1140250.0,35280.0,1350.91,11174000.0,42.14,9670.0,20.335,76647.4
2016-08-01,1395/05/11,1150170.0,35400.0,1353.21,11287000.0,41.8,9690.0,20.445,77089.8
2016-08-02,1395/05/12,1144170.0,35310.0,1363.6801,11198000.0,43.1,9690.0,20.627,77882.8
2016-08-03,1395/05/13,1132600.0,35268.0,1357.9,11074300.0,44.29,9670.0,20.405,77882.8
2016-08-06,1395/05/16,1130100.0,35330.0,1335.8,11060000.0,44.27,9680.0,19.705,78704.6
2016-08-07,1395/05/17,1129870.0,35400.0,1335.8,11071000.0,45.39,9690.0,19.705,78324.9
2016-08-08,1395/05/18,1134720.0,35450.0,1335.38,11141000.0,44.98,9690.0,19.739,78368.4
2016-08-09,1395/05/19,1140370.0,35350.0,1340.75,11210000.0,44.05,9690.0,19.862,78190.5
2016-08-10,1395/05/20,1133133.0,35380.0,1346.67,11135500.0,46.04,9690.0,20.1,78190.5
2016-08-13,1395/05/23,1131030.0,35310.0,1336.1899,11086000.0,46.97,9680.0,19.725,78205.1
2016-08-14,1395/05/24,1134950.0,35430.0,1336.1899,11126000.0,48.35,9670.0,19.725,77828.8
2016-08-15,1395/05/25,1138410.0,35430.0,1339.36,11188000.0,49.23,9660.0,19.82,77855.5
2016-08-16,1395/05/26,1137710.0,35420.0,1346.08,11184000.0,49.85,9670.0,19.795,77879.0
2016-08-17,1395/05/27,1136328.0,35338.0,1348.66,11150500.0,50.89,9670.0,19.71,77879.0
2016-08-20,1395/05/30,1131830.0,35270.0,1341.78,11147000.0,50.88,9660.0,19.315,78086.4
2016-08-21,1395/05/31,1131490.0,35470.0,1341.78,11134000.0,49.16,9680.0,19.315,78086.1
2016-08-22,1395/06/01,1133330.0,35420.0,1339.02,11163000.0,49.96,9700.0,18.913,77964.0
2016-08-23,1395/06/02,1128720.0,35430.0,1338.1,11097000.0,49.05,9700.0,18.83,78081.5
2016-08-24,1395/06/03,1129580.0,35380.0,1323.75,11114000.0,49.67,9718.0,18.55,78081.5
2016-08-27,1395/06/06,1131490.0,35500.0,1321.33,11114000.0,49.92,9720.0,18.65,77313.6
2016-08-28,1395/06/07,1133560.0,35550.0,1321.33,11150000.0,49.26,9720.0,18.65,77345.6
2016-08-29,1395/06/08,1130790.0,35550.0,1323.41,11127000.0,48.37,9720.0,18.88,77358.6
2016-08-30,1395/06/09,1128030.0,35550.0,1311.15,11094000.0,47.04,9730.0,18.613,77167.9
2016-08-31,1395/06/10,1135893.0,35585.0,1308.95,11178300.0,45.45,9741.0,18.655,77167.9
2016-09-03,1395/06/13,1138640.0,35650.0,1325.01,11197000.0,46.83,9770.0,19.441,76509.4
2016-09-04,1395/06/14,1137480.0,35520.0,1325.01,11164000.0,47.63,9750.0,19.441,76522.2
2016-09-05,1395/06/15,1144630.0,35550.0,1327.08,11230000.0,47.26,9760.0,19.515,76669.6
2016-09-06,1395/06/16,1140710.0,35540.0,1349.88,11216000.0,47.98,9750.0,20.05,76742.2
2016-09-07,1395/06/17,1135839.0,35528.0,1345.24,11168900.0,49.99,9729.0,19.79,76742.2
2016-09-10,1395/06/20,1136560.0,35560.0,1328.15,11170000.0,48.01,9720.0,19.055,76643.9
2016-09-11,1395/06/21,1134480.0,35560.0,1328.15,11155000.0,48.32,9720.0,19.055,76643.9
2016-09-13,1395/06/23,1138640.0,35630.0,1319.05,11155000.0,45.85,9710.0,18.874,76455.4
2016-09-14,1395/06/24,1135141.0,35691.0,1322.97,11150900.0,46.59,9720.0,18.974,76455.4
2016-09-17,1395/06/27,1135290.0,35600.0,1310.4301,11136000.0,45.77,9740.0,18.791,76166.7
2016-09-18,1395/06/28,1131950.0,35586.0,1310.4301,11130000.0,45.95,9737.0,18.791,76272.6
2016-09-19,1395/06/29,1132410.0,35586.0,1313.39,11136000.0,45.88,9737.0,19.161,76272.6
2016-09-21,1395/06/31,1139923.0,35625.0,1336.85,11192900.0,47.65,9748.0,19.845,76450.9
2016-09-24,1395/07/03,1140250.0,35680.0,1337.61,11192000.0,45.89,9760.0,19.68,77081.5
2016-09-25,1395/07/04,1141860.0,35700.0,1337.61,11187000.0,47.35,9790.0,19.68,77089.8
2016-09-26,1395/07/05,1137020.0,35730.0,1337.97,11166000.0,45.97,9792.0,19.45,77143.1
2016-09-27,1395/07/06,1136560.0,35610.0,1327.36,11145000.0,48.69,9792.0,19.151,77300.3
2016-09-28,1395/07/07,1133328.0,35820.0,1321.41,11153100.0,49.24,9800.0,19.187,77300.3
2016-10-01,1395/07/10,1134250.0,35770.0,1315.96,11168000.0,49.06,9800.0,19.18,77287.6
2016-10-02,1395/07/11,1131260.0,35810.0,1315.96,11160000.0,50.89,9810.0,19.18,77265.3
2016-10-03,1395/07/12,1109580.0,35860.0,1311.96,10907000.0,50.87,9810.0,18.75,77335.3
2016-10-04,1395/07/13,1106350.0,35870.0,1268.3,10875000.0,51.86,9830.0,17.812,77183.0
2016-10-05,1395/07/14,1097311.0,35769.0,1266.7,10829700.0,52.51,9816.0,17.74,77183.0
2016-10-08,1395/07/17,1101500.0,35810.0,1256.97,10835000.0,51.93,9810.0,17.546,77435.8
2016-10-09,1395/07/18,1103120.0,35850.0,1256.97,10848000.0,53.14,9860.0,17.546,77655.1
2016-10-10,1395/07/19,1103350.0,35850.0,1259.74,10851000.0,52.41,9860.0,17.653,77655.1
2016-10-12,1395/07/21,1101551.0,35879.0,1255.33,10850900.0,52.03,9870.0,17.49,77655.1
2016-10-15,1395/07/24,1095050.0,35880.0,1250.55,10839000.0,51.95,9860.0,17.414,77569.1
2016-10-16,1395/07/25,1097120.0,35850.0,1250.55,10883000.0,51.52,9850.0,17.414,77707.2
2016-10-17,1395/07/26,1099430.0,35830.0,1255.7,10927000.0,51.68,9860.0,17.47,77849.5
2016-10-18,1395/07/27,1102200.0,35850.0,1262.84,10923000.0,52.67,9837.0,17.63,78091.5
2016-10-19,1395/07/28,1100745.0,35871.0,1269.4,10959600.0,51.38,9850.0,17.68,78091.5
2016-10-22,1395/08/01,1103810.0,35910.0,1266.75,10974000.0,51.78,9830.0,17.517,78370.3
2016-10-23,1395/08/02,1104620.0,35950.0,1266.75,11029000.0,51.46,9850.0,17.517,78568.8
2016-10-24,1395/08/03,1110840.0,35680.0,1264.4399,11107000.0,50.79,9880.0,17.598,78808.8
2016-10-25,1395/08/04,1110730.0,36050.0,1274.35,11088000.0,49.98,9870.0,17.82,79299.6
2016-10-26,1395/08/05,1112630.0,36103.0,1266.99,11096500.0,50.47,9890.0,17.619,79299.6
2016-10-29,1395/08/08,1122490.0,36110.0,1276.3,11183000.0,49.71,9880.0,17.77,80339.2
2016-10-30,1395/08/09,1120760.0,36190.0,1276.3,11117000.0,48.3,9900.0,17.77,80263.7
2016-10-31,1395/08/10,1129180.0,36270.0,1277.38,11179000.0,48.14,9930.0,17.91,79659.2
2016-11-01,1395/08/11,1138170.0,36230.0,1288.15,11271000.0,46.86,9930.0,18.36,79670.9
2016-11-02,1395/08/12,1135232.0,36210.0,1297.39,11242600.0,46.35,9911.0,18.48,79670.9
2016-11-05,1395/08/15,1143250.0,36290.0,1304.25,11269000.0,45.58,9930.0,18.425,79137.5
2016-11-06,1395/08/16,1125720.0,36250.0,1304.25,11160000.0,46.15,9940.0,18.425,79632.3
2016-11-07,1395/08/17,1125720.0,36400.0,1281.41,11170000.0,46.04,9980.0,18.213,79871.4
2016-11-08,1395/08/18,1132180.0,36480.0,1275.64,11240000.0,46.36,10040.0,18.347,78411.6
2016-11-09,1395/08/19,1104110.0,36494.0,1278.0,11177900.0,45.84,10032.0,18.48,78411.6
2016-11-12,1395/08/22,1108420.0,36550.0,1225.6801,11099000.0,44.75,10030.0,17.34,79048.5
2016-11-13,1395/08/23,1111420.0,36680.0,1225.6801,11150000.0,44.43,10050.0,17.34,79341.5
2016-11-14,1395/08/24,1108310.0,36680.0,1220.26,11119000.0,46.95,10080.0,16.905,79236.2
2016-11-15,1395/08/25,1108190.0,36740.0,1228.08,11130000.0,46.63,10110.0,17.081,79268.4
2016-11-16,1395/08/26,1099796.0,36849.0,1225.3,11045700.0,46.49,10130.0,16.974,79268.4
2016-11-18,1395/08/28,1099910.0,36809.0,1208.6899,11005200.0,46.86,10120.0,16.587,79278.6
2016-11-21,1395/09/01,1105890.0,36770.0,1214.05,11127000.0,49.12,10180.0,16.59,79393.8
2016-11-22,1395/09/02,1104500.0,37030.0,1212.24,11092000.0,48.95,10430.0,16.636,79385.6
2016-11-23,1395/09/03,1103201.0,37372.0,1187.77,11056600.0,49.0,10456.0,16.358,79385.6
2016-11-26,1395/09/06,1117650.0,38491.0,1183.63,11144000.0,47.24,10750.0,16.535,79625.9
2016-11-27,1395/09/07,1124110.0,38491.0,1183.63,11202000.0,48.24,10750.0,16.535,79625.9
2016-11-28,1395/09/08,1128446.0,38680.0,1193.4399,11177000.0,46.38,10750.0,16.65,80018.6
2016-11-30,1395/09/10,1122470.0,38274.0,1173.11,11273500.0,53.94,10869.0,16.5,80018.6
2016-12-03,1395/09/13,1131030.0,38950.0,1176.92,11387000.0,54.46,11050.0,16.745,80063.7
2016-12-04,1395/09/14,1131030.0,38960.0,1176.92,11381000.0,54.94,10860.0,16.745,80081.2
2016-12-05,1395/09/15,1122030.0,38880.0,1170.26,11350000.0,53.93,10840.0,16.755,80830.5
2016-12-06,1395/09/16,1124110.0,38760.0,1169.74,11373000.0,53.0,10800.0,16.717,81341.6
2016-12-07,1395/09/17,1124340.0,38990.0,1174.0,11387000.0,53.89,10820.0,17.125,81341.6
2016-12-10,1395/09/20,1126070.0,38910.0,1157.87,11363000.0,54.33,10850.0,16.86,80925.9
2016-12-11,1395/09/21,1128950.0,38680.0,1157.87,11414000.0,55.69,10840.0,16.86,80915.4
2016-12-12,1395/09/22,1129640.0,38970.0,1162.21,11426000.0,55.72,10880.0,17.073,80741.2
2016-12-13,1395/09/23,1132870.0,39140.0,1158.35,11455000.0,53.9,10920.0,16.91,80683.6
2016-12-14,1395/09/24,1123918.0,39280.0,1144.25,11383400.0,54.02,11000.0,16.83,80683.6
2016-12-18,1395/09/28,1124340.0,39170.0,1134.09,11388000.0,54.92,10980.0,16.1,80413.1
2016-12-19,1395/09/29,1126410.0,39180.0,1139.05,11412000.0,55.35,11080.0,15.975,80122.7
2016-12-20,1395/09/30,1127570.0,39780.0,1132.2,11461000.0,54.46,11230.0,16.084,80250.0
2016-12-21,1395/10/01,1131640.0,39872.0,1131.8,11502900.0,55.05,11280.0,15.95,80250.0
2016-12-24,1395/10/04,1140940.0,40660.0,1133.49,11713000.0,55.16,11360.0,15.775,79898.9
2016-12-25,1395/10/05,1150400.0,40720.0,1133.49,11864000.0,55.16,11420.0,15.775,79966.5
2016-12-26,1395/10/06,1158930.0,41210.0,1133.9399,12163000.0,56.09,11470.0,15.74,79800.8
2016-12-27,1395/10/07,1147400.0,40750.0,1139.35,11885000.0,56.22,11390.0,15.97,79691.8
2016-12-28,1395/10/08,1144865.0,40183.0,1142.45,11676000.0,56.14,11110.0,16.03,79691.8
2016-12-31,1395/10/11,1125030.0,38350.0,1151.85,11460000.0,56.82,10840.0,15.938,78896.0
2017-01-01,1395/10/12,1130560.0,38790.0,1151.85,11565000.0,56.82,10930.0,15.938,78968.9
2017-01-02,1395/10/13,1131720.0,39140.0,1150.52,11557000.0,55.47,11080.0,15.98,78983.7
2017-01-03,1395/10/14,1133330.0,39000.0,1158.91,11627000.0,56.46,11050.0,16.29,78990.5
2017-01-04,1395/10/15,1142846.0,39034.0,1163.8,11826000.0,56.89,11055.0,16.445,78990.5
2017-01-07,1395/10/18,1147170.0,39450.0,1172.8101,11804000.0,57.1,11110.0,16.5,78833.4
2017-01-08,1395/10/19,1148320.0,39784.0,1172.8101,11870000.0,54.94,11138.0,16.5,78609.5
2017-01-09,1395/10/20,1149010.0,39784.0,1181.27,11898000.0,53.64,11138.0,16.568,78609.5
2017-01-10,1395/10/21,1152010.0,39790.0,1187.74,11947000.0,55.1,11170.0,16.791,78622.0
2017-01-11,1395/10/22,1150173.0,39689.0,1191.85,11917400.0,56.01,11180.0,16.74,78622.0
2017-01-14,1395/10/25,1153400.0,39440.0,1197.66,11863000.0,55.45,11050.0,16.81,79073.2
2017-01-15,1395/10/26,1150860.0,39140.0,1197.66,11837000.0,55.86,11030.0,16.81,79084.2
2017-01-16,1395/10/27,1152240.0,38340.0,1203.17,11845000.0,55.47,10970.0,16.81,79280.4
2017-01-17,1395/10/28,1150860.0,38200.0,1216.54,11847000.0,53.92,10860.0,17.185,79382.2
2017-01-18,1395/10/29,1145176.0,38199.0,1203.64,11736100.0,54.16,10813.0,17.045,79382.2
2017-01-21,1395/11/02,1146020.0,38330.0,1209.96,11782000.0,55.49,10770.0,17.075,79218.0
2017-01-22,1395/11/03,1147860.0,38500.0,1209.96,11864000.0,55.23,10850.0,17.075,79263.5
2017-01-23,1395/11/04,1147860.0,38540.0,1217.48,11827000.0,55.44,10890.0,17.225,78249.1
2017-01-24,1395/11/05,1144400.0,38600.0,1208.8101,11786000.0,55.08,10840.0,17.105,78049.0
2017-01-25,1395/11/06,1140119.0,38584.0,1200.3101,11724200.0,56.24,10858.0,16.99,78049.0
2017-01-28,1395/11/09,1139900.0,38510.0,1191.6,11755000.0,55.52,10830.0,17.14,77707.3
2017-01-29,1395/11/10,1130780.0,38230.0,1191.6,11692000.0,55.23,10770.0,17.14,77961.4
2017-01-30,1395/11/11,1137940.0,38210.0,1195.35,11870000.0,55.7,10720.0,17.13,77975.4
2017-01-31,1395/11/12,1136320.0,38260.0,1210.63,11837000.0,56.8,10730.0,17.565,77414.9
2017-02-01,1395/11/13,1145417.0,38424.0,1209.49,11921100.0,56.56,10690.0,17.53,77414.9
2017-02-04,1395/11/16,1150870.0,38520.0,1219.88,11972000.0,56.81,10750.0,17.495,76616.0
2017-02-05,1395/11/17,1155480.0,38470.0,1219.88,12135000.0,55.72,10730.0,17.495,76678.7
2017-02-06,1395/11/18,1151560.0,38360.0,1235.59,12097000.0,55.05,10700.0,17.75,76766.0
2017-02-07,1395/11/19,1154790.0,38260.0,1233.72,12033000.0,55.12,10670.0,17.709,76792.8
2017-02-08,1395/11/20,1153969.0,38269.0,1241.99,12016300.0,55.63,10670.0,17.8,76792.8
2017-02-11,1395/11/23,1155020.0,38230.0,1234.12,12015000.0,56.7,10640.0,17.953,76827.7
2017-02-12,1395/11/24,1147860.0,38140.0,1234.12,11840000.0,55.59,10600.0,17.953,76975.5
2017-02-13,1395/11/25,1145790.0,38080.0,1225.4399,11877000.0,55.97,10590.0,17.815,77000.2
2017-02-14,1395/11/26,1149250.0,38150.0,1228.61,11903000.0,55.75,10600.0,17.955,77189.7
2017-02-15,1395/11/27,1149737.0,38047.0,1232.9399,11910600.0,55.65,10585.0,17.983,77189.7
2017-02-18,1395/11/30,1148330.0,37930.0,1235.29,11890000.0,55.81,10554.0,17.99,77658.6
2017-02-19,1395/12/01,1146020.0,37900.0,1235.29,11930000.0,56.18,10554.0,17.99,77698.2
2017-02-20,1395/12/02,1149020.0,37870.0,1238.38,11920000.0,56.66,10580.0,18.035,77800.2
2017-02-21,1395/12/03,1149830.0,37800.0,1235.97,11935000.0,55.84,10540.0,17.965,77847.2
2017-02-22,1395/12/04,1152940.0,37790.0,1237.6899,12000000.0,56.58,10536.0,18.027,77847.2
2017-02-23,1395/12/05,1153170.0,37790.0,1249.41,12010000.0,55.99,10536.0,18.185,77847.2
2017-02-25,1395/12/07,1162870.0,37810.0,1256.9399,12145000.0,55.99,10550.0,18.355,77574.7
2017-02-26,1395/12/08,1160330.0,37790.0,1256.9399,12040000.0,55.93,10580.0,18.355,77590.7
2017-02-27,1395/12/09,1160790.0,37790.0,1252.76,12013000.0,55.59,10560.0,18.264,77602.3
2017-02-28,1395/12/10,1157791.0,37840.0,1248.59,12028000.0,56.36,10527.0,18.31,77475.2
2017-03-04,1395/12/14,1152020.0,37740.0,1234.3,12012000.0,55.9,10470.0,17.965,76766.9
2017-03-05,1395/12/15,1144630.0,37610.0,1234.3,12015000.0,56.01,10420.0,17.965,76789.7
2017-03-06,1395/12/16,1133780.0,37460.0,1225.96,11995000.0,55.92,10350.0,17.787,76800.4
2017-03-07,1395/12/17,1127780.0,37240.0,1215.67,11878000.0,53.11,10270.0,17.489,76285.5
2017-03-08,1395/12/18,1130714.0,37513.0,1207.58,11928600.0,52.19,10384.0,17.238,76285.5
2017-03-11,1395/12/21,1128930.0,37490.0,1204.55,12100000.0,51.37,10380.0,17.029,76329.0
2017-03-12,1395/12/22,1130550.0,37500.0,1204.55,11983000.0,51.35,10410.0,17.029,76332.0
2017-03-13,1395/12/23,1128240.0,37630.0,1204.05,11880000.0,50.92,10440.0,16.98,76639.0
2017-03-14,1395/12/24,1127090.0,37950.0,1199.08,11885000.0,51.81,10600.0,16.88,76737.9
2017-03-15,1395/12/25,1138911.0,37525.0,1219.4,11959900.0,51.74,10580.0,17.34,76737.9
2017-03-18,1395/12/28,1153640.0,37480.0,1229.15,11980400.0,51.76,10580.0,17.364,77230.0
2017-03-25,1396/01/05,1165640.0,37540.0,1244.17,12010000.0,50.8,10590.0,17.77,77502.9
2017-03-26,1396/01/06,1170490.0,37640.0,1244.17,12052000.0,50.75,10610.0,17.77,77523.3
2017-03-27,1396/01/07,1170490.0,37660.0,1254.3,12077000.0,51.33,10420.0,18.11,77548.5
2017-03-28,1396/01/08,1167030.0,37520.0,1251.63,12045000.0,52.42,10470.0,18.19,77584.4
2017-03-29,1396/01/09,1166200.0,37450.0,1252.45,12035600.0,52.96,10470.0,18.245,77584.4
2017-04-03,1396/01/14,1164950.0,37530.0,1253.35,12085000.0,54.17,10490.0,18.26,77647.1
2017-04-04,1396/01/15,1161950.0,37650.0,1256.22,12100000.0,54.36,10460.0,18.32,77689.9
2017-04-05,1396/01/16,1165264.0,37610.0,1255.3,12035600.0,54.89,10434.0,18.31,77689.9
2017-04-08,1396/01/19,1167950.0,37630.0,1254.05,12014500.0,55.24,10370.0,18.005,77860.4
2017-04-09,1396/01/20,1167030.0,37630.0,1254.05,12000000.0,55.98,10353.0,18.005,78107.8
2017-04-10,1396/01/21,1168870.0,37630.0,1254.73,12012500.0,56.23,10353.0,17.95,78107.8
2017-04-12,1396/01/23,1178369.0,37596.0,1286.6,12153780.0,55.89,10350.0,18.5,78132.4
2017-04-15,1396/01/26,1189070.0,37550.0,1285.6899,12226000.0,55.89,10350.0,18.545,78471.7
2017-04-16,1396/01/27,1188730.0,37550.0,1285.6899,12279000.0,55.36,10320.0,18.545,78247.5
2017-04-17,1396/01/28,1187460.0,37500.0,1284.8,12221000.0,54.89,10310.0,18.42,78339.8
2017-04-18,1396/01/29,1178340.0,37490.0,1289.64,12167000.0,52.93,10310.0,18.297,78651.4
2017-04-19,1396/01/30,1179830.0,37485.0,1279.66,12186000.0,52.99,10300.0,18.12,78651.4
2017-04-22,1396/02/02,1181570.0,37530.0,1284.5,12250000.0,51.96,10330.0,17.927,79390.6
2017-04-23,1396/02/03,1177760.0,37569.0,1284.5,12203500.0,51.6,10324.0,17.927,79425.9
2017-04-24,1396/02/04,1176260.0,37569.0,1275.3,12196000.0,52.1,10324.0,17.94,79425.9
2017-04-26,1396/02/06,1171114.0,37650.0,1269.05,12202500.0,51.44,10347.0,17.5,79596.9
2017-04-29,1396/02/09,1174990.0,37730.0,1268.15,12202000.0,51.73,10380.0,17.23,79785.0
2017-04-30,1396/02/10,1166100.0,37670.0,1268.15,12134000.0,51.52,10360.0,17.23,79826.6
2017-05-01,1396/02/11,1162060.0,37620.0,1256.8,12092000.0,50.46,10330.0,16.88,79942.1
2017-05-02,1396/02/12,1161830.0,37650.0,1256.9,12113000.0,50.79,10330.0,16.84,79969.2
2017-05-03,1396/02/13,1138081.0,37690.0,1238.38,12026000.0,48.38,10340.0,16.435,79969.2
2017-05-06,1396/02/16,1137590.0,37590.0,1227.74,11956000.0,49.1,10350.0,16.34,79660.9
2017-05-07,1396/02/17,1140710.0,37570.0,1227.74,12032000.0,49.34,10330.0,16.34,79744.2
2017-05-08,1396/02/18,1134010.0,37540.0,1226.3,12033000.0,48.73,10340.0,16.271,79858.8
2017-05-09,1396/02/19,1134820.0,37570.0,1221.3,12060000.0,50.22,10350.0,16.185,80127.1
2017-05-10,1396/02/20,1137042.0,37590.0,1219.15,12083970.0,50.77,10352.0,16.19,80127.1
2017-05-13,1396/02/23,1140590.0,37560.0,1228.83,12140500.0,50.84,10350.0,16.465,79963.0
2017-05-14,1396/02/24,1138860.0,37540.0,1228.83,12122000.0,51.82,10350.0,16.465,79957.5
2017-05-15,1396/02/25,1145900.0,37550.0,1230.71,12150500.0,51.65,10380.0,16.63,80129.3
2017-05-16,1396/02/26,1158600.0,37710.0,1236.8,12256500.0,52.21,10400.0,16.855,80344.2
2017-05-17,1396/02/27,1152572.0,37526.0,1260.74,12192100.0,52.51,10448.0,16.883,80344.2
2017-05-20,1396/02/30,1150750.0,37400.0,1255.55,12151500.0,53.61,10360.0,16.865,81194.0
2017-05-21,1396/02/31,1151790.0,37350.0,1255.55,12115500.0,53.87,10340.0,16.865,81124.4
2017-05-22,1396/03/01,1149250.0,37530.0,1260.46,12059500.0,54.15,10380.0,17.16,81124.4
2017-05-23,1396/03/02,1146940.0,37480.0,1251.16,11984500.0,53.96,10380.0,17.07,81146.2
2017-05-24,1396/03/03,1147488.0,37430.0,1258.55,12040500.0,51.46,10366.0,17.231,81146.2
2017-05-27,1396/03/06,1148900.0,37370.0,1267.05,12065500.0,52.15,10340.0,17.372,80713.2
2017-05-28,1396/03/07,1145560.0,37380.0,1267.05,12045500.0,52.29,10330.0,17.372,80607.9
2017-05-29,1396/03/08,1140480.0,37360.0,1266.97,11996000.0,51.84,10300.0,17.395,80511.5
2017-05-30,1396/03/09,1138510.0,37340.0,1263.1,11990000.0,50.31,10280.0,17.404,80513.3
2017-05-31,1396/03/10,1139323.0,37333.0,1268.59,12010700.0,50.63,10290.0,17.329,80513.3
2017-06-03,1396/03/13,1142790.0,37330.0,1279.98,12028500.0,49.95,10276.0,17.545,80288.9
2017-06-06,1396/03/16,1150750.0,37380.0,1294.0,12052500.0,48.06,10270.0,17.71,79758.5
2017-06-07,1396/03/17,1143590.0,37368.0,1286.91,12021880.0,47.86,10264.0,17.59,79758.5
2017-06-10,1396/03/20,1143940.0,37350.0,1266.4,12000000.0,48.15,10240.0,17.2,79870.7
2017-06-11,1396/03/21,1141170.0,37300.0,1266.4,11990000.0,48.29,10210.0,17.2,79564.1
2017-06-12,1396/03/22,1142090.0,37270.0,1265.74,12008000.0,48.72,10200.0,16.985,79426.9
2017-06-13,1396/03/23,1144860.0,37300.0,1265.85,12014500.0,47.0,10200.0,16.9,79465.7
2017-06-14,1396/03/24,1140133.0,37314.0,1261.1801,12100000.0,46.92,10200.0,16.91,79465.7
2017-06-17,1396/03/27,1145560.0,37500.0,1253.63,12195000.0,47.37,10250.0,16.62,78990.4
2017-06-18,1396/03/28,1140130.0,37500.0,1253.63,12118500.0,46.91,10300.0,16.62,78859.2
2017-06-19,1396/03/29,1138980.0,37450.0,1243.25,12119000.0,46.02,10280.0,16.495,78867.5
2017-06-20,1396/03/30,1139900.0,37420.0,1243.1899,12089500.0,44.82,10250.0,16.505,78736.2
2017-06-21,1396/03/31,1146778.0,37568.0,1246.55,12116600.0,45.22,10264.0,16.476,78736.2
2017-06-24,1396/04/03,1156290.0,37540.0,1256.9,12138000.0,45.54,10270.0,16.73,78665.5
2017-06-25,1396/04/04,1152250.0,37540.0,1256.9,12125500.0,45.83,10270.0,16.73,78665.5
2017-06-28,1396/04/07,1159991.0,37745.0,1249.3199,12163200.0,47.42,10339.0,16.805,78704.5
2017-07-01,1396/04/10,1159520.0,37840.0,1241.6,12185000.0,47.92,10330.0,16.61,78765.3
2017-07-02,1396/04/11,1148900.0,37790.0,1241.6,12142500.0,49.68,10290.0,16.61,78659.2
2017-07-03,1396/04/12,1146710.0,37800.0,1220.46,12119000.0,49.61,10290.0,16.135,78632.5
2017-07-04,1396/04/13,1145560.0,37880.0,1223.97,12122000.0,47.79,10310.0,16.095,78700.2
2017-07-05,1396/04/14,1139202.0,37888.0,1226.95,12104400.0,48.11,10320.0,16.09,78700.2
2017-07-08,1396/04/17,1137010.0,37860.0,1212.9,12107500.0,46.71,10340.0,15.62,78985.4
2017-07-09,1396/04/18,1135740.0,37880.0,1212.9,12108500.0,46.88,10320.0,15.62,79377.0
2017-07-10,1396/04/19,1134130.0,37930.0,1214.35,12106000.0,47.52,10350.0,15.655,79490.4
2017-07-11,1396/04/20,1137130.0,37900.0,1217.6899,12095500.0,47.74,10350.0,15.82,79509.6
2017-07-12,1396/04/21,1133901.0,37846.0,1220.0,12073940.0,48.42,10350.0,15.92,79509.6
2017-07-15,1396/04/24,1137010.0,37800.0,1228.98,12072000.0,48.91,10340.0,15.985,79620.8
2017-07-16,1396/04/25,1137820.0,37790.0,1228.98,12060500.0,48.42,10328.0,15.985,79692.9
2017-07-17,1396/04/26,1138510.0,37780.0,1234.4,12050000.0,48.84,10328.0,16.11,79735.7
2017-07-18,1396/04/27,1139090.0,37770.0,1242.46,12045000.0,49.7,10324.0,16.29,80162.5
2017-07-19,1396/04/28,1139780.0,37820.0,1240.87,12046500.0,49.3,10324.0,16.28,80162.5
2017-07-22,1396/04/31,1146480.0,37750.0,1254.9,12007500.0,48.06,10300.0,16.51,80863.0
2017-07-23,1396/05/01,1150750.0,37720.0,1254.9,11993000.0,48.6,10310.0,16.51,80933.9
2017-07-24,1396/05/02,1148560.0,37790.0,1255.24,12025500.0,50.2,10330.0,16.485,81181.7
2017-07-25,1396/05/03,1154790.0,38000.0,1249.05,12117500.0,50.97,10400.0,16.5,81509.3
2017-07-26,1396/05/04,1162451.0,38039.0,1261.1,12167200.0,51.49,10400.0,16.66,81509.3
2017-07-29,1396/05/07,1179380.0,38120.0,1269.25,12193000.0,52.52,10440.0,16.707,81491.4
2017-07-30,1396/05/08,1176030.0,38130.0,1269.25,12168500.0,52.65,10430.0,16.707,81533.5
2017-07-31,1396/05/09,1179610.0,38190.0,1269.55,12177500.0,51.78,10460.0,16.83,81415.9
2017-08-01,1396/05/10,1181340.0,38210.0,1269.05,12203500.0,52.36,10480.0,16.723,81265.9
2017-08-02,1396/05/11,1180788.0,38216.0,1266.7,12189410.0,52.01,10542.0,16.59,81265.9
2017-08-05,1396/05/14,1174070.0,38210.0,1258.6,12147500.0,52.42,10510.0,16.28,81384.1
2017-08-06,1396/05/15,1173030.0,38150.0,1258.6,12182500.0,52.37,10470.0,16.28,81285.7
2017-08-07,1396/05/16,1175220.0,38110.0,1257.6899,12204500.0,52.14,10450.0,16.274,81313.9
2017-08-08,1396/05/17,1178570.0,38110.0,1260.64,12199000.0,52.7,10440.0,16.459,81579.3
2017-08-09,1396/05/18,1181508.0,38134.0,1277.55,12223500.0,51.9,10438.0,16.943,81579.3
2017-08-12,1396/05/21,1191730.0,38120.0,1289.21,12226000.0,52.1,10440.0,17.109,81661.5
2017-08-13,1396/05/22,1182730.0,38130.0,1289.21,12177000.0,50.73,10420.0,17.109,81659.3
2017-08-14,1396/05/23,1178110.0,38170.0,1281.95,12130000.0,50.8,10430.0,17.064,81696.3
2017-08-15,1396/05/24,1178340.0,38200.0,1272.13,12122000.0,50.27,10430.0,16.636,81741.9
2017-08-16,1396/05/25,1184209.0,38230.0,1283.1,12110700.0,51.03,10430.0,17.123,81741.9
2017-08-19,1396/05/28,1185730.0,38280.0,1284.5,12073000.0,52.72,10450.0,16.98,82016.2
2017-08-20,1396/05/29,1186880.0,38300.0,1284.5,12141000.0,51.66,10450.0,16.98,82075.0
2017-08-21,1396/05/30,1186880.0,38300.0,1291.22,12107000.0,51.87,10450.0,17.015,82372.4
2017-08-22,1396/05/31,1191500.0,38330.0,1284.72,12106000.0,52.57,10460.0,17.0,82541.8
2017-08-23,1396/06/01,1202101.0,38485.0,1290.62,12160700.0,52.04,10494.0,17.065,82541.8
2017-08-26,1396/06/04,1212280.0,38590.0,1291.15,12208000.0,52.41,10590.0,17.066,82885.0
2017-08-27,1396/06/05,1218510.0,38580.0,1291.15,12256000.0,51.89,10580.0,17.066,83012.1
2017-08-28,1396/06/06,1223820.0,38630.0,1310.49,12266000.0,52.0,10600.0,17.452,83252.0
2017-08-29,1396/06/07,1225440.0,38720.0,1309.5,12228000.0,50.86,10620.0,17.387,83272.9
2017-08-30,1396/06/08,1238345.0,38803.0,1308.76,12358800.0,52.38,10622.0,17.424,83272.9
2017-09-02,1396/06/11,1264910.0,38900.0,1324.97,12749000.0,52.75,10660.0,17.733,83345.2
2017-09-03,1396/06/12,1256830.0,38790.0,1324.97,12559000.0,52.34,10660.0,17.733,83452.1
2017-09-04,1396/06/13,1254990.0,38820.0,1334.67,12579000.0,53.38,10660.0,17.915,83733.5
2017-09-05,1396/06/14,1255220.0,38940.0,1339.33,12660000.0,54.2,10680.0,17.895,83675.3
2017-09-06,1396/06/15,1264507.0,39009.0,1334.14,12731300.0,54.49,10740.0,17.873,83675.3
2017-09-10,1396/06/19,1255450.0,39000.0,1346.71,12572000.0,53.84,10710.0,17.973,83369.1
2017-09-11,1396/06/20,1255450.0,39140.0,1327.3199,12628000.0,54.27,10740.0,17.805,83469.2
2017-09-12,1396/06/21,1248980.0,39200.0,1331.9399,12594000.0,55.16,10780.0,17.93,83523.8
2017-09-13,1396/06/22,1240163.0,39060.0,1323.25,12531100.0,55.47,10770.0,17.768,83523.8
2017-09-16,1396/06/25,1231440.0,38980.0,1319.62,12443000.0,55.62,10740.0,17.59,83916.6
2017-09-17,1396/06/26,1219430.0,38970.0,1319.62,12412000.0,55.48,10720.0,17.59,84414.5
2017-09-18,1396/06/27,1212510.0,38920.0,1307.5699,12425000.0,55.14,10720.0,17.215,85343.9
2017-09-19,1396/06/28,1218510.0,38930.0,1311.28,12461000.0,56.29,10730.0,17.33,85831.8
2017-09-20,1396/06/29,1200472.0,38927.0,1301.15,12363700.0,56.43,10702.0,17.168,85831.8
2017-09-23,1396/07/01,1215970.0,38920.0,1297.38,12413000.0,56.86,10700.0,16.995,85588.8
2017-09-24,1396/07/02,1227510.0,39000.0,1297.38,12484000.0,59.02,10740.0,16.995,85516.9
2017-09-25,1396/07/03,1218740.0,39060.0,1310.55,12449000.0,58.44,10780.0,17.186,85628.8
2017-09-26,1396/07/04,1210890.0,39070.0,1293.89,12461000.0,57.9,10820.0,16.773,85819.0
2017-09-27,1396/07/05,1213114.0,39147.0,1281.12,12449500.0,57.41,10850.0,16.774,85819.0
2017-10-02,1396/07/10,1207430.0,39300.0,1271.12,12474000.0,56.0,10870.0,16.587,85355.0
2017-10-03,1396/07/11,1215970.0,39370.0,1271.75,12532000.0,55.8,10900.0,16.642,85429.5
2017-10-04,1396/07/12,1216770.0,39580.0,1274.6899,12840000.0,57.0,10920.0,16.628,85429.5
2017-10-07,1396/07/15,1240440.0,39780.0,1276.03,12970000.0,55.62,10980.0,16.823,84564.9
2017-10-08,1396/07/16,1255440.0,40410.0,1276.03,13125000.0,55.79,11190.0,16.823,84611.6
2017-10-09,1396/07/17,1246440.0,40240.0,1284.1,13060000.0,56.61,11230.0,16.96,84734.4
2017-10-10,1396/07/18,1241590.0,40160.0,1287.85,13072000.0,56.94,11210.0,17.117,84744.1
2017-10-11,1396/07/19,1244544.0,39973.0,1291.8,13120000.0,56.25,11180.0,17.17,84744.1
2017-10-14,1396/07/22,1244590.0,40070.0,1304.88,13136000.0,57.17,11140.0,17.4,85394.9
2017-10-15,1396/07/23,1241130.0,40080.0,1304.88,13140000.0,57.91,11160.0,17.4,85590.7
2017-10-16,1396/07/24,1232820.0,40190.0,1294.74,13089000.0,58.2,11200.0,17.23,85660.0
2017-10-17,1396/07/25,1231430.0,40210.0,1285.1899,13085000.0,58.2,11210.0,17.032,85768.0
2017-10-18,1396/07/26,1224472.0,40158.0,1281.17,13020300.0,57.26,11205.0,17.005,85768.0
2017-10-21,1396/07/29,1216890.0,40110.0,1280.72,12965000.0,57.9,11140.0,17.041,86480.2
2017-10-22,1396/07/30,1226350.0,40180.0,1280.72,13056000.0,57.35,11140.0,17.041,86346.2
2017-10-23,1396/08/01,1226120.0,40300.0,1282.0699,13110000.0,58.38,11120.0,17.09,86529.2
2017-10-24,1396/08/02,1226590.0,40280.0,1276.72,13080000.0,58.45,11150.0,16.968,86636.8
2017-10-25,1396/08/03,1235031.0,40538.0,1277.41,13121600.0,59.48,11140.0,16.956,86636.8
2017-10-28,1396/08/06,1241130.0,40690.0,1273.35,13190000.0,60.13,11190.0,16.858,87416.6
2017-10-29,1396/08/07,1239740.0,40550.0,1273.35,13144000.0,60.54,11190.0,16.858,87477.2
2017-10-30,1396/08/08,1235590.0,40520.0,1276.24,13133000.0,60.82,11170.0,16.855,87649.9
2017-10-31,1396/08/09,1241820.0,40580.0,1271.58,13180000.0,60.48,11170.0,16.71,87844.9
2017-11-01,1396/08/10,1238009.0,40540.0,1274.39,13189800.0,60.81,11157.0,17.145,87844.9
2017-11-04,1396/08/13,1243440.0,40660.0,1269.85,13302000.0,62.15,11160.0,16.849,87905.1
2017-11-05,1396/08/14,1248980.0,40720.0,1269.85,13430000.0,64.22,11180.0,16.849,87843.7
2017-11-06,1396/08/15,1242510.0,40700.0,1281.55,13393000.0,63.73,11200.0,17.229,87883.1
2017-11-07,1396/08/16,1251520.0,40746.0,1275.53,13497000.0,63.44,11200.0,16.955,87897.4
2017-11-08,1396/08/17,1254060.0,40746.0,1281.3,13582000.0,63.85,11200.0,17.035,87897.4
2017-11-11,1396/08/20,1259370.0,40990.0,1276.14,13730000.0,63.67,11220.0,16.901,87744.7
2017-11-12,1396/08/21,1260980.0,41360.0,1276.14,13880000.0,63.16,11320.0,16.901,87832.5
2017-11-13,1396/08/22,1260520.0,41220.0,1277.99,13895000.0,62.08,11360.0,17.046,87949.8
2017-11-14,1396/08/23,1254060.0,41010.0,1280.71,13883000.0,61.86,11340.0,17.035,88005.9
2017-11-15,1396/08/24,1262501.0,40900.0,1278.8,14027100.0,61.44,11361.0,16.994,88005.9
2017-11-18,1396/08/27,1265370.0,40948.0,1294.37,14155000.0,62.73,11362.0,17.308,88202.3
2017-11-20,1396/08/29,1265370.0,40930.0,1276.7,14441000.0,62.57,11290.0,16.93,88774.6
2017-11-21,1396/08/30,1269060.0,41210.0,1280.48,14175000.0,63.27,11310.0,16.965,89339.1
2017-11-22,1396/09/01,1270789.0,41255.0,1292.12,13657500.0,63.42,11330.0,17.152,89339.1
2017-11-25,1396/09/04,1278760.0,41180.0,1288.22,13570000.0,63.47,11340.0,17.005,90655.5
2017-11-26,1396/09/05,1284070.0,41180.0,1288.22,13605000.0,63.91,11340.0,17.005,90655.5
2017-11-28,1396/09/07,1294920.0,41360.0,1294.01,13764000.0,62.7,11410.0,16.85,91152.2
2017-11-29,1396/09/08,1299314.0,41544.0,1283.5699,13880500.0,62.59,11434.0,16.532,91152.2
2017-12-02,1396/09/11,1301390.0,41640.0,1280.26,13935000.0,63.62,11510.0,16.439,90951.8
2017-12-03,1396/09/12,1312240.0,41860.0,1280.26,14258000.0,62.4,11570.0,16.439,90936.6
2017-12-04,1396/09/13,1307620.0,41979.0,1276.23,14155000.0,62.89,11640.0,16.345,91092.2
2017-12-05,1396/09/14,1304620.0,41979.0,1266.55,14140000.0,61.15,11640.0,16.115,91092.2
2017-12-06,1396/09/15,1290755.0,42022.0,1263.9399,14150600.0,62.09,11617.0,15.969,91092.2
2017-12-09,1396/09/18,1285230.0,42070.0,1248.14,14087000.0,63.33,11650.0,15.841,91198.9
2017-12-10,1396/09/19,1284300.0,42110.0,1248.14,14127000.0,64.61,11650.0,15.841,91552.4
2017-12-11,1396/09/20,1278530.0,42200.0,1241.96,14104000.0,63.56,11680.0,15.714,92628.9
2017-12-12,1396/09/21,1277840.0,42190.0,1243.85,14120000.0,62.45,11670.0,15.726,93283.7
2017-12-13,1396/09/22,1282043.0,42103.0,1255.45,14051800.0,63.34,11649.0,16.066,93283.7
2017-12-16,1396/09/25,1279680.0,41830.0,1255.26,13847000.0,63.23,11610.0,16.055,95600.8
2017-12-17,1396/09/26,1281530.0,41810.0,1255.26,13927000.0,63.23,11610.0,16.055,95477.4
2017-12-18,1396/09/27,1285230.0,41970.0,1261.6899,13880000.0,63.72,11640.0,16.135,95590.6
2017-12-19,1396/09/28,1286840.0,41860.0,1261.72,13920000.0,64.53,11640.0,16.145,95508.6
2017-12-20,1396/09/29,1291153.0,41929.0,1265.62,13943900.0,64.69,11625.0,16.177,95508.6
2017-12-23,1396/10/02,1296540.0,41940.0,1275.01,13960000.0,64.73,11590.0,16.37,97529.4
2017-12-24,1396/10/03,1298150.0,41790.0,1275.01,13969000.0,64.73,11570.0,16.37,98358.4
2017-12-25,1396/10/04,1302770.0,41890.0,1275.24,14043000.0,66.28,11550.0,16.38,98152.8
2017-12-26,1396/10/05,1310620.0,41890.0,1283.29,14113000.0,65.86,11580.0,16.54,97899.2
2017-12-27,1396/10/06,1336662.0,42299.0,1287.41,14377900.0,66.22,11645.0,16.688,97899.2
2017-12-30,1396/10/09,1347560.0,42880.0,1302.55,14500000.0,66.63,11790.0,16.949,95561.6
2017-12-31,1396/10/10,1369950.0,42880.0,1302.55,14890000.0,66.63,11790.0,16.949,96208.0
2018-01-01,1396/10/11,1383340.0,43390.0,1306.86,14907500.0,66.53,11830.0,17.014,96241.3
2018-01-02,1396/10/12,1400430.0,43740.0,1318.14,15030000.0,67.84,12060.0,17.188,95929.5
2018-01-03,1396/10/13,1363644.0,43283.0,1312.84,14658000.0,67.95,11866.0,17.131,95929.5
2018-01-06,1396/10/16,1372030.0,43530.0,1320.21,14700000.0,67.72,11890.0,17.228,96234.5
2018-01-07,1396/10/17,1372260.0,43950.0,1320.21,14683000.0,67.81,11940.0,17.228,96332.6
2018-01-08,1396/10/18,1369490.0,43660.0,1320.58,14700000.0,68.73,11950.0,17.143,96149.3
2018-01-09,1396/10/19,1384270.0,44010.0,1312.66,14945000.0,69.02,12020.0,16.97,96186.0
2018-01-10,1396/10/20,1388673.0,44116.0,1317.1899,14936500.0,69.2,12120.0,16.965,96186.0
2018-01-13,1396/10/23,1393270.0,44260.0,1338.4,14877000.0,69.8,12190.0,17.256,97228.7
2018-01-14,1396/10/24,1402500.0,44210.0,1338.4,14920000.0,70.17,12160.0,17.256,97944.0
2018-01-15,1396/10/25,1402040.0,44290.0,1340.16,14940000.0,69.34,12170.0,17.355,98596.9
2018-01-16,1396/10/26,1413820.0,44480.0,1338.61,15150000.0,69.33,12250.0,17.197,98923.6
2018-01-17,1396/10/27,1411775.0,44617.0,1327.73,15174400.0,69.32,12355.0,17.014,98923.6
2018-01-20,1396/10/30,1441750.0,45970.0,1331.8,15282000.0,68.75,12560.0,17.025,98221.1
2018-01-21,1396/11/01,1441520.0,45790.0,1331.8,15285000.0,69.11,12600.0,17.025,98628.4
2018-01-22,1396/11/02,1442680.0,45800.0,1334.11,15180000.0,70.09,12790.0,17.013,99224.8
2018-01-23,1396/11/03,1448450.0,45660.0,1341.39,15190000.0,70.7,12900.0,17.048,99522.2
2018-01-24,1396/11/04,1448038.0,45330.0,1358.15,15143000.0,70.27,12795.0,17.569,99522.2
2018-01-27,1396/11/07,1447290.0,45680.0,1350.14,14890000.0,70.15,12820.0,17.415,99414.6
2018-01-28,1396/11/08,1440600.0,45500.0,1350.14,14770000.0,69.17,12850.0,17.415,99046.1
2018-01-29,1396/11/09,1442680.0,45670.0,1340.35,14875000.0,68.39,12850.0,17.16,98557.9
2018-01-30,1396/11/10,1455140.0,46450.0,1338.55,15035000.0,68.96,12850.0,17.131,98133.5
2018-01-31,1396/11/11,1468933.0,46768.0,1345.1,15029600.0,69.79,13000.0,17.33,98133.5
2018-02-03,1396/11/14,1478690.0,47440.0,1332.98,15195000.0,68.6,13170.0,16.596,97808.2
2018-02-04,1396/11/15,1483310.0,46760.0,1332.98,15225000.0,67.45,13270.0,16.596,98033.5
2018-02-05,1396/11/16,1480310.0,46900.0,1339.6,15225000.0,66.94,13250.0,16.742,97927.5
2018-02-06,1396/11/17,1474770.0,45450.0,1325.02,15205000.0,65.56,13350.0,16.642,98319.5
2018-02-07,1396/11/18,1484588.0,46900.0,1318.49,15334000.0,64.38,13395.0,16.376,98319.5
2018-02-10,1396/11/21,1490460.0,47270.0,1316.6899,15440000.0,62.62,13420.0,16.356,97782.7
2018-02-12,1396/11/23,1519780.0,48770.0,1322.88,15905000.0,62.78,13700.0,16.549,98103.4
2018-02-13,1396/11/24,1496470.0,48170.0,1329.55,15775000.0,64.46,13680.0,16.57,98347.9
2018-02-14,1396/11/25,1472800.0,47180.0,1350.76,15175000.0,64.54,13600.0,16.873,98347.9
2018-02-17,1396/11/28,1456070.0,46090.0,1347.86,15017500.0,64.88,13270.0,16.672,98300.7
2018-02-18,1396/11/29,1432348.0,45750.0,1347.86,14763170.0,64.88,13045.0,16.672,98148.5
2018-02-21,1396/12/02,1438750.0,44911.0,1324.26,14799000.0,66.23,13000.0,16.494,98157.3
2018-02-22,1396/12/03,1438290.0,44911.0,1331.51,14788000.0,67.33,13000.0,16.616,98157.3
2018-02-24,1396/12/05,1465300.0,44760.0,1328.9399,15200000.0,67.04,13170.0,16.541,98080.3
2018-02-25,1396/12/06,1494160.0,44780.0,1328.9399,15370000.0,67.31,13300.0,16.541,98098.5
2018-02-26,1396/12/07,1469460.0,44720.0,1333.16,15416000.0,66.42,13470.0,16.662,98100.8
2018-02-27,1396/12/08,1474070.0,44710.0,1318.2,15550000.0,64.56,13390.0,16.423,97961.8
2018-02-28,1396/12/09,1473850.0,44700.0,1318.05,15503000.0,64.23,13390.0,16.409,97961.8
2018-03-01,1396/12/10,1486080.0,44690.0,1316.55,15535000.0,64.44,13390.0,16.47,97961.8
2018-03-03,1396/12/12,1490230.0,47700.0,1322.2,15910000.0,64.55,13420.0,16.51,97354.3
2018-03-04,1396/12/13,1485390.0,47690.0,1322.2,15917000.0,65.59,13450.0,16.51,97182.7
2018-03-05,1396/12/14,1498310.0,47750.0,1320.01,15888000.0,65.69,13470.0,16.434,96991.0
2018-03-06,1396/12/15,1496930.0,47880.0,1334.46,15861000.0,64.45,13570.0,16.755,96860.3
2018-03-07,1396/12/16,1498550.0,47860.0,1325.54,15831000.0,63.84,13380.0,16.5,96860.3
2018-03-08,1396/12/17,1500620.0,47890.0,1322.35,15837000.0,65.58,13380.0,16.497,96860.3
2018-03-10,1396/12/19,1509400.0,48030.0,1323.7,15820000.0,65.61,13400.0,16.599,96028.5
2018-03-11,1396/12/20,1519550.0,48260.0,1323.7,16000000.0,64.97,13450.0,16.599,96194.5
2018-03-12,1396/12/21,1533640.0,48160.0,1323.05,16144000.0,64.58,13620.0,16.535,96314.2
2018-03-13,1396/12/22,1530640.0,48510.0,1326.39,16402000.0,64.81,13566.0,16.585,95525.9
2018-03-14,1396/12/23,1519780.0,48490.0,1325.0,16240000.0,65.11,13569.0,16.539,95525.9
2018-03-15,1396/12/24,1518630.0,48650.0,1316.26,16240000.0,66.08,13569.0,16.395,95525.9
2018-03-17,1396/12/26,1522790.0,48190.0,1314.0,16060000.0,66.13,13510.0,16.346,95819.6
2018-03-18,1396/12/27,1533640.0,48570.0,1314.0,16166000.0,66.11,13520.0,16.346,96290.0
2018-03-19,1396/12/28,1533410.0,48990.0,1316.9399,16143000.0,67.36,13520.0,16.335,96290.0
2018-03-25,1397/01/05,1620670.0,51030.0,1347.22,17100000.0,69.53,13830.0,16.566,96489.7
2018-03-26,1397/01/06,1595740.0,50490.0,1353.46,17125000.0,69.0,13870.0,16.701,96596.7
2018-03-27,1397/01/07,1574270.0,50460.0,1344.71,17050000.0,68.91,13890.0,16.531,96938.9
2018-03-28,1397/01/08,1588580.0,50450.0,1324.99,17275000.0,69.28,13800.0,16.31,96938.9
2018-03-29,1397/01/09,1591810.0,51020.0,1325.0,17275000.0,69.44,13800.0,16.365,96938.9
2018-04-03,1397/01/14,1601970.0,50560.0,1332.83,17360000.0,68.06,13800.0,16.418,97150.6
2018-04-04,1397/01/15,1606360.0,50940.0,1333.35,17490000.0,68.44,13950.0,16.323,97150.6
2018-04-05,1397/01/16,1606820.0,50940.0,1326.55,17390000.0,68.56,13950.0,16.395,97150.6
2018-04-07,1397/01/18,1696860.0,56600.0,1333.2,19300000.0,67.04,15300.0,16.387,96341.3
2018-04-08,1397/01/19,1713020.0,58650.0,1333.2,19550000.0,68.56,16200.0,16.387,97120.8
2018-04-09,1397/01/20,1578660.0,58200.0,1336.24,17700000.0,71.32,15900.0,16.494,96748.0
2018-04-10,1397/01/21,1662460.0,55030.0,1340.05,17910000.0,71.89,14900.0,16.57,96287.1
2018-04-11,1397/01/22,1635220.0,46600.0,1353.29,17850000.0,72.14,15210.0,16.657,96287.1
2018-04-12,1397/01/23,1653920.0,46600.0,1335.48,17850000.0,72.36,15210.0,16.455,96287.1
2018-04-15,1397/01/26,1704940.0,52700.0,1345.46,18560000.0,71.53,15260.0,16.663,95506.3
2018-04-16,1397/01/27,1688320.0,52700.0,1345.91,17970000.0,71.56,15260.0,16.645,95522.7
2018-04-17,1397/01/28,1691320.0,44100.0,1347.29,18400000.0,73.61,14880.0,16.779,95523.9
2018-04-18,1397/01/29,1700780.0,48780.0,1349.3199,18290000.0,73.7,14980.0,17.196,95523.9
2018-04-19,1397/01/30,1698710.0,51929.0,1345.6,18290000.0,73.95,14880.0,17.253,95523.9
2018-04-21,1397/02/01,1694550.0,55870.0,1335.12,18200000.0,73.63,15220.0,17.14,94494.3
2018-04-22,1397/02/02,1692240.0,55290.0,1335.12,17700000.0,75.03,15220.0,17.14,94299.5
2018-04-23,1397/02/03,1713250.0,54500.0,1325.0,17600000.0,73.94,15010.0,16.555,94576.4
2018-04-24,1397/02/04,1712560.0,54230.0,1330.6801,17470000.0,73.87,15120.0,16.735,94796.1
2018-04-25,1397/02/05,1724560.0,56234.0,1323.33,17670000.0,74.73,15373.0,16.545,94796.1
2018-04-26,1397/02/06,1727100.0,56234.0,1317.28,17670000.0,74.42,15373.0,16.523,94796.1
2018-04-28,1397/02/08,1756880.0,58540.0,1322.8,18450000.0,73.79,15250.0,16.532,93805.6
2018-04-29,1397/02/09,1797290.0,57030.0,1322.8,18550000.0,74.59,15170.0,16.532,93586.9
2018-04-30,1397/02/10,1812060.0,59650.0,1315.36,19000000.0,73.3,16250.0,16.343,93612.1
2018-05-01,1397/02/11,1867700.0,59640.0,1303.97,19080000.0,73.31,16230.0,16.155,93612.1
2018-05-03,1397/02/13,1885010.0,61160.0,1312.09,19660000.0,74.89,16846.0,16.453,93612.1
2018-05-05,1397/02/15,1965820.0,63500.0,1315.05,20370000.0,74.96,17040.0,16.517,92849.9
2018-05-06,1397/02/16,1865850.0,59230.0,1315.05,18980000.0,75.12,16320.0,16.517,93165.9
2018-05-07,1397/02/17,1891940.0,63900.0,1314.3,20020000.0,75.68,17150.0,16.488,93605.9
2018-05-08,1397/02/18,1939500.0,65710.0,1314.47,20190000.0,77.19,17550.0,16.479,93691.2
2018-05-09,1397/02/19,1995140.0,66530.0,1312.78,21030000.0,77.46,18150.0,16.529,93691.2
2018-05-10,1397/02/20,2016380.0,66900.0,1321.39,21060000.0,77.03,18200.0,16.715,93691.2
2018-05-12,1397/02/22,1913870.0,64550.0,1318.22,19790000.0,76.99,17570.0,16.667,94165.8
2018-05-13,1397/02/23,1839300.0,63300.0,1318.22,19040000.0,78.4,17170.0,16.667,94703.5
2018-05-14,1397/02/24,1855500.0,64140.0,1312.8199,19050000.0,78.25,17420.0,16.53,94905.9
2018-05-15,1397/02/25,1853400.0,61520.0,1290.64,19380000.0,79.19,16790.0,16.274,94940.2
2018-05-16,1397/02/26,1864500.0,62740.0,1291.03,19750000.0,79.38,17100.0,16.388,94940.2
2018-05-17,1397/02/27,1851800.0,62640.0,1291.0,19760000.0,78.68,17070.0,16.441,94940.2
2018-05-19,1397/02/29,1830800.0,62010.0,1292.5,19560000.0,78.67,16820.0,16.455,95136.5
2018-05-20,1397/02/30,1893600.0,63330.0,1292.5,19960000.0,79.35,17090.0,16.455,95227.5
2018-05-21,1397/02/31,1872300.0,63870.0,1292.6801,20130000.0,79.37,17310.0,16.519,95229.9
2018-05-22,1397/03/01,1873500.0,63640.0,1291.3199,20070000.0,79.65,17210.0,16.554,95445.1
2018-05-23,1397/03/02,1905800.0,63440.0,1293.75,20360000.0,78.86,17130.0,16.445,95445.1
2018-05-24,1397/03/03,1898600.0,63670.0,1304.88,20220000.0,76.32,17210.0,16.663,95445.1
2018-05-26,1397/03/05,1910400.0,63630.0,1301.61,20450000.0,76.47,17200.0,16.508,95626.0
2018-05-27,1397/03/06,1930000.0,63530.0,1301.61,20775000.0,75.33,17170.0,16.508,95529.6
2018-05-28,1397/03/07,1980800.0,62920.0,1298.11,21450000.0,75.44,16920.0,16.476,95409.6
2018-05-29,1397/03/08,1969100.0,64380.0,1298.86,21495000.0,77.86,17450.0,16.423,95577.7
2018-05-30,1397/03/09,1969100.0,64640.0,1301.48,21550000.0,77.74,17460.0,16.514,95577.7
2018-05-31,1397/03/10,1957700.0,65020.0,1298.3199,21560000.0,76.72,17530.0,16.375,95577.7
2018-06-02,1397/03/12,1970400.0,64390.0,1293.14,21745000.0,76.61,17430.0,16.4,95998.9
2018-06-03,1397/03/13,1990100.0,64250.0,1293.14,21760000.0,75.34,17420.0,16.4,95998.9
2018-06-07,1397/03/17,1982000.0,64390.0,1297.12,22250000.0,76.42,17510.0,16.706,95998.9
2018-06-09,1397/03/19,2035100.0,65760.0,1298.75,24535000.0,76.4,17610.0,16.781,95916.0
2018-06-10,1397/03/20,2046600.0,67810.0,1298.75,24755000.0,76.39,18520.0,16.781,95847.5
2018-06-11,1397/03/21,2103000.0,70350.0,1300.14,25245000.0,75.84,18980.0,16.931,96378.7
2018-06-12,1397/03/22,2119800.0,70080.0,1295.97,25125000.0,76.64,18940.0,16.858,99146.3
2018-06-13,1397/03/23,2091400.0,67690.0,1299.71,23955000.0,75.97,18090.0,17.041,99146.3
2018-06-14,1397/03/24,2063500.0,68670.0,1302.22,23865000.0,73.44,18490.0,17.177,99146.3
2018-06-17,1397/03/27,2119800.0,70540.0,1279.84,24930000.0,75.31,19240.0,16.558,102452.4
2018-06-18,1397/03/28,2173400.0,72270.0,1278.3101,25200000.0,75.17,19570.0,16.425,106504.1
2018-06-19,1397/03/29,2196700.0,74000.0,1274.76,25530000.0,74.48,20010.0,16.32,108872.9
2018-06-20,1397/03/30,2209400.0,74911.0,1268.1,25820000.0,73.17,20370.0,16.294,108872.9
2018-06-21,1397/03/31,2240300.0,74911.0,1267.2,25945000.0,75.51,20450.0,16.356,108872.9
2018-06-23,1397/04/02,2578800.0,87050.0,1269.28,29760000.0,75.32,23780.0,16.477,112061.3
2018-06-24,1397/04/03,2360400.0,81550.0,1269.28,28160000.0,74.3,22050.0,16.477,115174.5
2018-06-25,1397/04/04,2391800.0,78910.0,1266.0,28220000.0,76.15,21450.0,16.335,113527.7
2018-06-26,1397/04/05,2392900.0,79740.0,1258.99,28700000.0,77.19,21660.0,16.295,111324.8
2018-06-27,1397/04/06,2432200.0,82280.0,1252.02,29000000.0,77.34,22350.0,16.049,111324.8
2018-06-28,1397/04/07,2447400.0,82280.0,1248.28,29200000.0,79.06,22530.0,16.001,111324.8
2018-06-30,1397/04/09,2448300.0,83580.0,1253.0,29920000.0,79.23,22660.0,16.119,111510.8
2018-07-01,1397/04/10,2439800.0,83310.0,1253.0,29830000.0,77.33,22600.0,16.119,111510.8
2018-07-02,1397/04/11,2402200.0,81600.0,1241.97,29560000.0,77.69,22270.0,15.855,111510.8
2018-07-03,1397/04/12,2336400.0,80140.0,1252.9301,28700000.0,78.17,21830.0,16.047,112490.0
2018-07-04,1397/04/13,2278700.0,78470.0,1256.95,27470000.0,77.47,21619.0,16.084,112490.0
2018-07-05,1397/04/14,2374200.0,80370.0,1257.76,28830000.0,77.11,21619.0,16.02,112490.0
2018-07-07,1397/04/16,2351400.0,79860.0,1254.99,28720000.0,77.13,21760.0,16.038,110851.0
2018-07-08,1397/04/17,2341000.0,79460.0,1254.99,28500000.0,78.25,21620.0,16.038,110851.0
2018-07-10,1397/04/19,2259700.0,77882.0,1255.65,26600000.0,74.0,21080.0,16.081,109505.0
2018-07-11,1397/04/20,2292500.0,77900.0,1242.16,27150000.0,74.31,21311.0,15.794,109505.0
2018-07-12,1397/04/21,2282300.0,78220.0,1247.14,27000000.0,75.07,21311.0,15.945,109505.0
2018-07-14,1397/04/23,2351400.0,80740.0,1241.52,28240000.0,74.86,21990.0,15.819,108072.0
2018-07-15,1397/04/24,2306800.0,79190.0,1241.52,27450000.0,72.14,21540.0,15.819,108109.0
2018-07-16,1397/04/25,2365500.0,81950.0,1240.8199,28600000.0,72.13,22080.0,15.79,107780.0
2018-07-17,1397/04/26,2377000.0,81340.0,1227.51,28925000.0,72.91,22050.0,15.594,107776.0
2018-07-18,1397/04/27,2428700.0,81960.0,1227.1801,29930000.0,72.62,22754.0,15.565,107776.0
2018-07-19,1397/04/28,2405600.0,81490.0,1222.8,29930000.0,73.0,22754.0,15.307,107776.0
2018-07-21,1397/04/30,2679200.0,88970.0,1231.76,32535000.0,72.99,24170.0,15.517,108830.0
2018-07-22,1397/04/31,2754500.0,93700.0,1231.76,34035000.0,72.97,25570.0,15.517,108658.0
2018-07-23,1397/05/01,2693100.0,94060.0,1224.54,34730000.0,73.32,25660.0,15.397,108395.0
2018-07-24,1397/05/02,2687300.0,91550.0,1224.55,33510000.0,73.95,24980.0,15.481,108800.0
2018-07-25,1397/05/03,2771500.0,93160.0,1231.61,34750000.0,74.46,25815.0,15.599,108800.0
2018-07-26,1397/05/04,2772700.0,94560.0,1222.67,35250000.0,74.36,25815.0,15.397,108800.0
2018-07-28,1397/05/06,3197500.0,110368.0,1223.38,41629000.0,74.76,30890.0,15.504,113852.0
2018-07-29,1397/05/07,3287500.0,114700.0,1223.38,44210000.0,75.44,31200.0,15.504,116759.0
2018-07-30,1397/05/08,2985100.0,105410.0,1221.8,39050000.0,74.22,28710.0,15.512,121173.0
2018-07-31,1397/05/09,2955100.0,105980.0,1223.83,37880000.0,72.49,28790.0,15.539,123951.0
2018-08-01,1397/05/10,3024300.0,112960.0,1216.05,40600000.0,73.43,29967.0,15.393,123951.0
2018-08-02,1397/05/11,2998200.0,105770.0,1207.96,39050000.0,73.38,29967.0,15.335,123951.0
2018-08-04,1397/05/13,2800400.0,98170.0,1213.4301,36650000.0,73.36,26730.0,15.42,128448.0
2018-08-05,1397/05/14,2758900.0,95960.0,1213.4301,34350000.0,73.69,26100.0,15.42,133328.0
2018-08-06,1397/05/15,2594900.0,89760.0,1206.9399,30600000.0,74.56,24320.0,15.31,133584.0
2018-08-07,1397/05/16,2883500.0,102540.0,1211.02,30950000.0,72.33,27840.0,15.376,131521.0
2018-08-08,1397/05/17,2945900.0,103360.0,1213.61,31089000.0,72.05,28210.0,15.417,131521.0
2018-08-09,1397/05/18,3054400.0,109430.0,1212.35,36606900.0,72.83,28210.0,15.458,131521.0
2018-08-11,1397/05/20,2957250.0,100850.0,1211.3,36980000.0,72.97,27460.0,15.31,129901.0
2018-08-12,1397/05/21,2971200.0,106260.0,1211.3,38450000.0,72.77,28870.0,15.31,128522.0
2018-08-13,1397/05/22,2959700.0,105550.0,1193.64,38750000.0,72.58,28680.0,14.996,130927.0
2018-08-14,1397/05/23,2900800.0,105030.0,1194.03,37330000.0,70.78,28550.0,14.985,130476.0
2018-08-15,1397/05/24,2957400.0,107090.0,1174.88,38000000.0,71.42,28126.0,14.453,130476.0
2018-08-16,1397/05/25,2930800.0,107120.0,1174.16,38000000.0,71.84,28126.0,14.655,130476.0
2018-08-18,1397/05/27,2910600.0,103050.0,1184.77,37780000.0,71.8,28090.0,14.8,134354.0
2018-08-19,1397/05/28,2913500.0,104140.0,1184.77,38010000.0,72.18,28380.0,14.8,137072.0
2018-08-20,1397/05/29,2952800.0,105840.0,1190.53,38700000.0,72.44,28890.0,14.757,136910.0
2018-08-21,1397/05/30,2956200.0,105460.0,1196.12,38650000.0,74.83,28710.0,14.784,136910.0
2018-08-23,1397/06/01,2938900.0,102790.0,1185.3101,38180000.0,75.58,28514.0,14.498,136910.0
2018-08-25,1397/06/03,2958600.0,105430.0,1205.97,38540000.0,76.13,28700.0,14.815,138582.0
2018-08-26,1397/06/04,3036500.0,107150.0,1205.97,39720000.0,76.55,29170.0,14.815,140309.0
2018-08-27,1397/06/05,3077400.0,110610.0,1211.35,40250000.0,76.33,29960.0,14.9,136765.0
2018-08-28,1397/06/06,3106300.0,110110.0,1201.26,40740000.0,77.59,29830.0,14.707,137472.0
2018-08-29,1397/06/07,3113200.0,110350.0,1206.66,40480000.0,77.75,30090.0,14.762,137472.0
2018-09-01,1397/06/10,3310600.0,124573.0,1201.09,44400000.0,77.69,32610.0,14.525,133676.0
2018-09-02,1397/06/11,3453800.0,124573.0,1201.09,45750000.0,78.0,34870.0,14.525,135257.0
2018-09-03,1397/06/12,3601500.0,127950.0,1201.15,45700000.0,77.59,37170.0,14.51,137983.0
2018-09-04,1397/06/13,3714600.0,136890.0,1191.35,45350000.0,77.27,37260.0,14.13,137714.0
2018-09-05,1397/06/14,3583000.0,134771.0,1196.75,43800000.0,76.66,36820.0,14.185,137714.0
2018-09-06,1397/06/15,3543800.0,134771.0,1200.14,44550000.0,76.95,36800.0,14.158,137714.0
2018-09-08,1397/06/17,3442200.0,129630.0,1195.86,41900000.0,77.03,35290.0,14.143,142234.0
2018-09-09,1397/06/18,3673100.0,138160.0,1195.86,43800000.0,77.38,37740.0,14.143,146998.0
2018-09-10,1397/06/19,3728500.0,135330.0,1195.88,44030000.0,79.12,36900.0,14.185,148577.0
2018-09-11,1397/06/20,3716900.0,137160.0,1198.29,43910000.0,79.61,37400.0,14.137,155061.0
2018-09-12,1397/06/21,3747000.0,137600.0,1206.1899,44030000.0,78.36,37793.0,14.253,155061.0
2018-09-13,1397/06/22,3752700.0,137650.0,1201.4399,44000000.0,78.09,37793.0,14.197,155061.0
2018-09-15,1397/06/24,3917800.0,142700.0,1193.71,45530000.0,78.11,38900.0,14.073,155710.0
2018-09-16,1397/06/25,3943200.0,143650.0,1193.71,45450000.0,77.88,39010.0,14.073,158071.0
2018-09-17,1397/06/26,4021700.0,145880.0,1200.9301,45880000.0,79.0,39280.0,14.195,157328.0
2018-09-18,1397/06/27,4018790.0,145880.0,1198.35,45970000.0,79.2,39280.0,14.152,157328.0
2018-09-22,1397/06/31,4196000.0,149340.0,1199.55,46050000.0,78.24,40620.0,14.299,165072.0
2018-09-23,1397/07/01,4522700.0,160000.0,1199.55,47630000.0,80.72,43590.0,14.299,168624.0
2018-09-24,1397/07/02,4899000.0,169990.0,1198.86,49200000.0,81.16,46350.0,14.263,174618.0
2018-09-25,1397/07/03,5490000.0,186680.0,1201.3101,54150000.0,81.14,50830.0,14.46,180635.0
2018-09-26,1397/07/04,4889700.0,175390.0,1194.46,51700000.0,81.28,47000.0,14.335,180635.0
2018-09-27,1397/07/05,4885970.0,175390.0,1182.8,51300000.0,82.94,47000.0,14.24,180635.0
2018-09-29,1397/07/07,4815900.0,170220.0,1192.09,49900000.0,82.88,46410.0,14.65,195104.0
2018-09-30,1397/07/08,4259500.0,151770.0,1192.09,45700000.0,85.14,41460.0,14.65,195480.0
2018-10-01,1397/07/09,3624600.0,145288.0,1188.47,44000000.0,84.58,36508.0,14.5,188259.0
2018-10-02,1397/07/10,4030900.0,132200.0,1203.1,43800000.0,85.98,35629.0,14.685,185559.0
2018-10-03,1397/07/11,3768378.0,126800.0,1197.37,39288000.0,84.74,35839.0,14.63,185559.0
2018-10-06,1397/07/14,3779300.0,131100.0,1202.86,37800000.0,84.03,35290.0,14.63,176419.0
2018-10-07,1397/07/15,4063200.0,141400.0,1202.86,40950000.0,83.89,37150.0,14.63,175185.0
2018-10-08,1397/07/16,4236400.0,121400.0,1188.01,46100000.0,84.78,40360.0,14.365,180847.0
2018-10-09,1397/07/17,4241000.0,123700.0,1189.62,45010000.0,82.73,33580.0,14.395,181015.0
2018-10-10,1397/07/18,4226360.0,121900.0,1194.78,44095000.0,80.16,33590.0,14.303,181015.0
2018-10-11,1397/07/19,4226360.0,121900.0,1224.33,44095000.0,80.53,33590.0,14.585,181015.0
2018-10-13,1397/07/21,4096219.0,131000.0,1217.9301,44349000.0,80.5,33100.0,14.597,174826.0
2018-10-14,1397/07/22,4097792.0,125100.0,1217.9301,44371000.0,80.77,34560.0,14.597,180601.0
2018-10-15,1397/07/23,4098021.0,135500.0,1226.9301,45184000.0,81.33,34220.0,14.693,182834.0
2018-10-17,1397/07/25,4087980.0,134000.0,1222.6801,43633000.0,79.36,38020.0,14.614,182929.0
2018-10-18,1397/07/26,4087980.0,134000.0,1225.75,43633000.0,79.92,38020.0,14.575,182929.0
2018-10-20,1397/07/28,3933460.0,134300.0,1226.3199,43686000.0,80.0,39800.0,14.639,189438.0
2018-10-21,1397/07/29,4074140.0,144150.0,1226.3199,43462000.0,80.08,35690.0,14.639,187778.0
2018-10-22,1397/07/30,4051080.0,141940.0,1222.17,44632000.0,76.33,35750.0,14.635,185318.0
2018-10-23,1397/08/01,4009570.0,140390.0,1230.49,43252000.0,75.47,39460.0,14.733,181060.0
2018-10-24,1397/08/02,4205457.0,118800.0,1234.22,45150000.0,76.66,34740.0,14.688,181060.0
2018-10-26,1397/08/04,4081480.0,118400.0,1233.59,43424000.0,77.68,38830.0,14.635,178841.0
2018-10-27,1397/08/05,4179516.0,120600.0,1233.59,43121000.0,77.66,33570.0,14.635,180626.0
2018-10-28,1397/08/06,4081738.0,118400.0,1233.59,43473000.0,76.92,35850.0,14.635,183219.0
2018-10-30,1397/08/08,4159600.0,120500.0,1223.4399,43827000.0,74.72,31100.0,14.465,183367.0
2018-10-31,1397/08/09,4068432.0,119600.0,1214.54,44765000.0,72.75,32050.0,14.257,183367.0
2018-11-02,1397/08/11,4076544.0,119200.0,1232.89,43184000.0,72.57,36000.0,14.752,183448.0
2018-11-03,1397/08/12,4210598.0,120300.0,1232.89,45083000.0,72.57,35750.0,14.752,182918.0
2018-11-04,1397/08/13,4115845.0,120500.0,1232.89,43190000.0,72.81,33577.0,14.752,184159.0
2018-11-05,1397/08/14,4113052.0,120300.0,1231.3,42873000.0,71.97,36830.0,14.65,185100.0
2018-11-10,1397/08/19,4081700.0,120600.0,1209.6,43150000.0,69.64,37910.0,14.159,180668.0
2018-11-11,1397/08/20,3984700.0,119900.0,1209.6,42500000.0,69.08,38640.0,14.159,182211.0
2018-11-12,1397/08/21,3860100.0,119200.0,1200.65,41750000.0,64.9,34550.0,13.99,183212.0
2018-11-13,1397/08/22,3638500.0,119200.0,1202.35,39300000.0,66.1,35870.0,14.002,181994.0
2018-11-14,1397/08/23,3730110.0,118400.0,1210.91,39860000.0,66.59,39430.0,14.135,181994.0
2018-11-16,1397/08/25,3695230.0,118400.0,1221.47,39915000.0,67.0,36210.0,14.413,178819.0
2018-11-17,1397/08/26,3739150.0,120870.0,1221.47,39584000.0,67.0,39580.0,14.413,173557.0
2018-11-18,1397/08/27,3680790.0,127220.0,1221.47,39891000.0,66.93,39180.0,14.413,175816.0
2018-11-19,1397/08/28,3728290.0,128400.0,1224.05,39409000.0,62.33,34850.0,14.425,176458.0
2018-11-20,1397/08/29,3716540.0,127910.0,1221.55,39505000.0,63.44,36790.0,14.316,175713.0
2018-11-21,1397/08/30,3684690.0,127710.0,1226.02,39600000.0,62.54,32380.0,14.493,175713.0
2018-11-23,1397/09/02,3647800.0,127710.0,1223.1899,38530000.0,59.22,31420.0,14.29,171252.0
2018-11-26,1397/09/05,3518400.0,123030.0,1222.37,38450000.0,60.69,35450.0,14.232,167199.0
2018-11-27,1397/09/06,3324500.0,121150.0,1214.6899,36500000.0,59.13,31150.0,14.143,163772.0
2018-11-28,1397/09/07,3336650.0,112450.0,1221.11,37550000.0,59.8,32352.0,14.324,163772.0
2018-12-01,1397/09/10,3569200.0,121100.0,1221.97,39030000.0,59.19,31180.0,14.175,163138.0
2018-12-02,1397/09/11,3403000.0,114300.0,1221.97,37430000.0,61.8,33644.0,14.175,166304.0
2018-12-03,1397/09/12,3396000.0,113670.0,1231.08,37580000.0,61.75,33644.0,14.39,165701.0
2018-12-04,1397/09/13,3386800.0,113520.0,1238.55,37770000.0,61.73,35490.0,14.519,166860.0
2018-12-05,1397/09/14,3387140.0,113418.0,1237.5601,38950000.0,60.23,30978.0,14.507,166860.0
2018-12-08,1397/09/17,3384500.0,112410.0,1248.1,37650000.0,61.31,30600.0,14.62,166891.0
2018-12-09,1397/09/18,3173220.0,107900.0,1248.1,36550000.0,59.63,29370.0,14.62,166915.0
2018-12-11,1397/09/20,3169800.0,97100.0,1242.9399,35800000.0,60.11,26440.0,14.55,165352.0
2018-12-12,1397/09/21,3097230.0,101300.0,1245.8,35750000.0,61.95,27586.0,14.75,165352.0
2018-12-15,1397/09/24,3035900.0,99500.0,1238.21,33800000.0,60.3,27090.0,14.569,161708.0
2018-12-16,1397/09/25,3010500.0,99400.0,1238.21,35000000.0,58.86,27166.0,14.569,159749.0
2018-12-17,1397/09/26,3059000.0,99400.0,1245.91,35060000.0,56.3,27166.0,14.664,159146.0
2018-12-18,1397/09/27,3047400.0,99900.0,1249.38,33820000.0,56.62,27200.0,14.642,156083.0
2018-12-19,1397/09/28,3030820.0,99700.0,1243.39,33613000.0,54.6,27172.0,14.598,156083.0
2018-12-22,1397/10/01,3063600.0,100970.0,1256.01,34600000.0,54.1,27410.0,14.62,156693.0
2018-12-23,1397/10/02,3139800.0,101000.0,1256.01,34660000.0,50.73,27500.0,14.62,157484.0
2018-12-24,1397/10/03,3386800.0,105000.0,1269.13,37050000.0,50.73,28590.0,14.775,156950.0
2018-12-25,1397/10/04,3398400.0,112000.0,1269.13,36830000.0,55.26,30490.0,14.78,158443.0
2018-12-26,1397/10/05,3219470.0,107500.0,1266.98,35009000.0,53.43,28433.0,15.034,158443.0
2018-12-29,1397/10/08,3354500.0,107000.0,1280.75,36180000.0,53.03,29130.0,15.39,161309.0
2018-12-30,1397/10/09,3391400.0,108000.0,1280.75,37170000.0,54.16,29400.0,15.39,161405.0
2018-12-31,1397/10/10,3317500.0,105000.0,1282.8199,36200000.0,54.16,28590.0,15.495,161840.0
2019-01-01,1397/10/11,3312900.0,104500.0,1282.62,36210000.0,54.97,28450.0,15.4915,160898.0
2019-01-02,1397/10/12,3330310.0,106000.0,1284.77,36570000.0,55.92,28836.0,15.517,160898.0
2019-01-05,1397/10/15,3370600.0,105500.0,1284.92,36900000.0,57.41,28720.0,15.694,161275.0
2019-01-06,1397/10/16,3446800.0,107000.0,1284.92,37570000.0,57.49,29130.0,15.694,162323.0
2019-01-07,1397/10/17,3423700.0,109000.0,1288.67,37450000.0,58.69,29680.0,15.6465,163967.0
2019-01-08,1397/10/18,3444500.0,108800.0,1285.35,37840000.0,61.54,29620.0,15.6545,164829.0
2019-01-09,1397/10/19,3538510.0,108900.0,1293.13,38948000.0,61.62,30432.0,15.745,164829.0
2019-01-12,1397/10/22,3497600.0,114000.0,1288.0,37650000.0,60.55,31040.0,15.6015,164493.0
2019-01-13,1397/10/23,3532300.0,109900.0,1288.0,38450000.0,59.16,29920.0,15.6015,164696.0
2019-01-14,1397/10/24,3573000.0,112500.0,1291.73,38900000.0,60.58,30630.0,15.6525,165445.0
2019-01-15,1397/10/25,3610700.0,114500.0,1289.3101,39240000.0,61.36,31170.0,15.5795,165595.0
2019-01-16,1397/10/26,3617651.0,115900.0,1293.52,39380000.0,61.34,31285.0,15.592,165595.0
2019-01-19,1397/10/29,3617700.0,114500.0,1281.49,39960000.0,62.62,31180.0,15.345,165575.0
2019-01-20,1397/10/30,3696200.0,116300.0,1281.49,40675000.0,62.84,31670.0,15.345,161922.0
2019-01-21,1397/11/01,3659200.0,116500.0,1280.28,40180000.0,61.4,31720.0,15.27,162805.0
2019-01-22,1397/11/02,3638400.0,115400.0,1285.04,40540000.0,61.17,31420.0,15.3345,162940.0
2019-01-23,1397/11/03,3699150.0,115000.0,1282.39,41019000.0,61.12,31622.0,15.354,162940.0
2019-01-26,1397/11/06,3733100.0,117900.0,1303.22,41510000.0,61.59,32100.0,15.747,160797.0
2019-01-27,1397/11/07,3728500.0,118000.0,1303.22,42020000.0,59.91,32130.0,15.747,159818.0
2019-01-28,1397/11/08,3772300.0,118300.0,1303.53,42390000.0,61.03,32210.0,15.7475,160153.0
2019-01-29,1397/11/09,3758500.0,119450.0,1311.9301,42050000.0,61.52,32530.0,15.844,160294.0
2019-01-30,1397/11/10,3697880.0,118500.0,1319.91,40195000.0,60.99,31687.0,16.0645,160294.0
2019-02-02,1397/11/13,3636100.0,110000.0,1318.0,40920000.0,62.84,29950.0,15.913,157355.0
2019-02-03,1397/11/14,3647700.0,116500.0,1318.0,41600000.0,62.73,31720.0,15.913,158043.0
2019-02-04,1397/11/15,3716900.0,117500.0,1311.75,41911000.0,62.05,32000.0,15.865,158394.0
2019-02-05,1397/11/16,3705400.0,118500.0,1315.01,41911000.0,62.66,32270.0,15.855,158535.0
2019-02-06,1397/11/17,3706650.0,116450.0,1306.22,42212000.0,61.71,31847.0,15.675,158535.0
2019-02-09,1397/11/20,3776910.0,116450.0,1314.0699,42763000.0,62.09,31932.0,15.827,158468.0
2019-02-12,1397/11/23,3818500.0,119300.0,1310.89,42935000.0,63.72,32490.0,15.7075,157310.0
2019-02-13,1397/11/24,3849700.0,118500.0,1306.1899,42574000.0,64.66,32557.0,15.567,157310.0
2019-02-16,1397/11/27,3940900.0,123500.0,1321.41,43625000.0,66.31,33630.0,15.7775,156154.0
2019-02-17,1397/11/28,4151000.0,129000.0,1321.41,44480000.0,66.47,35130.0,15.7775,156705.0
2019-02-18,1397/11/29,4221400.0,128000.0,1326.9,44835000.0,66.44,34850.0,15.81,157387.0
2019-02-19,1397/11/30,4389900.0,129700.0,1341.16,45970000.0,67.11,35320.0,15.99,159489.0
2019-02-20,1397/12/01,4285760.0,126380.0,1338.49,46550000.0,66.95,34788.0,16.055,159489.0
2019-02-23,1397/12/04,4368000.0,136500.0,1327.8,47895000.0,67.25,37170.0,15.919,166030.0
2019-02-24,1397/12/05,4227200.0,134500.0,1327.8,46480000.0,64.81,36620.0,15.919,166793.0
2019-02-25,1397/12/06,4326400.0,133000.0,1327.12,46630000.0,65.5,36220.0,15.8905,164712.0
2019-02-26,1397/12/07,4284900.0,132500.0,1328.96,46400000.0,66.53,36080.0,15.9355,165295.0
2019-02-27,1397/12/08,4265000.0,132000.0,1319.88,46030000.0,66.33,36366.0,15.7415,165295.0
2019-03-02,1397/12/11,4097900.0,129860.0,1293.5601,44670000.0,64.89,35400.0,15.2128,164442.0
2019-03-03,1397/12/12,4017100.0,127070.0,1293.5601,44180000.0,65.62,34580.0,15.2128,164238.0
2019-03-04,1397/12/13,4176400.0,125980.0,1286.66,45100000.0,65.93,34320.0,15.0842,162593.0
2019-03-05,1397/12/14,4130200.0,131540.0,1287.4301,44990000.0,65.87,35830.0,15.1322,162827.0
2019-03-06,1397/12/15,4159130.0,130370.0,1286.76,44594000.0,66.17,35563.0,15.0811,162827.0
2019-03-09,1397/12/18,4178000.0,130420.0,1298.39,44950000.0,65.69,35540.0,15.33,164470.0
2019-03-10,1397/12/19,4107100.0,129050.0,1298.39,44690000.0,66.67,35120.0,15.33,167371.0
2019-03-11,1397/12/20,4086300.0,128470.0,1294.25,44580000.0,66.72,35000.0,15.33,167909.0
2019-03-12,1397/12/21,4213300.0,128550.0,1302.01,46520000.0,67.64,35000.0,15.45,169115.0
2019-03-13,1397/12/22,4173940.0,131020.0,1309.28,46147000.0,67.14,35617.0,15.45,169115.0
2019-03-16,1397/12/25,4151600.0,128830.0,1301.38,45520000.0,67.04,35090.0,15.2777,172522.0
2019-03-17,1397/12/26,4160200.0,128890.0,1301.38,46140000.0,67.44,35090.0,15.2777,175898.0
2019-03-18,1397/12/27,4288300.0,128940.0,1303.7,46607000.0,67.52,35122.0,15.44,178659.0
2019-03-25,1398/01/05,4280000.0,129510.0,1321.9,46530000.0,67.44,35240.0,15.535,179766.0
2019-03-26,1398/01/06,4331000.0,129420.0,1315.51,46706000.0,67.21,35240.0,15.425,181542.0
2019-03-27,1398/01/07,4328300.0,131890.0,1309.87,46830000.0,67.19,35945.0,15.285,181542.0
2019-03-30,1398/01/10,4283200.0,132000.0,1292.15,46608000.0,67.6,35936.0,15.135,185281.0
2019-04-03,1398/01/14,4315300.0,131900.0,1289.9,47474000.0,69.28,35940.0,15.135,185281.0
2019-04-06,1398/01/17,4380000.0,133910.0,1291.7,48430000.0,70.41,36460.0,15.08,188073.0
2019-04-07,1398/01/18,4518000.0,136900.0,1291.7,49920000.0,71.06,37280.0,15.08,188592.0
2019-04-08,1398/01/19,4567000.0,141750.0,1297.41,49660000.0,70.66,38590.0,15.245,190425.0
2019-04-09,1398/01/20,4419000.0,137500.0,1304.13,48440000.0,71.68,37440.0,15.215,193978.0
2019-04-10,1398/01/21,4371600.0,137310.0,1308.05,47760000.0,70.87,37061.0,15.205,193978.0
2019-04-13,1398/01/24,4356000.0,134500.0,1290.4,48170000.0,71.52,36620.0,14.95,196084.0
2019-04-14,1398/01/25,4403000.0,136900.0,1290.4,48500000.0,71.21,37280.0,14.95,201805.0
2019-04-15,1398/01/26,4243000.0,135430.0,1287.88,46750000.0,71.64,36900.0,14.995,201890.0
2019-04-16,1398/01/27,4301000.0,134010.0,1276.5699,47520000.0,71.62,36490.0,14.97,199911.0
2019-04-17,1398/01/28,4286800.0,134790.0,1274.14,47273000.0,71.94,36823.0,14.995,199911.0
2019-04-19,1398/01/30,4376100.0,134790.0,1275.39,47782000.0,71.95,37187.0,14.93,204375.0
2019-04-22,1398/02/02,4382000.0,139420.0,1274.92,48530000.0,74.55,37960.0,14.98,202857.0
2019-04-23,1398/02/03,4393000.0,139520.0,1272.4,49070000.0,74.56,38010.0,14.815,203776.0
2019-04-24,1398/02/04,4396200.0,140480.0,1275.36,49004000.0,74.28,38412.0,14.92,203776.0
2019-04-27,1398/02/07,4460000.0,142860.0,1286.25,50110000.0,71.63,38950.0,15.06,209243.0
2019-04-28,1398/02/08,4446000.0,143520.0,1286.25,49720000.0,71.53,39100.0,15.06,214867.0
2019-04-29,1398/02/09,4435000.0,142380.0,1279.8,49610000.0,71.95,38820.0,14.905,216641.0
2019-04-30,1398/02/10,4509000.0,145070.0,1283.6,50080000.0,72.19,39480.0,14.935,220108.0
2019-05-01,1398/02/11,4550200.0,146010.0,1276.61,50580000.0,70.52,39790.0,14.675,220108.0
2019-05-04,1398/02/14,4567000.0,147510.0,1279.1899,50230000.0,70.83,40150.0,14.925,224057.0
2019-05-05,1398/02/15,4661000.0,150010.0,1279.1899,51100000.0,71.73,40810.0,14.925,215820.0
2019-05-06,1398/02/16,4650000.0,152390.0,1280.33,51260000.0,69.58,41530.0,14.9,208197.0
2019-05-07,1398/02/17,4703000.0,153890.0,1285.15,51500000.0,70.31,41940.0,14.905,211344.0
2019-05-08,1398/02/18,4708500.0,156010.0,1280.9301,51500000.0,70.17,42054.0,14.835,211344.0
2019-05-11,1398/02/21,4523000.0,147970.0,1286.0,49950000.0,70.8,40270.0,14.75,204069.0
2019-05-12,1398/02/22,4585000.0,150470.0,1286.0,50100000.0,70.06,40970.0,14.75,207751.0
2019-05-13,1398/02/23,4647000.0,151510.0,1299.9,50480000.0,71.19,41250.0,14.765,211746.0
2019-05-14,1398/02/24,4578000.0,148490.0,1297.03,49810000.0,72.0,40440.0,14.785,211017.0
2019-05-15,1398/02/25,4495700.0,146380.0,1296.66,48941000.0,72.73,39839.0,14.795,211017.0
2019-05-18,1398/02/28,4338000.0,143510.0,1277.55,48090000.0,72.11,39060.0,14.39,212851.0
2019-05-19,1398/02/29,4181000.0,140360.0,1277.55,46920000.0,72.08,38250.0,14.39,211871.0
2019-05-20,1398/02/30,4246000.0,142380.0,1277.74,47310000.0,72.14,38810.0,14.465,215091.0
2019-05-21,1398/02/31,4403000.0,144010.0,1274.97,48280000.0,70.74,39210.0,14.445,215168.0
2019-05-22,1398/03/01,4280900.0,142010.0,1273.62,47668000.0,67.8,38556.0,14.445,215168.0
2019-05-25,1398/03/04,4290800.0,140822.0,1284.89,46742000.0,67.47,37379.0,14.56,217573.0
2019-05-28,1398/03/07,4190000.0,135970.0,1279.49,46260000.0,67.83,37040.0,14.3459,224476.0
2019-05-29,1398/03/08,4198200.0,137390.0,1279.6,46240000.0,65.02,37370.0,14.415,224476.0
2019-06-01,1398/03/11,4119000.0,134580.0,1305.65,45420000.0,61.69,36690.0,14.57,224544.0
2019-06-02,1398/03/12,4116900.0,132680.0,1305.65,45319000.0,60.7,36105.0,14.57,226983.0
2019-06-08,1398/03/18,4093000.0,127190.0,1340.7,44660000.0,63.29,34590.0,14.99,229808.0
2019-06-09,1398/03/19,4151000.0,131410.0,1340.7,45280000.0,62.3,35760.0,14.99,230267.0
2019-06-10,1398/03/20,4121000.0,130580.0,1328.13,44990000.0,62.27,35550.0,14.66,230617.0
2019-06-11,1398/03/21,4142000.0,131350.0,1326.91,45120000.0,59.9,35750.0,14.7,233352.0
2019-06-12,1398/03/22,4246100.0,134868.0,1333.55,46003000.0,61.34,36119.0,14.735,233352.0
2019-06-15,1398/03/25,4352000.0,137910.0,1341.58,47550000.0,62.05,37520.0,14.87,238220.0
2019-06-16,1398/03/26,4289000.0,135490.0,1341.58,46610000.0,60.96,36890.0,14.87,238160.0
2019-06-17,1398/03/27,4250000.0,132610.0,1339.54,46190000.0,62.29,36100.0,14.835,237148.0
2019-06-18,1398/03/28,4285000.0,134010.0,1346.48,46400000.0,62.12,36480.0,15.005,234879.0
2019-06-19,1398/03/29,4348500.0,134630.0,1360.27,46643000.0,62.12,36366.0,15.155,234879.0
2019-06-22,1398/04/01,4382000.0,133930.0,1399.05,46970000.0,64.45,36470.0,15.3511,237459.0
2019-06-23,1398/04/02,4396000.0,134040.0,1399.05,46970000.0,64.13,36480.0,15.3511,242568.0
2019-06-24,1398/04/03,4398000.0,132040.0,1419.55,46820000.0,64.24,35980.0,15.43,245098.0
2019-06-25,1398/04/04,4370000.0,132340.0,1423.25,46330000.0,65.41,36060.0,15.365,248577.0
2019-06-26,1398/04/05,4337900.0,132260.0,1408.75,46010000.0,65.49,35966.0,15.24,248577.0
2019-06-30,1398/04/09,4283000.0,130140.0,1409.5,45370000.0,65.2,35430.0,15.3075,247122.0
2019-07-01,1398/04/10,4269000.0,129150.0,1384.3101,45100000.0,62.74,35200.0,15.135,248275.0
2019-07-02,1398/04/11,4329000.0,129840.0,1418.4399,45380000.0,63.86,35360.0,15.305,248943.0
2019-07-03,1398/04/12,4375900.0,130820.0,1418.9399,46125000.0,63.17,35977.0,15.3,248943.0
2019-07-06,1398/04/15,4331000.0,130650.0,1399.95,45730000.0,64.47,35570.0,14.97,246447.0
2019-07-07,1398/04/16,4299000.0,128890.0,1399.95,45390000.0,63.85,35110.0,14.97,249252.0
2019-07-08,1398/04/17,4285000.0,129720.0,1395.5,45190000.0,64.25,35350.0,15.025,248716.0
2019-07-09,1398/04/18,4301000.0,129680.0,1397.9,45300000.0,66.81,35330.0,15.1,249622.0
2019-07-10,1398/04/19,4292100.0,129580.0,1419.0,44614000.0,66.67,35267.0,15.24,249622.0
2019-07-13,1398/04/22,4176000.0,124920.0,1415.74,43420000.0,66.88,34010.0,15.21,253577.0
2019-07-14,1398/04/23,4098000.0,121120.0,1415.74,41720000.0,66.34,32990.0,15.21,253303.0
2019-07-15,1398/04/24,3948000.0,118710.0,1414.08,40100000.0,64.75,32300.0,15.375,246268.0
2019-07-16,1398/04/25,3952000.0,118130.0,1406.33,40260000.0,63.57,32170.0,15.555,246790.0
2019-07-17,1398/04/26,3937400.0,119840.0,1426.8,41204000.0,62.3,32584.0,15.97,246790.0
2019-07-20,1398/04/29,4026000.0,122140.0,1425.3,41880000.0,62.84,33230.0,16.205,249661.0
2019-07-21,1398/04/30,4084000.0,123350.0,1425.3,42750000.0,63.38,33580.0,16.205,253056.0
2019-07-22,1398/04/31,4172000.0,125240.0,1425.12,43470000.0,63.91,34110.0,16.34,251278.0
2019-07-23,1398/05/01,4033000.0,120280.0,1417.39,41600000.0,63.06,32770.0,16.395,252864.0
2019-07-24,1398/05/02,4075500.0,118920.0,1425.9,41596000.0,63.34,32567.0,16.59,252864.0
2019-07-27,1398/05/05,4047000.0,120640.0,1418.6899,41630000.0,63.37,32820.0,16.3875,252324.0
2019-07-28,1398/05/06,4082000.0,121490.0,1418.6899,41930000.0,63.55,33090.0,16.3875,252488.0
2019-07-29,1398/05/07,4084000.0,120240.0,1426.9399,41520000.0,64.67,32750.0,16.455,252898.0
2019-07-30,1398/05/08,4031000.0,119140.0,1430.85,40750000.0,64.45,32410.0,16.575,254445.0
2019-07-31,1398/05/09,4058400.0,120790.0,1413.8,41434000.0,61.17,32829.0,16.255,254445.0
2019-08-03,1398/05/12,4075000.0,119440.0,1440.7,41380000.0,61.27,32530.0,16.21,255530.0
2019-08-04,1398/05/13,4142000.0,120250.0,1440.7,42020000.0,59.72,32710.0,16.21,256698.0
2019-08-05,1398/05/14,4144000.0,119550.0,1463.8,41980000.0,59.09,32550.0,16.39,255511.0
2019-08-06,1398/05/15,4211000.0,119670.0,1474.27,42500000.0,56.66,32600.0,16.445,255163.0
2019-08-07,1398/05/16,4146700.0,118845.0,1501.2,42024000.0,57.88,32147.0,17.1,255163.0
2019-08-10,1398/05/19,4160000.0,116950.0,1497.24,41648000.0,58.29,31866.0,16.94,255876.0
2019-08-13,1398/05/22,4156000.0,116700.0,1501.39,41650000.0,59.3,31780.0,16.965,261391.0
2019-08-14,1398/05/23,4167000.0,117641.0,1516.34,41826000.0,58.27,31946.0,17.205,261391.0
2019-08-17,1398/05/26,4172000.0,117340.0,1514.15,41700000.0,58.69,31910.0,17.08,260991.0
2019-08-18,1398/05/27,4149000.0,117030.0,1514.15,41500000.0,59.81,31905.0,17.08,262941.0
2019-08-21,1398/05/30,4168600.0,116850.0,1502.3,41376000.0,59.96,31735.0,17.11,266127.0
2019-08-24,1398/06/02,4119000.0,113010.0,1526.85,40790000.0,58.8,30780.0,17.39,269225.0
2019-08-25,1398/06/03,4036000.0,110850.0,1526.85,39670000.0,58.19,30320.0,17.39,274871.0
2019-08-26,1398/06/04,4079000.0,112250.0,1526.35,40240000.0,59.01,30560.0,17.63,278469.0
2019-08-27,1398/06/05,4077000.0,112200.0,1542.64,40360000.0,59.89,30990.0,18.16,278674.0
2019-08-28,1398/06/06,4117800.0,113120.0,1539.1,41105000.0,60.42,31640.0,18.33,278674.0
2019-08-31,1398/06/09,4112000.0,113820.0,1520.25,40820000.0,59.08,31400.0,18.35,286114.0
2019-09-01,1398/06/10,4119000.0,113750.0,1520.25,40850000.0,58.64,31360.0,18.35,283062.0
2019-09-02,1398/06/11,4135000.0,114510.0,1530.59,41070000.0,58.33,31550.0,18.45,285573.0
2019-09-03,1398/06/12,4128000.0,114050.0,1547.0,41090000.0,60.66,31460.0,19.23,290178.0
2019-09-04,1398/06/13,4138100.0,114750.0,1552.6,41183000.0,60.87,32029.0,19.57,290178.0
2019-09-07,1398/06/16,4131600.0,116750.0,1506.95,40966000.0,61.62,32164.0,18.16,296731.0
2019-09-11,1398/06/20,4062700.0,116740.0,1497.6,40454000.0,60.37,31655.0,18.08,299930.0
2019-09-14,1398/06/23,4040000.0,113430.0,1488.7,39990000.0,60.15,31290.0,17.425,302395.0
2019-09-15,1398/06/24,4079000.0,114550.0,1488.7,40500000.0,68.77,31600.0,17.425,305917.0
2019-09-16,1398/06/25,4075000.0,115140.0,1498.8,40210000.0,64.1,31720.0,17.85,302082.0
2019-09-17,1398/06/26,4096000.0,115360.0,1503.1,40570000.0,63.48,31830.0,18.015,294166.0
2019-09-18,1398/06/27,4097300.0,115330.0,1493.9,40637000.0,64.41,31796.0,17.74,294166.0
2019-09-21,1398/06/30,4089000.0,114310.0,1517.15,40520000.0,64.63,31510.0,17.98,302103.0
2019-09-22,1398/06/31,4077000.0,113930.0,1517.15,40150000.0,64.47,31420.0,17.98,311471.0
2019-09-23,1398/07/01,4093000.0,114450.0,1522.12,40310000.0,62.77,31590.0,18.63,312206.0
2019-09-24,1398/07/02,4089000.0,114180.0,1532.3,40250000.0,62.42,31500.0,18.58,314409.0
2019-09-25,1398/07/03,4079400.0,114380.0,1504.15,40227000.0,62.64,31561.0,17.905,314409.0
2019-09-28,1398/07/06,4098000.0,114640.0,1496.9399,40180000.0,61.04,31620.0,17.5443,318250.0
2019-09-29,1398/07/07,4082000.0,115810.0,1496.9399,40290000.0,59.57,31930.0,17.5443,324705.0
2019-09-30,1398/07/08,4056000.0,115010.0,1472.25,39820000.0,59.03,31720.0,16.995,326098.0
2019-10-01,1398/07/09,4084000.0,115230.0,1478.98,39970000.0,57.53,31770.0,17.235,326117.0
2019-10-02,1398/07/10,4092200.0,115490.0,1499.51,40088000.0,57.64,31814.0,17.555,326117.0
2019-10-05,1398/07/13,4075000.0,114500.0,1504.6,40030000.0,58.5,31580.0,17.55,320208.0
2019-10-06,1398/07/14,4077000.0,114730.0,1504.6,40000000.0,58.48,31610.0,17.55,320909.0
2019-10-07,1398/07/15,4084000.0,114920.0,1493.6,40090000.0,57.94,31720.0,17.435,314469.0
2019-10-08,1398/07/16,4082000.0,114980.0,1505.51,40050000.0,58.3,31730.0,17.71,313049.0
2019-10-09,1398/07/17,4062900.0,114830.0,1505.7,39865000.0,59.3,31680.0,17.7,313049.0
2019-10-12,1398/07/20,4049000.0,114030.0,1489.85,39620000.0,60.66,31470.0,17.54,326190.0
2019-10-13,1398/07/21,4052000.0,113960.0,1489.85,39660000.0,59.21,31450.0,17.54,319871.0
2019-10-14,1398/07/22,4061000.0,114110.0,1492.9,39690000.0,58.85,31480.0,17.65,308978.0
2019-10-15,1398/07/23,4049000.0,114220.0,1481.17,39680000.0,59.33,31540.0,17.37,309640.0
2019-10-16,1398/07/24,4037700.0,114230.0,1489.77,39621000.0,59.96,31527.0,17.39,309640.0
2019-10-20,1398/07/28,4031000.0,113400.0,1490.1,39610000.0,58.99,31290.0,17.5411,302173.0
2019-10-21,1398/07/29,4010000.0,113430.0,1484.5,39030000.0,59.62,31270.0,17.565,308314.0
2019-10-22,1398/07/30,3959000.0,112320.0,1488.05,38880000.0,61.02,30990.0,17.515,305807.0
2019-10-23,1398/08/01,3943600.0,111910.0,1492.1,38807000.0,61.52,30866.0,17.555,305807.0
2019-10-25,1398/08/03,3995500.0,112050.0,1504.73,39077000.0,61.98,31003.0,18.02,303453.0
2019-10-27,1398/08/05,3995400.0,111380.0,1504.73,39151000.0,61.38,30980.0,18.02,305969.0
2019-10-30,1398/08/08,4032300.0,112550.0,1495.4,39839000.0,59.45,31124.0,17.86,309661.0
2019-11-02,1398/08/11,4070000.0,113710.0,1513.95,39850000.0,61.63,31400.0,18.085,308960.0
2019-11-03,1398/08/12,4066000.0,113650.0,1513.95,39790000.0,62.06,31310.0,18.085,304676.0
2019-11-04,1398/08/13,4080300.0,114150.0,1509.63,39911000.0,62.95,31486.0,18.045,305333.0
2019-11-06,1398/08/15,4047800.0,112900.0,1490.46,39701000.0,62.09,31467.0,17.6211,305333.0
2019-11-09,1398/08/18,4068000.0,114330.0,1458.66,39860000.0,62.61,31530.0,16.7957,302795.0
2019-11-10,1398/08/19,4063000.0,114960.0,1458.66,39870000.0,62.19,31690.0,16.7957,303944.0
2019-11-11,1398/08/20,4070000.0,115240.0,1455.9,40020000.0,62.02,31740.0,16.855,306655.0
2019-11-12,1398/08/21,4119000.0,117700.0,1457.1899,40430000.0,62.51,32480.0,16.7736,307094.0
2019-11-13,1398/08/22,4140800.0,117870.0,1463.1899,41109000.0,62.31,33259.0,16.9531,307094.0
2019-11-16,1398/08/25,4259000.0,122500.0,1467.37,42710000.0,63.34,33780.0,16.9487,302340.0
2019-11-17,1398/08/26,4264000.0,122650.0,1467.37,41930000.0,62.22,33770.0,16.9487,302726.0
2019-11-18,1398/08/27,4225000.0,122520.0,1470.85,41480000.0,60.91,33790.0,17.021,304688.0
2019-11-19,1398/08/28,4234000.0,119130.0,1472.38,40830000.0,62.42,32830.0,17.1358,304997.0
2019-11-20,1398/08/29,4230100.0,118980.0,1471.25,41582000.0,63.81,32817.0,17.13,304997.0
2019-11-23,1398/09/02,4236000.0,122740.0,1462.29,42280000.0,62.37,33750.0,17.004,305774.0
2019-11-24,1398/09/03,4287000.0,124150.0,1462.29,43060000.0,62.69,34260.0,17.004,308477.0
2019-11-25,1398/09/04,4257000.0,122970.0,1454.97,42510000.0,63.23,33960.0,16.8998,309643.0
2019-11-26,1398/09/05,4313000.0,125820.0,1461.6,43240000.0,63.05,34650.0,17.068,311230.0
2019-11-27,1398/09/06,4353800.0,125990.0,1454.35,43462000.0,63.28,34712.0,16.9418,311230.0
2019-11-30,1398/09/09,4428000.0,128120.0,1464.8,44170000.0,60.75,35280.0,17.02,318670.0
2019-12-01,1398/09/10,4414000.0,126550.0,1464.8,44060000.0,60.99,34840.0,17.02,320194.0
2019-12-02,1398/09/11,4453000.0,127650.0,1462.4399,44530000.0,60.99,35180.0,16.8995,320814.0
2019-12-03,1398/09/12,4500000.0,129040.0,1477.34,45410000.0,63.01,35520.0,17.1611,322527.0
2019-12-04,1398/09/13,4579500.0,130490.0,1474.35,45888000.0,63.37,36085.0,16.82,322527.0
2019-12-07,1398/09/16,4668000.0,134450.0,1459.76,46200000.0,64.37,37010.0,16.56,332567.0
2019-12-08,1398/09/17,4765000.0,138030.0,1459.76,47000000.0,64.16,37960.0,16.56,335792.0
2019-12-09,1398/09/18,4638000.0,135840.0,1461.99,46020000.0,64.38,37390.0,16.601,339434.0
2019-12-10,1398/09/19,4576000.0,131050.0,1464.21,45340000.0,63.84,36080.0,16.6545,339386.0
2019-12-11,1398/09/20,4390200.0,127510.0,1474.85,43931000.0,64.47,35027.0,16.8525,339386.0
2019-12-14,1398/09/23,4474000.0,125840.0,1475.8101,44210000.0,64.93,34650.0,16.9317,344115.0
2019-12-15,1398/09/24,4532000.0,127520.0,1475.8101,44710000.0,65.34,35120.0,16.9317,344487.0
2019-12-16,1398/09/25,4585000.0,130670.0,1476.25,44960000.0,66.11,35960.0,17.0308,346870.0
2019-12-17,1398/09/26,4511000.0,129150.0,1476.45,44110000.0,66.19,35540.0,17.0018,350322.0
2019-12-18,1398/09/27,4630900.0,129990.0,1475.4399,45164000.0,66.45,36239.0,17.0066,350322.0
2019-12-21,1398/09/30,4613000.0,131690.0,1478.2,45110000.0,66.04,36240.0,17.1925,356721.0
2019-12-22,1398/10/01,4638000.0,131490.0,1478.2,45410000.0,66.53,36220.0,17.1925,359365.0
2019-12-23,1398/10/02,4638000.0,131090.0,1485.52,45420000.0,67.2,36070.0,17.4224,362259.0
2019-12-24,1398/10/03,4682000.0,131910.0,1499.5601,45720000.0,67.2,36260.0,17.785,361088.0
2019-12-25,1398/10/04,4699300.0,131820.0,1499.55,46050000.0,67.89,36260.0,17.785,361088.0
2019-12-28,1398/10/07,4663000.0,131580.0,1510.67,45660000.0,66.87,36210.0,17.7537,369729.0
2019-12-29,1398/10/08,4694000.0,131620.0,1510.67,45830000.0,66.53,36200.0,17.7537,375547.0
2019-12-30,1398/10/09,4772000.0,133190.0,1515.22,46550000.0,66.03,36640.0,17.9159,377012.0
2019-12-31,1398/10/10,4754000.0,132990.0,1517.39,46300000.0,66.03,36560.0,17.83,384099.0
2020-01-01,1398/10/11,4833700.0,132990.0,1517.3,47578000.0,66.2,37523.0,17.83,384099.0
2020-01-04,1398/10/14,5019000.0,139220.0,1551.65,50680000.0,68.66,38280.0,18.0343,365815.0
2020-01-05,1398/10/15,5035000.0,138090.0,1551.65,50840000.0,68.64,37980.0,18.0343,365815.0
2020-01-06,1398/10/16,5065000.0,139660.0,1565.96,51310000.0,68.19,38380.0,18.1424,358843.0
2020-01-07,1398/10/17,5035000.0,139350.0,1573.99,49310000.0,65.83,38300.0,18.3874,353807.0
2020-01-08,1398/10/18,4809800.0,133900.0,1555.8101,47370000.0,65.42,36770.0,18.0831,353807.0
2020-01-11,1398/10/21,4892000.0,134290.0,1562.28,47880000.0,65.07,36960.0,18.0917,375650.0
2020-01-12,1398/10/22,4908000.0,134150.0,1562.28,47760000.0,64.17,36910.0,18.0917,392038.0
2020-01-13,1398/10/23,4922000.0,135500.0,1548.3,48330000.0,64.64,37240.0,17.9638,395912.0
2020-01-14,1398/10/24,4959000.0,134960.0,1546.37,48570000.0,64.28,37100.0,17.7887,399445.0
2020-01-15,1398/10/25,4936400.0,135160.0,1556.1899,48488000.0,64.72,37015.0,17.9905,399445.0
2020-01-18,1398/10/28,4975000.0,134490.0,1556.61,48870000.0,65.1,37010.0,17.9982,410694.0
2020-01-19,1398/10/29,4977000.0,134990.0,1556.61,48890000.0,65.2,37150.0,17.9982,409807.0
2020-01-20,1398/10/30,4934000.0,134390.0,1561.58,48450000.0,64.47,36950.0,18.065,406008.0
2020-01-21,1398/11/01,4971000.0,134850.0,1558.02,48740000.0,63.16,37070.0,17.7721,411211.0
2020-01-22,1398/11/02,5007700.0,135290.0,1558.91,49093000.0,62.01,37234.0,17.818,411211.0
2020-01-25,1398/11/05,5056000.0,135790.0,1570.65,49550000.0,59.89,37350.0,18.082,418312.0
2020-01-26,1398/11/06,5111000.0,136190.0,1570.65,50120000.0,58.39,37460.0,18.082,420668.0
2020-01-27,1398/11/07,5116000.0,137190.0,1581.95,50200000.0,58.91,37760.0,18.0838,427139.0
2020-01-28,1398/11/08,5116000.0,134020.0,1566.24,50200000.0,58.72,37760.0,17.4342,427139.0
2020-01-30,1398/11/10,5144000.0,134540.0,1574.22,50440000.0,56.45,37750.0,17.8249,427139.0
2020-02-01,1398/11/12,5098000.0,135500.0,1590.2,49930000.0,56.65,37260.0,18.0313,428216.0
2020-02-02,1398/11/13,5100000.0,136040.0,1590.2,49840000.0,54.34,37410.0,18.0313,438880.0
2020-02-03,1398/11/14,5040000.0,135690.0,1576.45,49270000.0,54.2,37340.0,17.6566,440199.0
2020-02-04,1398/11/15,5070000.0,136690.0,1552.55,49660000.0,55.56,37610.0,17.5781,445894.0
2020-02-05,1398/11/16,5077000.0,136730.0,1556.7,49780000.0,55.14,37590.0,17.5946,445894.0
2020-02-06,1398/11/17,5077000.0,135060.0,1566.85,49780000.0,54.55,37590.0,17.8077,445894.0
2020-02-08,1398/11/19,5169000.0,138890.0,1570.29,50650000.0,54.45,38190.0,17.6735,454618.0
2020-02-09,1398/11/20,5192000.0,139590.0,1570.29,50880000.0,53.27,38380.0,17.6735,447151.0
2020-02-10,1398/11/21,5192000.0,136040.0,1572.3,50880000.0,53.9,38380.0,17.75,447151.0
2020-02-12,1398/11/23,5174000.0,140430.0,1565.63,50720000.0,56.56,38600.0,17.4633,459079.0
2020-02-13,1398/11/24,5174000.0,138490.0,1576.39,50720000.0,57.34,38600.0,17.6274,459079.0
2020-02-15,1398/11/26,5333000.0,141860.0,1584.7,52020000.0,57.33,38980.0,17.73,472749.0
2020-02-16,1398/11/27,5365000.0,141620.0,1584.7,52300000.0,57.63,38940.0,17.73,476812.0
2020-02-17,1398/11/28,5409000.0,144030.0,1581.1,52760000.0,57.76,39580.0,17.765,472119.0
2020-02-18,1398/11/29,5483000.0,143490.0,1601.91,53060000.0,59.14,39440.0,18.1613,478754.0
2020-02-19,1398/11/30,5485000.0,143930.0,1611.64,53300000.0,59.31,39550.0,18.4,478755.0
2020-02-20,1398/12/01,5485000.0,142030.0,1619.7,53300000.0,58.45,39550.0,18.352,478755.0
2020-02-22,1398/12/03,5986000.0,152550.0,1643.7,56710000.0,57.94,41920.0,18.4628,498856.0
2020-02-23,1398/12/04,6286000.0,156090.0,1643.7,60990000.0,55.77,42850.0,18.4628,503306.0
2020-02-24,1398/12/05,6289000.0,156290.0,1660.72,61410000.0,54.11,42940.0,18.6224,517911.0
2020-02-25,1398/12/06,6250000.0,156390.0,1635.38,60960000.0,52.87,42930.0,17.9856,524394.0
2020-02-26,1398/12/07,6208000.0,157090.0,1639.96,60240000.0,51.45,43150.0,17.8823,523850.0
2020-02-27,1398/12/08,6208000.0,157010.0,1642.35,60240000.0,50.19,43150.0,17.6975,523850.0
2020-02-29,1398/12/10,5993000.0,155060.0,1585.12,59160000.0,50.08,42570.0,16.6615,515452.0
2020-03-01,1398/12/11,5929000.0,156990.0,1585.12,58960000.0,51.74,43150.0,16.6615,529170.0
2020-03-02,1398/12/12,5989000.0,153130.0,1590.73,58910000.0,52.37,42080.0,16.7281,543926.0
2020-03-03,1398/12/13,5982000.0,154360.0,1639.77,59210000.0,51.86,42390.0,17.18,555165.0
2020-03-04,1398/12/14,5989000.0,152710.0,1635.83,59190000.0,51.34,41960.0,17.18,555167.0
2020-03-05,1398/12/15,5989000.0,149950.0,1670.61,59190000.0,45.22,41960.0,17.41,555167.0
2020-03-07,1398/12/17,6030000.0,149960.0,1674.23,59940000.0,45.54,42170.0,17.313,549185.0
2020-03-09,1398/12/19,6079000.0,153890.0,1680.2,59790000.0,37.7,42300.0,16.97,520059.0
2020-03-10,1398/12/20,5929000.0,153990.0,1649.36,60060000.0,35.77,42320.0,16.86,520210.0
2020-03-11,1398/12/21,5915000.0,153900.0,1635.03,60010000.0,32.81,42250.0,16.753,520211.0
2020-03-12,1398/12/22,5915000.0,148510.0,1577.09,60010000.0,33.58,42250.0,15.82,520211.0
2020-03-14,1398/12/24,5975000.0,156570.0,1529.7,60500000.0,34.72,42980.0,14.68,494479.0
2020-03-15,1398/12/25,5889000.0,158370.0,1529.7,59940000.0,29.73,43470.0,14.68,505943.0
2020-03-16,1398/12/26,6095000.0,160690.0,1514.61,60440000.0,28.63,44130.0,12.9,502077.0
2020-03-17,1398/12/27,6026000.0,159920.0,1528.58,60280000.0,28.39,43910.0,12.59,512903.0
2020-03-18,1398/12/28,6026000.0,149030.0,1486.3,60280000.0,26.24,43910.0,11.98,512900.0
2020-03-24,1399/01/05,6178000.0,148971.0,1622.03,61270000.0,27.52,43912.0,14.27,520108.0
2020-03-25,1399/01/06,6176000.0,148992.0,1613.79,61380000.0,27.56,43910.0,14.43,521267.0
2020-03-26,1399/01/07,6176000.0,148992.0,1632.38,61380000.0,26.95,43910.0,14.385,521267.0
2020-03-28,1399/01/09,6374000.0,149010.0,1623.5,64130000.0,27.95,43911.0,14.47,545661.0
2020-03-29,1399/01/10,6388000.0,149011.0,1623.5,65070000.0,26.75,43920.0,14.47,547658.0
2020-03-30,1399/01/11,6390000.0,149011.0,1623.3,64630000.0,26.46,43920.0,14.115,547658.0
2020-04-02,1399/01/14,6372000.0,148960.0,1613.79,63900000.0,34.83,43920.0,14.505,547658.0
2020-04-04,1399/01/16,6543000.0,164190.0,1618.45,64930000.0,34.83,45100.0,14.39,573903.18
2020-04-05,1399/01/17,6534000.0,162950.0,1618.45,64500000.0,32.92,44760.0,14.39,569673.61
2020-04-06,1399/01/18,6483000.0,161390.0,1663.0,64280000.0,32.09,44330.0,14.985,583344.42
2020-04-07,1399/01/19,6326000.0,159650.0,1648.95,63850000.0,33.47,43840.0,15.003,597068.92
2020-04-08,1399/01/20,6326000.0,161060.0,1646.52,63850000.0,31.95,43840.0,15.05,597253.86
2020-04-11,1399/01/23,6437000.0,162240.0,1689.9,65330000.0,31.82,44540.0,15.44,623260.14
2020-04-12,1399/01/24,6411000.0,161090.0,1689.9,65030000.0,32.07,44230.0,15.44,624527.45
2020-04-13,1399/01/25,6400000.0,160280.0,1714.3199,64850000.0,30.05,44020.0,15.45,626388.68
2020-04-14,1399/01/26,6363000.0,159610.0,1729.7,64780000.0,27.94,43820.0,15.81,645722.63
2020-04-15,1399/01/27,6291000.0,159690.0,1716.6,63900000.0,27.98,43860.0,15.475,645762.53
2020-04-16,1399/01/28,6291000.0,155000.0,1718.4,63900000.0,28.2,43860.0,15.62,645762.53
2020-04-18,1399/01/30,6104000.0,154390.0,1684.6899,62250000.0,28.34,42420.0,15.13,690126.46
2020-04-19,1399/01/31,6116000.0,154420.0,1684.6899,62250000.0,25.89,42410.0,15.13,708994.61
2020-04-20,1399/02/01,6268000.0,160890.0,1694.12,62980000.0,19.98,44180.0,15.37,726137.35
2020-04-21,1399/02/02,6545000.0,163080.0,1687.02,65050000.0,20.81,44790.0,14.925,741901.81
2020-04-22,1399/02/03,6457000.0,162690.0,1714.8199,64950000.0,21.45,44670.0,15.155,741931.99
2020-04-23,1399/02/04,6457000.0,155030.0,1731.59,64950000.0,21.78,44670.0,15.3,741931.99
2020-04-25,1399/02/06,6370000.0,161520.0,1729.4301,64810000.0,24.81,44350.0,15.24,797824.21
2020-04-26,1399/02/07,6379000.0,161510.0,1729.4301,64640000.0,24.81,44340.0,15.24,820505.34
2020-04-27,1399/02/08,6383000.0,160790.0,1715.5699,64460000.0,23.1,44160.0,15.275,845952.45
2020-04-28,1399/02/09,6407000.0,162410.0,1708.63,64670000.0,24.12,44590.0,15.19,878093.72
2020-04-29,1399/02/10,6400000.0,161420.0,1712.38,64740000.0,26.42,44330.0,15.36,878101.22
2020-04-30,1399/02/11,6400000.0,156000.0,1685.05,64740000.0,26.54,44330.0,15.02,878101.22
2020-05-02,1399/02/13,6393000.0,160790.0,1700.41,64240000.0,26.61,44160.0,14.94,956816.56
2020-05-03,1399/02/14,6460000.0,161390.0,1700.41,65220000.0,27.66,44330.0,14.94,979105.71
2020-05-04,1399/02/15,6453000.0,161420.0,1701.6899,65280000.0,31.05,44320.0,14.84,980571.13
2020-05-05,1399/02/16,6480000.0,161380.0,1707.17,66040000.0,29.97,44310.0,15.02,977923.47
2020-05-06,1399/02/17,6517000.0,162890.0,1685.88,66730000.0,29.16,44730.0,14.92,977923.44
2020-05-07,1399/02/18,6517000.0,157000.0,1717.9399,66730000.0,30.76,44730.0,15.5,977923.44
2020-05-09,1399/02/20,6665000.0,164920.0,1702.65,68720000.0,30.88,45280.0,15.45,1043252.69
2020-05-10,1399/02/21,6753000.0,168420.0,1702.65,69970000.0,30.1,46220.0,15.45,1047762.81
2020-05-11,1399/02/22,6873000.0,170210.0,1697.35,70660000.0,29.99,46720.0,15.55,1021444.8
2020-05-12,1399/02/23,6901000.0,171080.0,1702.72,69700000.0,29.13,46970.0,15.41,1017662.48
2020-05-13,1399/02/24,6843000.0,168610.0,1715.99,69060000.0,31.15,46280.0,15.64,1017662.48
2020-05-14,1399/02/25,6843000.0,168540.0,1730.65,69060000.0,32.58,46280.0,15.87,1017662.48
2020-05-16,1399/02/27,7152000.0,169110.0,1743.0,73190000.0,32.84,46420.0,16.62,968460.69
2020-05-17,1399/02/28,7210000.0,175780.0,1743.0,73050000.0,35.09,48250.0,16.62,995176.82
2020-05-18,1399/02/29,7408000.0,176910.0,1732.3199,73760000.0,34.63,48540.0,17.175,1002124.59
2020-05-19,1399/02/30,7425000.0,178910.0,1745.11,75120000.0,35.87,49080.0,17.4,986759.18
2020-05-20,1399/02/31,7367000.0,177010.0,1749.5,74260000.0,36.23,48560.0,17.5,986759.2
2020-05-21,1399/03/01,7367000.0,173050.0,1726.34,74260000.0,35.16,48560.0,17.06,986759.2
2020-05-23,1399/03/03,7293000.0,175480.0,1736.0699,74280000.0,35.21,48640.0,17.18,959840.36
2020-05-26,1399/03/06,6974000.0,173780.0,1712.45,72630000.0,34.76,47700.0,17.1,938549.69
2020-05-27,1399/03/07,7196000.0,175710.0,1709.25,73700000.0,35.81,48220.0,17.3,938557.22
2020-05-28,1399/03/08,7196000.0,170610.0,1719.4,73700000.0,37.3,48220.0,17.42,938557.22
2020-05-30,1399/03/10,7194000.0,176010.0,1728.3,73120000.0,37.73,48300.0,17.84,970411.22
2020-05-31,1399/03/11,7265000.0,177020.0,1728.3,74650000.0,38.66,48560.0,17.84,988120.76
2020-06-01,1399/03/12,7226400.0,177120.0,1740.34,72848000.0,39.56,48520.0,18.27,1028537.58
2020-06-06,1399/03/17,7127000.0,176810.0,1685.83,73120000.0,41.97,48500.0,17.37,1116186.62
2020-06-07,1399/03/18,7099000.0,176110.0,1685.83,72480000.0,40.87,48320.0,17.37,1118912.07
2020-06-08,1399/03/19,7282000.0,177910.0,1695.47,74200000.0,41.12,48800.0,17.86,1118118.06
2020-06-09,1399/03/20,7346000.0,179880.0,1714.5699,75580000.0,41.45,49360.0,17.59,1153679.69
2020-06-10,1399/03/21,7404000.0,179800.0,1737.1,76180000.0,37.93,49330.0,18.25,1153679.68
2020-06-11,1399/03/22,7404000.0,177500.0,1727.51,76180000.0,38.9,49330.0,17.705,1153679.68
2020-06-13,1399/03/24,7418000.0,179480.0,1730.8,76300000.0,38.95,49240.0,17.44,1185376.64
2020-06-14,1399/03/25,7402000.0,182910.0,1730.8,76570000.0,39.62,50180.0,17.44,1200120.74
2020-06-15,1399/03/26,7563000.0,185710.0,1725.53,76810000.0,40.77,50930.0,17.43,1229701.61
2020-06-16,1399/03/27,7563000.0,185670.0,1727.46,76810000.0,40.59,50930.0,17.395,1229673.6
2020-06-18,1399/03/29,7658000.0,183500.0,1722.99,77800000.0,42.19,51620.0,17.505,1229673.6
2020-06-20,1399/03/31,8027000.0,194800.0,1743.62,80400000.0,41.96,53410.0,17.6,1300812.77
2020-06-21,1399/04/01,8214000.0,197800.0,1743.62,81680000.0,43.01,54230.0,17.6,1341578.79
2020-06-22,1399/04/02,8445000.0,201000.0,1755.4399,85180000.0,42.43,55090.0,17.82,1391040.97
2020-06-23,1399/04/03,8355000.0,194580.0,1767.54,83950000.0,40.0,53350.0,17.95,1419439.02
2020-06-24,1399/04/04,8124000.0,191480.0,1762.4301,82180000.0,41.37,52520.0,17.52,1419453.46
2020-06-25,1399/04/05,8124000.0,188430.0,1761.8199,82180000.0,40.76,52520.0,17.88,1419453.46
2020-06-27,1399/04/07,8556000.0,202170.0,1771.47,87180000.0,40.93,55430.0,17.75,1491951.51
2020-06-28,1399/04/08,8570000.0,202200.0,1771.47,87730000.0,41.7,55420.0,17.75,1481924.14
2020-06-29,1399/04/09,8741000.0,205300.0,1772.28,90180000.0,41.41,56270.0,17.86,1546849.86
2020-06-30,1399/04/10,8655000.0,205770.0,1781.66,90830000.0,42.03,56400.0,18.13,1612882.43
2020-07-01,1399/04/11,9033800.0,208400.0,1770.3199,94875000.0,42.8,57079.0,17.94,1612902.0
2020-07-04,1399/04/14,9297000.0,223010.0,1775.05,104180000.0,42.77,61090.0,18.04,1655406.9
2020-07-05,1399/04/15,9292000.0,217810.0,1775.05,96300000.0,43.06,59680.0,18.04,1736402.01
2020-07-06,1399/04/16,9385000.0,220980.0,1783.9,101780000.0,42.84,60550.0,18.21,1747078.12
2020-07-07,1399/04/17,9590000.0,224700.0,1795.26,105280000.0,43.28,61560.0,18.3,1753678.23
2020-07-08,1399/04/18,9664000.0,225680.0,1810.78,103280000.0,42.21,61764.0,18.77,1753642.79
2020-07-09,1399/04/19,9664000.0,225680.0,1803.1899,103280000.0,43.23,61764.0,18.66,1753642.79
2020-07-11,1399/04/21,9664000.0,227010.0,1798.89,103880000.0,43.27,62180.0,18.67,1812832.53
2020-07-12,1399/04/22,9867000.0,234280.0,1798.89,107000000.0,42.41,64170.0,18.67,1822117.05
2020-07-13,1399/04/23,9955000.0,236300.0,1803.39,107930000.0,42.8,64710.0,19.08,1844860.01
2020-07-14,1399/04/24,10183000.0,238970.0,1807.78,107900000.0,43.74,65450.0,19.2,1841696.04
2020-07-15,1399/04/25,10370000.0,241370.0,1811.9,109080000.0,43.3,66110.0,19.39,1841700.69
2020-07-16,1399/04/26,10370000.0,231020.0,1797.05,109080000.0,43.09,66110.0,19.17,1841700.69
2020-07-18,1399/04/28,10585000.0,245480.0,1809.9,112180000.0,43.12,67220.0,19.31,1864945.61
2020-07-19,1399/04/29,9796000.0,229000.0,1809.9,106800000.0,43.2,62730.0,19.31,1924798.4
2020-07-20,1399/04/30,9500000.0,219010.0,1816.09,103280000.0,44.23,60010.0,19.9,1916202.83
2020-07-21,1399/04/31,9664000.0,218000.0,1842.22,100600000.0,44.24,59730.0,21.33,1901169.35
2020-07-22,1399/05/01,9523000.0,218380.0,1872.0699,101980000.0,43.39,59840.0,23.03,1901147.16
2020-07-23,1399/05/02,9523000.0,202910.0,1887.4399,101980000.0,43.27,59840.0,22.72,1901147.16
2020-07-25,1399/05/04,10170000.0,230970.0,1901.46,108980000.0,43.78,63270.0,22.74,1946134.37
2020-07-26,1399/05/05,10631000.0,233500.0,1901.46,112500000.0,43.96,63650.0,22.74,1933943.75
2020-07-27,1399/05/06,10650000.0,234500.0,1942.42,110410000.0,43.55,63920.0,24.61,1941157.06
2020-07-28,1399/05/07,10747000.0,234310.0,1959.5,112190000.0,44.11,63870.0,24.57,1904316.1
2020-07-29,1399/05/08,10844000.0,235470.0,1970.73,113610000.0,43.38,64190.0,24.405,1904324.24
2020-07-30,1399/05/09,10844000.0,208020.0,1960.5,113610000.0,43.38,64190.0,23.545,1904324.24
2020-08-01,1399/05/11,10689000.0,232200.0,1975.89,110910000.0,43.64,63300.0,24.37,2011492.97
2020-08-02,1399/05/12,10756000.0,232710.0,1975.89,111590000.0,43.89,63430.0,24.37,1993330.31
2020-08-03,1399/05/13,10788000.0,232810.0,1977.25,111310000.0,44.34,63460.0,24.25,1995037.12
2020-08-04,1399/05/14,11100000.0,234910.0,2018.52,113490000.0,45.23,64040.0,26.0,2034186.97
2020-08-05,1399/05/15,11287000.0,236600.0,2040.4,114760000.0,45.12,64500.0,27.02,2034192.5
2020-08-06,1399/05/16,11287000.0,230020.0,2063.8101,114760000.0,44.58,64500.0,28.94,2034192.5
2020-08-09,1399/05/19,10352000.0,220510.0,2035.03,105810000.0,44.96,60100.0,28.29,2065110.56
2020-08-10,1399/05/20,10317000.0,222170.0,2027.77,106310000.0,44.55,60580.0,29.15,1999853.5
2020-08-11,1399/05/21,10137000.0,222470.0,1911.64,104010000.0,45.43,60650.0,24.79,1975544.97
2020-08-12,1399/05/22,10250000.0,224470.0,1918.0699,107190000.0,45.09,61190.0,25.56,1975439.67
2020-08-13,1399/05/23,10250000.0,220500.0,1954.0,107190000.0,44.84,61190.0,27.555,1975439.67
2020-08-15,1399/05/25,10387000.0,224510.0,1944.29,105610000.0,44.95,61190.0,26.41,1813574.5
2020-08-16,1399/05/26,10684000.0,231970.0,1944.29,108310000.0,45.3,63240.0,26.41,1815696.44
2020-08-17,1399/05/27,10594000.0,227370.0,1986.2,107510000.0,45.11,61990.0,27.4,1825354.22
2020-08-18,1399/05/28,10479000.0,227000.0,2001.2,107110000.0,45.22,61890.0,27.65,1757257.56
2020-08-19,1399/05/29,10521000.0,230980.0,1929.8199,107890000.0,44.89,62960.0,26.72,1757229.2
2020-08-20,1399/05/30,10521000.0,225020.0,1943.6,107890000.0,44.27,62960.0,27.22,1757229.2
2020-08-22,1399/06/01,10405000.0,229370.0,1940.16,106510000.0,44.93,62540.0,26.6886,1662215.41
2020-08-23,1399/06/02,10500000.0,231180.0,1940.16,107440000.0,45.51,63020.0,26.6886,1608544.5
2020-08-24,1399/06/03,10530000.0,234610.0,1933.09,108440000.0,46.37,63940.0,26.54,1650027.39
2020-08-25,1399/06/04,10597000.0,235300.0,1928.1899,107610000.0,46.4,64140.0,26.43,1718762.77
2020-08-26,1399/06/05,10613000.0,234200.0,1954.03,108755000.0,45.58,63840.0,27.52,1718783.36
2020-08-27,1399/06/06,10613000.0,231020.0,1929.2,108755000.0,45.85,63840.0,27.045,1718783.36
2020-08-31,1399/06/10,11162000.0,243600.0,1970.15,113500000.0,45.67,66390.0,28.22,1684741.42
2020-09-01,1399/06/11,11065000.0,244270.0,1970.49,113060000.0,44.25,66600.0,28.165,1631883.66
2020-09-02,1399/06/12,11061000.0,243100.0,1942.98,110860000.0,43.89,66270.0,27.495,1631941.3
2020-09-03,1399/06/13,11061000.0,224520.0,1930.85,110860000.0,42.63,66270.0,26.625,1631941.3
2020-09-05,1399/06/15,10975000.0,246680.0,1932.85,113090000.0,42.34,67240.0,26.88,1647855.33
2020-09-06,1399/06/16,11005000.0,246680.0,1932.85,114260000.0,42.02,67240.0,26.88,1607195.33
2020-09-07,1399/06/17,11222000.0,251210.0,1929.1801,117210000.0,40.08,68470.0,27.0,1570010.0
2020-09-08,1399/06/18,11442000.0,254690.0,1931.26,119010000.0,40.72,69420.0,26.705,1556315.02
2020-09-09,1399/06/19,11541000.0,253710.0,1946.6556,119910000.0,39.8,69150.0,27.025,1556280.32
2020-09-10,1399/06/20,11541000.0,228000.0,1954.0699,119910000.0,39.9,69150.0,26.92,1556280.32
2020-09-12,1399/06/22,11977000.0,268420.0,1941.5,126790000.0,39.8,73160.0,26.74,1578190.12
2020-09-13,1399/06/23,11786000.0,264520.0,1941.5,128890000.0,39.57,72100.0,26.74,1607587.14
2020-09-14,1399/06/24,12194000.0,268920.0,1956.3691,127890000.0,40.61,73280.0,27.155,1664559.24
2020-09-15,1399/06/25,12284000.0,269020.0,1955.5201,128090000.0,42.35,73330.0,27.235,1704108.46
2020-09-16,1399/06/26,12153000.0,268850.0,1959.3182,127990000.0,43.34,73280.0,27.23,1704108.46
2020-09-17,1399/06/27,12153000.0,267970.0,1942.6,127990000.0,43.06,73280.0,27.1,1704108.46
2020-09-19,1399/06/29,12488000.0,272480.0,1949.6927,132640000.0,43.09,74270.0,26.765,1652248.88
2020-09-20,1399/06/30,12257000.0,271860.0,1949.6927,130490000.0,41.76,74100.0,26.765,1595160.11
2020-09-21,1399/06/31,12356000.0,274970.0,1912.5699,132090000.0,41.73,74950.0,24.73,1581206.28
2020-09-22,1399/07/01,12464000.0,280930.0,1899.2814,131890000.0,41.41,76590.0,24.415,1611452.19
2020-09-23,1399/07/02,12469000.0,287440.0,1863.5499,133010000.0,41.76,78360.0,22.87,1611582.46
2020-09-24,1399/07/03,12469000.0,277970.0,1868.036,133010000.0,41.84,78360.0,23.205,1611582.46
2020-09-26,1399/07/05,12568000.0,291240.0,1860.05,133090000.0,42.41,79390.0,22.86,1572158.03
2020-09-27,1399/07/06,12649000.0,295300.0,1860.05,133910000.0,42.88,80490.0,22.86,1515929.98
2020-09-28,1399/07/07,12926000.0,294240.0,1880.8511,135790000.0,41.3,80170.0,23.71,1492901.96
2020-09-29,1399/07/08,13240000.0,297730.0,1897.6899,140190000.0,41.96,81160.0,24.175,1503426.84
2020-09-30,1399/07/09,13515000.0,299730.0,1885.4399,143110000.0,40.88,81710.0,23.21,1503426.84
2020-10-01,1399/07/10,13515000.0,289040.0,1905.0491,143110000.0,39.12,81710.0,23.89,1503426.84
2020-10-03,1399/07/12,13012000.0,285030.0,1898.7,134960000.0,39.19,77690.0,23.7,1522980.88
2020-10-04,1399/07/13,13383000.0,294210.0,1898.7,142490000.0,41.48,80160.0,23.7,1490173.09
2020-10-05,1399/07/14,13653000.0,295960.0,1912.8979,145610000.0,42.2,80660.0,24.35,1514699.05
2020-10-06,1399/07/15,13561000.0,296740.0,1877.1262,147110000.0,42.07,80870.0,23.085,1540706.58
2020-10-07,1399/07/16,13561000.0,292020.0,1887.2233,147110000.0,43.42,80870.0,23.84,1540700.01
2020-10-10,1399/07/19,14489000.0,308810.0,1929.4301,157610000.0,42.8,84140.0,25.12,1597125.42
2020-10-11,1399/07/20,14738000.0,314460.0,1929.4301,159810000.0,41.75,85710.0,25.12,1579507.3
2020-10-12,1399/07/21,14755000.0,318020.0,1921.9496,161210000.0,42.44,86670.0,25.11,1579632.95
2020-10-13,1399/07/22,14644000.0,317330.0,1890.818,160710000.0,43.31,86470.0,24.17,1561416.08
2020-10-14,1399/07/23,14769100.0,318526.0,1900.887,160715000.0,43.17,88110.0,24.28,1561416.08
2020-10-18,1399/07/27,14062000.0,303540.0,1898.97,155390000.0,42.43,85340.0,24.17,1462283.2
2020-10-19,1399/07/28,12930000.0,266980.0,1904.2697,141800000.0,42.95,75380.0,24.5,1419312.33
2020-10-20,1399/07/29,12875000.0,294020.0,1906.3853,142990000.0,41.68,82750.0,24.645,1412354.66
2020-10-21,1399/07/30,13568000.0,296440.0,1924.4941,150020000.0,42.49,83430.0,25.07,1412354.66
2020-10-22,1399/08/01,13568000.0,293750.0,1904.042,150020000.0,41.69,83430.0,24.75,1412354.66
2020-10-24,1399/08/03,13155000.0,290000.0,1900.7946,146590000.0,42.07,81770.0,24.58,1374057.4
2020-10-26,1399/08/05,12818000.0,286980.0,1901.6938,140090000.0,41.57,80830.0,24.32,1302028.52
2020-10-27,1399/08/06,12534000.0,285440.0,1906.83,134390000.0,39.59,79210.0,24.55,1288330.51
2020-10-28,1399/08/07,12418000.0,280960.0,1877.0619,135490000.0,38.33,79200.0,23.41,1288330.51
2020-10-29,1399/08/08,12418000.0,277500.0,1867.1346,135490000.0,37.74,79200.0,23.275,1288330.51
2020-10-31,1399/08/10,12365000.0,276960.0,1877.95,130980000.0,37.89,78120.0,23.63,1279862.72
2020-11-01,1399/08/11,13152000.0,289940.0,1877.95,146410000.0,39.16,81650.0,23.63,1264477.63
2020-11-02,1399/08/12,13152000.0,282420.0,1895.0955,146410000.0,39.84,81650.0,24.0383,1264477.63
2020-11-04,1399/08/14,12073400.0,259431.0,1903.21,125599000.0,40.72,75480.0,23.91,1290571.39
2020-11-07,1399/08/17,11663000.0,251960.0,1951.51,125720000.0,39.7,71310.0,25.5929,1240523.77
2020-11-08,1399/08/18,12231000.0,267260.0,1951.51,134090000.0,42.34,75490.0,25.5929,1215222.57
2020-11-09,1399/08/19,12229000.0,275990.0,1861.86,132510000.0,43.67,78530.0,24.0698,1211935.3
2020-11-10,1399/08/20,12192000.0,272970.0,1876.5,130410000.0,43.72,75010.0,24.21,1221074.8
2020-11-11,1399/08/21,12134000.0,273010.0,1864.71,129220000.0,43.72,75809.0,24.2494,1221074.8
2020-11-12,1399/08/22,12134000.0,268520.0,1875.7566,129220000.0,43.41,75809.0,24.23,1221074.8
2020-11-14,1399/08/24,11617000.0,285550.0,1888.0398,119710000.0,42.7,71490.0,24.6296,1257356.9
2020-11-15,1399/08/25,11710000.0,260050.0,1888.0398,122380000.0,43.86,71490.0,24.6296,1273847.0
2020-11-16,1399/08/26,11603000.0,262770.0,1888.5177,119780000.0,43.84,72240.0,24.7515,1296947.1
2020-11-17,1399/08/27,11225000.0,260480.0,1878.6031,117380000.0,44.38,71620.0,24.4678,1345301.4
2020-11-18,1399/08/28,11130000.0,259510.0,1871.41,117510000.0,44.37,71360.0,24.3126,1345301.4
2020-11-19,1399/08/29,11130000.0,256200.0,1867.3678,117510000.0,45.06,71360.0,24.0895,1345301.4
2020-11-21,1399/09/01,11299000.0,258050.0,1870.4858,117980000.0,45.07,70920.0,24.1444,1358847.5
2020-11-22,1399/09/02,11128000.0,259020.0,1870.4858,118990000.0,45.9,71200.0,24.1444,1375541.3
2020-11-23,1399/09/03,10634000.0,253030.0,1835.85,114010000.0,47.77,69570.0,23.5759,1357108.6
2020-11-24,1399/09/04,10562000.0,249470.0,1807.51,110020000.0,48.53,68630.0,23.2524,1367171.1
2020-11-25,1399/09/05,10461000.0,246960.0,1805.2983,108990000.0,47.75,67960.0,23.3,1367171.1
2020-11-26,1399/09/06,10461000.0,247570.0,1810.5699,108990000.0,48.28,67960.0,23.45,1367171.1
2020-11-28,1399/09/08,10530000.0,251490.0,1788.1288,109980000.0,48.28,69160.0,22.695,1427278.1
2020-11-29,1399/09/09,10555000.0,254540.0,1788.1288,112020000.0,48.06,70060.0,22.695,1465975.3
2020-11-30,1399/09/10,11079000.0,262480.0,1777.019,119980000.0,47.39,72160.0,22.6044,1473701.9
2020-12-01,1399/09/11,11070000.0,258460.0,1814.8685,120020000.0,48.2,71100.0,24.0021,1470980.1
2020-12-02,1399/09/12,11128900.0,257861.0,1831.01,121979000.0,48.88,70880.0,24.1018,1470980.1
2020-12-05,1399/09/15,11275000.0,258640.0,1837.61,122790000.0,49.05,71100.0,24.1656,1523108.5
2020-12-06,1399/09/16,11301000.0,258210.0,1837.61,121420000.0,48.71,71000.0,24.1656,1512962.1
2020-12-07,1399/09/17,11442000.0,259260.0,1863.6899,125580000.0,48.88,71300.0,24.505,1507362.7
2020-12-08,1399/09/18,11525000.0,262680.0,1871.36,127090000.0,48.84,72230.0,24.56,1506274.6
2020-12-09,1399/09/19,11520000.0,261150.0,1839.11,124220000.0,50.38,71820.0,23.9212,1506274.6
2020-12-10,1399/09/20,11520000.0,260650.0,1835.3101,124220000.0,49.98,71820.0,23.9495,1506274.6
2020-12-12,1399/09/22,11294000.0,258760.0,1839.0272,120690000.0,49.98,71350.0,23.9122,1515759.4
2020-12-13,1399/09/23,11271000.0,258540.0,1839.0272,120480000.0,50.31,71310.0,23.9122,1484107.4
2020-12-14,1399/09/24,11379000.0,259960.0,1827.1699,122180000.0,50.69,71690.0,23.8176,1428324.5
2020-12-15,1399/09/25,11299000.0,257760.0,1853.46,119610000.0,51.04,71100.0,24.4829,1413360.4
2020-12-16,1399/09/26,11372000.0,260210.0,1864.1456,119520000.0,51.51,71760.0,25.3358,1413360.4
2020-12-17,1399/09/27,11372000.0,258020.0,1885.8693,119520000.0,52.12,71760.0,26.05,1413360.4
2020-12-19,1399/09/29,11370000.0,255440.0,1880.66,119380000.0,52.32,70460.0,25.768,1439124.0
2020-12-20,1399/09/30,11412000.0,256040.0,1880.66,118230000.0,50.75,70630.0,25.768,1436392.9
2020-12-21,1399/10/01,11421000.0,256820.0,1876.21,117980000.0,49.92,70800.0,26.1633,1444968.9
2020-12-22,1399/10/02,11490000.0,259280.0,1859.5601,120710000.0,51.13,71530.0,25.1224,1447915.3
2020-12-23,1399/10/03,11539000.0,259120.0,1872.0759,119990000.0,51.37,71450.0,25.53,1447915.3
2020-12-24,1399/10/04,11539000.0,258620.0,1876.5649,119990000.0,51.37,71450.0,25.84,1447915.3
2020-12-26,1399/10/06,11465000.0,257740.0,1875.825,118980000.0,51.37,71100.0,25.85,1419012.8
2020-12-27,1399/10/07,11493000.0,257440.0,1875.825,117770000.0,50.91,71010.0,25.85,1437212.3
2020-12-28,1399/10/08,11437000.0,257150.0,1871.1899,117110000.0,51.25,70900.0,26.16,1411824.3
2020-12-29,1399/10/09,11469000.0,257350.0,1877.9918,117470000.0,51.55,70940.0,26.1788,1397797.2
2020-12-30,1399/10/10,11479600.0,256294.0,1893.3682,117437000.0,51.72,70552.0,26.61,1397797.2
2021-01-02,1399/10/13,11580000.0,257140.0,1898.1,118480000.0,51.72,70910.0,26.36,1355351.2
2021-01-03,1399/10/14,11883000.0,258980.0,1898.1,120240000.0,50.66,71400.0,26.36,1374483.2
2021-01-04,1399/10/15,12065000.0,260980.0,1942.2753,122640000.0,53.55,71970.0,27.211,1350233.2
2021-01-05,1399/10/16,11668000.0,258530.0,1949.35,121120000.0,53.94,71270.0,27.57,1310708.8
2021-01-06,1399/10/17,11573000.0,254850.0,1918.8101,118130000.0,54.51,70270.0,27.3,1310708.8
2021-01-07,1399/10/18,11573000.0,255510.0,1912.499,118130000.0,56.02,70270.0,27.104,1310708.8
2021-01-09,1399/10/20,11086000.0,248770.0,1848.26,111890000.0,56.25,68650.0,25.37,1306620.7
2021-01-10,1399/10/21,11015000.0,248740.0,1848.26,110010000.0,55.47,68640.0,25.37,1301325.6
2021-01-11,1399/10/22,11061000.0,249180.0,1844.6613,112120000.0,56.55,68760.0,24.9209,1260722.5
2021-01-12,1399/10/23,10828000.0,244430.0,1855.6292,108810000.0,56.02,67430.0,25.5748,1229836.5
2021-01-13,1399/10/24,10391000.0,238540.0,1843.41,106380000.0,56.39,65860.0,25.14,1229836.5
2021-01-14,1399/10/25,10391000.0,239530.0,1846.3694,106380000.0,54.91,65860.0,25.5304,1229836.5
2021-01-16,1399/10/27,9999000.0,229470.0,1826.59,102680000.0,54.84,63140.0,24.7353,1186711.2
2021-01-18,1399/10/29,9622000.0,219830.0,1836.89,101880000.0,55.88,60730.0,25.33,1150624.7
2021-01-19,1399/10/30,9923000.0,226450.0,1839.3369,102880000.0,55.8,62570.0,25.19,1183978.2
2021-01-20,1399/11/01,10352000.0,227870.0,1870.9063,104380000.0,56.02,62930.0,25.8068,1183978.2
2021-01-21,1399/11/02,10352000.0,226550.0,1869.91,104380000.0,55.28,62930.0,25.9451,1183978.2
2021-01-23,1399/11/04,10546000.0,234620.0,1852.55,106720000.0,55.25,64770.0,25.4,1234557.5
2021-01-24,1399/11/05,10650000.0,233540.0,1852.55,107360000.0,55.62,64470.0,25.4,1235783.1
2021-01-25,1399/11/06,10465000.0,234310.0,1854.9915,103910000.0,55.58,64700.0,25.3,1215033.9
2021-01-26,1399/11/07,10557000.0,238030.0,1850.3101,105920000.0,55.31,65710.0,25.4425,1207698.3
2021-01-27,1399/11/08,10731000.0,239650.0,1843.99,106140000.0,55.12,66160.0,25.24,1207698.3
2021-01-28,1399/11/09,10731000.0,232110.0,1840.36,106140000.0,55.06,66160.0,26.37,1207698.3
2021-01-30,1399/11/11,11077000.0,244440.0,1846.09,110670000.0,55.02,67470.0,27.0015,1251041.7
2021-01-31,1399/11/12,10941000.0,240850.0,1846.09,109490000.0,56.45,66470.0,27.0015,1233667.6
2021-02-01,1399/11/13,10955000.0,243480.0,1860.16,109860000.0,57.55,67190.0,28.97,1205467.1
2021-02-02,1399/11/14,10883000.0,239490.0,1837.3502,107260000.0,58.42,66110.0,26.6117,1173050.3
2021-02-03,1399/11/15,10744000.0,239070.0,1833.7607,105980000.0,58.84,66010.0,26.8642,1173050.3
2021-02-04,1399/11/16,10744000.0,237470.0,1792.26,105980000.0,59.49,66010.0,26.2924,1173050.3
2021-02-06,1399/11/18,10876000.0,243850.0,1811.6156,109910000.0,59.56,67260.0,26.8282,1170532.9
2021-02-07,1399/11/19,11310000.0,249780.0,1811.6156,114310000.0,60.55,68900.0,26.8282,1192858.5
2021-02-08,1399/11/20,11398000.0,251480.0,1830.16,116110000.0,61.15,69370.0,27.2524,1214416.1
2021-02-09,1399/11/21,11398000.0,241030.0,1837.0601,116110000.0,61.32,69370.0,27.2,1214416.1
2021-02-11,1399/11/23,11649000.0,246960.0,1825.36,118510000.0,62.62,71000.0,26.9472,1214416.1
2021-02-13,1399/11/25,11529000.0,257450.0,1823.46,120310000.0,62.66,71020.0,27.35,1264368.7
2021-02-14,1399/11/26,11345000.0,254980.0,1823.46,117590000.0,63.28,70320.0,27.35,1257286.2
2021-02-15,1399/11/27,11534000.0,261450.0,1818.5129,119020000.0,63.47,72100.0,27.59,1245843.5
2021-02-16,1399/11/28,11349000.0,258030.0,1794.3101,117540000.0,64.44,71150.0,27.22,1238397.8
2021-02-17,1399/11/29,11409000.0,259450.0,1776.26,118680000.0,63.49,71520.0,27.3471,1238397.8
2021-02-18,1399/11/30,11409000.0,251710.0,1775.4897,118680000.0,62.64,71520.0,27.0158,1238397.8
2021-02-20,1399/12/02,10825000.0,247040.0,1782.3101,111580000.0,62.14,68160.0,27.2118,1222614.3
2021-02-21,1399/12/03,10721000.0,245040.0,1782.3101,109510000.0,64.26,67600.0,27.2118,1214500.4
2021-02-22,1399/12/04,10915000.0,251390.0,1808.66,111970000.0,64.94,69350.0,28.157,1211642.8
2021-02-23,1399/12/05,11019000.0,254010.0,1805.0601,113110000.0,66.14,70060.0,27.62,1205798.5
2021-02-24,1399/12/06,11019000.0,248210.0,1804.36,113110000.0,66.04,70060.0,27.98,1205798.5
2021-02-27,1399/12/09,10772000.0,253450.0,1733.49,109980000.0,64.43,69930.0,26.62,1185603.7
2021-02-28,1399/12/10,10818000.0,254250.0,1733.49,111810000.0,63.29,70140.0,26.62,1181641.2
2021-03-01,1399/12/11,10650000.0,252670.0,1723.8389,108590000.0,62.64,69700.0,26.5128,1186333.7
2021-03-02,1399/12/12,10624000.0,253090.0,1738.0878,109360000.0,64.06,69810.0,26.75,1177916.9
2021-03-03,1399/12/13,10521000.0,249760.0,1710.95,108120000.0,67.09,68910.0,26.08,1177916.9
2021-03-04,1399/12/14,10521000.0,246610.0,1697.1899,108120000.0,69.46,68910.0,25.3075,1177916.9
2021-03-06,1399/12/16,10287000.0,247760.0,1700.86,104670000.0,69.54,68370.0,25.19,1175595.8
2021-03-07,1399/12/17,10126000.0,247060.0,1700.86,105430000.0,67.97,68180.0,25.19,1199888.4
2021-03-08,1399/12/18,10211000.0,246480.0,1681.2439,103990000.0,67.41,68010.0,25.09,1210146.7
2021-03-09,1399/12/19,10287000.0,245830.0,1715.36,105160000.0,68.1,67810.0,25.9,1206878.0
2021-03-10,1399/12/20,10287000.0,242420.0,1726.048,105160000.0,69.65,67810.0,26.1639,1206878.0
2021-03-13,1399/12/23,10442000.0,246540.0,1726.4069,106900000.0,69.18,68010.0,25.9129,1245186.0
2021-03-14,1399/12/24,10504000.0,247240.0,1726.4069,107600000.0,68.89,68240.0,25.9129,1254213.0
2021-03-15,1399/12/25,10664000.0,248510.0,1731.8362,108990000.0,68.29,68570.0,26.26,1290518.6
2021-03-16,1399/12/26,10768000.0,248990.0,1730.9399,112300000.0,67.96,68690.0,25.96,1307657.4
2021-03-17,1399/12/27,10855000.0,251340.0,1744.4399,107800000.0,62.48,69340.0,26.335,1307657.4
2021-03-18,1399/12/28,10855000.0,239630.0,1736.4093,107800000.0,64.59,69340.0,26.05,1307657.4
2021-03-24,1400/01/04,10832100.0,251487.0,1734.1899,112360000.0,61.62,69487.0,25.08,1309561.6
2021-03-27,1400/01/07,10955000.0,256240.0,1731.9664,112880000.0,64.43,70660.0,25.045,1306887.8
2021-03-28,1400/01/08,11031000.0,252330.0,1731.9664,112880000.0,64.92,70660.0,25.045,1306887.8
2021-03-30,1400/01/10,10846000.0,257960.0,1684.7961,111480000.0,62.9,71140.0,24.015,1294543.7
2021-03-31,1400/01/11,10846000.0,257520.0,1707.0074,111480000.0,64.63,71140.0,24.39,1294543.7
2021-04-03,1400/01/14,10599000.0,249460.0,1728.84,106620000.0,64.67,68830.0,24.97,1269478.7
2021-04-04,1400/01/15,10592000.0,249240.0,1728.84,107390000.0,62.21,68770.0,24.97,1262735.3
2021-04-05,1400/01/16,10701000.0,252450.0,1728.4399,107490000.0,62.71,69620.0,24.9,1260785.7
2021-04-06,1400/01/17,10585000.0,250610.0,1743.5699,107490000.0,62.95,69130.0,25.17,1249910.4
2021-04-07,1400/01/18,10511000.0,247990.0,1737.28,105620000.0,63.28,68420.0,25.12,1249910.4
2021-04-08,1400/01/19,10511000.0,244660.0,1755.9399,105620000.0,63.01,68420.0,25.43,1249910.4
2021-04-10,1400/01/21,10329000.0,247490.0,1743.1,104160000.0,63.01,68290.0,25.24,1230876.5
2021-04-11,1400/01/22,10391000.0,249950.0,1743.1,104990000.0,63.27,68950.0,25.24,1226119.1
2021-04-12,1400/01/23,10428000.0,250320.0,1732.5137,105000000.0,63.88,69050.0,24.845,1244556.6
2021-04-13,1400/01/24,10375000.0,248970.0,1743.8298,105820000.0,66.4,68710.0,25.33,1243358.7
2021-04-14,1400/01/25,10454000.0,250150.0,1736.0035,105280000.0,66.78,69000.0,25.41,1243358.7
2021-04-15,1400/01/26,10454000.0,239870.0,1763.2084,105280000.0,66.74,69000.0,25.86,1243358.7
2021-04-17,1400/01/28,10396000.0,246180.0,1776.3064,104020000.0,66.71,67930.0,25.955,1224795.3
2021-04-18,1400/01/29,10190000.0,240540.0,1776.3064,102960000.0,67.08,66390.0,25.955,1216874.3
2021-04-19,1400/01/30,10228000.0,241810.0,1769.3101,100690000.0,66.52,66740.0,25.81,1219589.9
2021-04-20,1400/01/31,10216000.0,241840.0,1777.2533,101880000.0,65.29,66740.0,25.87,1207046.9
2021-04-21,1400/02/01,10117000.0,238640.0,1793.4617,100760000.0,65.54,65900.0,26.575,1207046.9
2021-04-22,1400/02/02,10117000.0,233300.0,1783.9399,100760000.0,65.54,65900.0,26.17,1207046.9
2021-04-24,1400/02/04,10057000.0,237320.0,1777.1801,101670000.0,65.42,65490.0,25.99,1187843.0
2021-04-25,1400/02/05,9936000.0,236920.0,1777.1801,99880000.0,65.07,65400.0,25.99,1186956.5
2021-04-26,1400/02/06,9983000.0,236670.0,1780.1899,100440000.0,66.14,65340.0,26.21,1202636.7
2021-04-27,1400/02/07,9964000.0,237210.0,1776.6899,100140000.0,66.77,65480.0,26.24,1207850.4
2021-04-28,1400/02/08,9874000.0,235220.0,1781.3237,99470000.0,68.05,64920.0,26.17,1207850.4
2021-04-29,1400/02/09,9874000.0,232310.0,1771.2433,99470000.0,66.72,64920.0,26.0836,1207850.4
2021-05-01,1400/02/11,9399000.0,221710.0,1768.59,95790000.0,66.66,61260.0,25.9,1180663.6
2021-05-02,1400/02/12,9394000.0,220360.0,1768.59,95640000.0,67.47,60890.0,25.9,1167072.7
2021-05-03,1400/02/13,9394000.0,220210.0,1792.3615,95640000.0,68.53,60890.0,26.87,1167072.7
2021-05-05,1400/02/15,9399000.0,216990.0,1786.444,94930000.0,68.17,59080.0,26.5,1172262.4
2021-05-06,1400/02/16,9399000.0,206480.0,1815.1783,94930000.0,68.2,59080.0,27.295,1172262.4
2021-05-08,1400/02/18,9387000.0,216460.0,1830.4771,95510000.0,68.23,58950.0,27.43,1151896.4
2021-05-09,1400/02/19,9703400.0,221816.0,1830.4771,99354000.0,68.17,60746.0,27.43,1157682.9
2021-05-11,1400/02/21,9853000.0,221850.0,1836.9399,99740000.0,68.67,61080.0,27.63,1179527.1
2021-05-12,1400/02/22,9943000.0,225850.0,1815.4399,100540000.0,68.97,61470.0,27.03,1184000.3
2021-05-15,1400/02/25,10287000.0,220500.0,1842.1899,102280000.0,68.83,62360.0,27.415,1188811.1
2021-05-16,1400/02/26,10142000.0,228860.0,1842.1899,100740000.0,69.53,62320.0,27.415,1174659.7
2021-05-17,1400/02/27,10290000.0,231150.0,1866.1324,103040000.0,68.84,62970.0,28.17,1176833.7
2021-05-18,1400/02/28,10156000.0,228240.0,1868.22,98840000.0,66.72,62170.0,28.205,1154844.7
2021-05-19,1400/02/29,10193000.0,230020.0,1869.5699,101040000.0,65.13,62630.0,27.75,1154844.7
2021-05-20,1400/02/30,10193000.0,223000.0,1876.6899,101040000.0,66.53,62630.0,27.74,1154844.7
2021-05-22,1400/03/01,10292000.0,230650.0,1880.3,100790000.0,66.35,62830.0,27.52,1107915.1
2021-05-23,1400/03/02,10368000.0,232790.0,1880.3,101660000.0,68.4,63380.0,27.52,1095697.7
2021-05-24,1400/03/03,10329000.0,231240.0,1881.0699,101090000.0,68.36,62960.0,27.8,1105454.2
2021-05-25,1400/03/04,10442000.0,232150.0,1899.264,103470000.0,68.64,63220.0,27.98,1109369.6
2021-05-26,1400/03/05,10467000.0,232390.0,1896.4399,103170000.0,69.15,63280.0,27.69,1109369.6
2021-05-27,1400/03/06,10467000.0,226470.0,1896.08,103170000.0,69.15,63280.0,27.86,1109369.6
2021-05-29,1400/03/08,10800000.0,234660.0,1902.64,106970000.0,69.01,65300.0,27.88,1134015.5
2021-05-30,1400/03/09,11003000.0,238570.0,1902.64,107480000.0,69.01,65690.0,27.88,1156933.8
2021-05-31,1400/03/10,10980000.0,234060.0,1906.36,106390000.0,69.31,66140.0,28.0513,1145930.0
2021-06-01,1400/03/11,10964000.0,234160.0,1900.1899,107920000.0,71.25,65710.0,27.9,1148642.7
2021-06-02,1400/03/12,10793000.0,237430.0,1907.944,107480000.0,71.29,64620.0,28.2,1148642.7
2021-06-03,1400/03/13,10793000.0,234330.0,1870.5699,107480000.0,71.78,64620.0,27.45,1148642.7
2021-06-07,1400/03/17,10747000.0,239410.0,1898.9962,106860000.0,71.5,65220.0,27.875,1160665.6
2021-06-08,1400/03/18,10832000.0,241410.0,1892.8199,107830000.0,72.0,65750.0,27.635,1151846.3
2021-06-09,1400/03/19,10735000.0,239170.0,1888.2983,106770000.0,72.45,65120.0,27.751,1151846.3
2021-06-10,1400/03/20,10735000.0,239230.0,1898.1375,106770000.0,72.57,65120.0,27.965,1151846.3
2021-06-12,1400/03/22,10758000.0,240990.0,1876.64,106560000.0,72.59,65630.0,27.89,1141225.9
2021-06-13,1400/03/23,10682000.0,239740.0,1876.64,106010000.0,72.91,65280.0,27.89,1150203.6
2021-06-14,1400/03/24,10717000.0,240450.0,1865.995,106910000.0,74.14,65500.0,27.834,1150129.2
2021-06-15,1400/03/25,10809000.0,241810.0,1858.6949,107740000.0,74.19,65850.0,27.637,1147675.0
2021-06-16,1400/03/26,10654000.0,244320.0,1811.9525,108030000.0,73.16,66550.0,26.9635,1147675.0
2021-06-17,1400/03/27,10654000.0,244290.0,1773.3149,108030000.0,73.52,66550.0,25.92,1147675.0
2021-06-19,1400/03/29,10283000.0,239490.0,1763.34,102110000.0,73.19,65210.0,25.79,1163757.0
2021-06-20,1400/03/30,10352000.0,241070.0,1763.34,103230000.0,74.89,65620.0,25.79,1168664.7
2021-06-21,1400/03/31,10440000.0,242590.0,1782.9482,104190000.0,74.94,66060.0,25.9384,1186905.5
2021-06-22,1400/04/01,10382000.0,241790.0,1778.5125,103770000.0,75.33,65840.0,25.748,1213054.6
2021-06-23,1400/04/02,10338000.0,241890.0,1778.7305,102830000.0,75.43,65880.0,25.8615,1213054.6
2021-06-24,1400/04/03,10338000.0,241890.0,1775.1827,102830000.0,76.06,65880.0,25.9326,1213054.6
2021-06-26,1400/04/05,10585000.0,246740.0,1780.34,105230000.0,75.38,67200.0,26.074,1238485.8
2021-06-27,1400/04/06,10657000.0,247080.0,1780.34,107140000.0,74.15,67200.0,26.074,1243812.3
2021-06-28,1400/04/07,10641000.0,249660.0,1778.175,107910000.0,74.57,67960.0,26.0935,1248516.5
2021-06-29,1400/04/08,10724000.0,253990.0,1761.09,108270000.0,74.64,69130.0,25.745,1256960.1
2021-06-30,1400/04/09,10678000.0,251530.0,1769.8025,107940000.0,75.35,68480.0,26.1044,1256960.1
2021-07-01,1400/04/10,10678000.0,251510.0,1776.6,107940000.0,76.33,68480.0,26.011,1256960.1
2021-07-03,1400/04/12,10597000.0,251500.0,1786.7902,107470000.0,76.06,68450.0,26.46,1243719.1
2021-07-04,1400/04/13,10576000.0,249590.0,1786.7902,105810000.0,77.16,67980.0,26.46,1254561.8
2021-07-05,1400/04/14,10673000.0,250990.0,1791.6121,107220000.0,74.68,68350.0,26.4551,1281187.0
2021-07-06,1400/04/15,10604000.0,250870.0,1796.6873,106630000.0,73.23,68320.0,26.134,1282036.1
2021-07-07,1400/04/16,10635700.0,249652.0,1803.405,106899000.0,74.3,68062.0,26.121,1282036.1
2021-07-10,1400/04/19,10648000.0,249990.0,1807.98,107030000.0,75.59,68070.0,26.08,1285256.4
2021-07-11,1400/04/20,10613000.0,249800.0,1807.98,106820000.0,75.22,68020.0,26.08,1304333.3
2021-07-12,1400/04/21,10539000.0,247490.0,1805.8774,106040000.0,76.52,67390.0,26.175,1303921.4
2021-07-13,1400/04/22,10491000.0,246110.0,1807.4351,104810000.0,74.38,66990.0,25.9615,1305491.0
2021-07-14,1400/04/23,10590000.0,246990.0,1827.0616,105980000.0,73.29,67270.0,26.235,1305491.0
2021-07-15,1400/04/24,10590000.0,246990.0,1829.1866,105980000.0,73.75,67270.0,26.3245,1305491.0
2021-07-17,1400/04/26,10507000.0,245440.0,1810.89,105130000.0,73.14,66810.0,25.66,1302857.2
2021-07-18,1400/04/27,10477000.0,244670.0,1810.89,105060000.0,68.08,66600.0,25.66,1311306.0
2021-07-19,1400/04/28,10560000.0,245300.0,1812.3425,105960000.0,69.64,66780.0,25.205,1311306.0
2021-07-20,1400/04/29,10560000.0,245190.0,1810.0304,105960000.0,72.22,66780.0,24.908,1311306.0
2021-07-22,1400/04/31,10537000.0,246280.0,1806.6899,105980000.0,74.02,67040.0,25.455,1311306.0
2021-07-24,1400/05/02,10606000.0,247790.0,1801.34,107060000.0,73.44,67480.0,25.16,1323354.6
2021-07-25,1400/05/03,10749000.0,250560.0,1801.34,108920000.0,73.83,68210.0,25.16,1323354.6
2021-07-26,1400/05/04,10775000.0,251720.0,1797.265,109460000.0,73.5,68510.0,25.1646,1314909.1
2021-07-27,1400/05/05,10957000.0,256140.0,1798.7321,111580000.0,73.72,69720.0,24.6745,1316504.6
2021-07-28,1400/05/06,10957000.0,255990.0,1806.8809,111580000.0,75.11,69720.0,24.9285,1316504.6
2021-07-31,1400/05/09,10975000.0,254890.0,1813.5815,112390000.0,75.14,69360.0,25.46,1360246.6
2021-08-01,1400/05/10,10938000.0,255190.0,1813.5815,112110000.0,72.94,69460.0,25.46,1357895.2
2021-08-02,1400/05/11,10996000.0,257330.0,1813.385,113830000.0,72.48,70060.0,25.43,1375612.3
2021-08-03,1400/05/12,10989000.0,256240.0,1809.9399,112660000.0,70.16,69760.0,25.55,1406058.1
2021-08-04,1400/05/13,11008000.0,256280.0,1811.405,113380000.0,71.22,69790.0,25.3571,1406058.1
2021-08-05,1400/05/14,11008000.0,256280.0,1804.0131,113380000.0,70.5,69790.0,25.1304,1406058.1
2021-08-07,1400/05/16,10865000.0,256790.0,1762.6899,112430000.0,70.3,69940.0,24.3325,1417863.0
2021-08-08,1400/05/17,10848000.0,259170.0,1762.6899,112570000.0,69.24,70590.0,24.3325,1433175.9
2021-08-09,1400/05/18,10920000.0,263190.0,1729.4575,112790000.0,70.75,71670.0,23.431,1453797.2
2021-08-10,1400/05/19,11102000.0,266160.0,1728.7104,115290000.0,71.49,72460.0,23.32,1484589.9
2021-08-11,1400/05/20,11070000.0,264320.0,1751.5627,115620000.0,71.2,71990.0,23.5245,1484589.9
2021-08-12,1400/05/21,11070000.0,264290.0,1752.4375,115620000.0,70.26,71990.0,23.1551,1484589.9
2021-08-14,1400/05/23,11377000.0,269070.0,1779.1515,118160000.0,70.24,73250.0,23.74,1500000.1
2021-08-15,1400/05/24,11488000.0,269130.0,1779.1515,118160000.0,69.72,73260.0,23.74,1500000.1
2021-08-16,1400/05/25,11449000.0,269090.0,1787.2383,118170000.0,69.12,73270.0,23.8235,1500000.1
2021-08-17,1400/05/26,11449000.0,268990.0,1785.9556,118170000.0,67.83,73270.0,23.6351,1500000.1
2021-08-21,1400/05/30,11548000.0,274580.0,1780.8668,121120000.0,64.75,74740.0,23.01,1515548.6
2021-08-22,1400/05/31,11733000.0,276660.0,1780.8668,121310000.0,68.25,75320.0,23.01,1515886.5
2021-08-23,1400/06/01,11756000.0,276490.0,1805.1975,121240000.0,70.57,75290.0,23.66,1543476.4
2021-08-24,1400/06/02,11719000.0,278490.0,1802.6055,121620000.0,71.31,75830.0,23.8355,1550120.4
2021-08-25,1400/06/03,11712000.0,278990.0,1790.6801,119560000.0,70.24,75970.0,23.86,1550120.4
2021-08-26,1400/06/04,11712000.0,278990.0,1792.155,119560000.0,71.58,75970.0,23.54,1550120.4
2021-08-28,1400/06/06,11823000.0,275990.0,1816.6689,119890000.0,71.63,75190.0,23.995,1573407.6
2021-08-29,1400/06/07,11539000.0,270690.0,1816.6689,118620000.0,72.1,73710.0,23.995,1523997.1
2021-08-30,1400/06/08,11652000.0,274280.0,1810.1653,119680000.0,71.53,74700.0,24.06,1496156.6
2021-08-31,1400/06/09,11543000.0,270350.0,1813.4281,119010000.0,71.44,73660.0,23.885,1520627.1
2021-09-01,1400/06/10,11619000.0,272790.0,1813.655,119790000.0,72.78,74310.0,24.17,1520627.1
2021-09-02,1400/06/11,11619000.0,272910.0,1809.4005,119790000.0,72.57,74310.0,23.8811,1520627.1
2021-09-04,1400/06/13,11691000.0,270670.0,1826.1899,120980000.0,72.46,73700.0,24.69,1537192.9
2021-09-05,1400/06/14,11661000.0,271120.0,1826.1899,120030000.0,72.09,73850.0,24.69,1538503.4
2021-09-06,1400/06/15,11682000.0,273810.0,1823.1028,121140000.0,71.59,74550.0,24.67,1523086.7
2021-09-07,1400/06/16,11806000.0,276810.0,1794.1333,121740000.0,72.65,75380.0,24.2984,1526009.1
2021-09-08,1400/06/17,11836000.0,278410.0,1788.925,122040000.0,71.31,75780.0,23.96,1526009.1
2021-09-09,1400/06/18,11836000.0,278270.0,1794.6949,122040000.0,72.95,75780.0,24.07,1526009.1
2021-09-11,1400/06/20,11573000.0,272390.0,1787.3383,120840000.0,72.88,74200.0,23.7175,1489994.9
2021-09-12,1400/06/21,11559000.0,273130.0,1787.3383,118920000.0,73.48,74400.0,23.7175,1475274.1
2021-09-13,1400/06/22,11668000.0,276410.0,1793.4891,119980000.0,73.6,75290.0,23.7155,1496954.9
2021-09-14,1400/06/23,11546000.0,273170.0,1804.2655,119330000.0,75.55,74380.0,23.8335,1488291.7
2021-09-15,1400/06/24,11516000.0,274510.0,1792.59,118060000.0,75.7,74750.0,23.8195,1488291.7
2021-09-16,1400/06/25,11516000.0,274460.0,1753.3933,118060000.0,75.34,74750.0,22.93,1488291.7
2021-09-18,1400/06/27,11336000.0,274710.0,1754.1565,118220000.0,75.31,74760.0,22.3925,1420479.0
2021-09-19,1400/06/28,11322000.0,274430.0,1754.1565,118630000.0,74.81,74710.0,22.3925,1395330.2
2021-09-20,1400/06/29,11426000.0,274070.0,1763.8755,118660000.0,74.59,74640.0,22.245,1391236.1
2021-09-21,1400/06/30,11426000.0,274030.0,1774.2462,118660000.0,74.59,74640.0,22.4715,1391236.1
2021-09-22,1400/06/31,11523000.0,275210.0,1767.9135,118200000.0,75.94,74990.0,22.6695,1386466.3
2021-09-23,1400/07/01,11562000.0,276810.0,1742.5725,118640000.0,77.22,75380.0,22.4871,1386466.3
2021-09-25,1400/07/03,11419000.0,275590.0,1749.863,118836000.0,77.23,75020.0,22.415,1424719.4
2021-09-26,1400/07/04,11460000.0,276810.0,1749.863,118836000.0,77.23,75350.0,22.415,1424719.4
2021-09-28,1400/07/06,11513000.0,280560.0,1733.6823,118890000.0,77.52,76410.0,22.433,1425447.4
2021-09-29,1400/07/07,11573000.0,282430.0,1726.1075,118670000.0,77.81,76930.0,21.5126,1436984.3
2021-09-30,1400/07/08,11645000.0,284710.0,1756.6606,118640000.0,78.3,77530.0,22.2,1436984.3
2021-10-02,1400/07/10,11608000.0,280460.0,1760.3602,118660000.0,79.13,76350.0,22.52,1476680.3
2021-10-03,1400/07/11,11691000.0,281380.0,1760.3602,118890000.0,81.28,76580.0,22.52,1484652.8
2021-10-04,1400/07/12,11691000.0,281360.0,1769.505,118890000.0,81.2,76580.0,22.6591,1484652.8
2021-10-06,1400/07/14,11594000.0,279320.0,1762.4751,117570000.0,80.72,76050.0,22.594,1488264.5
2021-10-09,1400/07/17,11394900.0,275136.0,1756.6675,117250000.0,82.54,74790.0,22.66,1455612.0
2021-10-11,1400/07/19,11319000.0,273360.0,1753.8558,117120000.0,83.6,74430.0,22.556,1418683.0
2021-10-12,1400/07/20,11414000.0,271670.0,1759.9299,117340000.0,83.2,73970.0,22.5335,1397386.1
2021-10-13,1400/07/21,11416000.0,270700.0,1792.6466,117160000.0,83.2,73730.0,23.0651,1397386.1
2021-10-14,1400/07/22,11416000.0,270870.0,1795.5601,117160000.0,84.79,73730.0,23.54,1397386.1
2021-10-16,1400/07/24,11412000.0,271810.0,1767.2563,116710000.0,84.84,74010.0,23.2835,1436109.9
2021-10-17,1400/07/25,11370000.0,272530.0,1767.2563,115510000.0,84.17,74200.0,23.2835,1436916.8
2021-10-18,1400/07/26,11472000.0,274750.0,1764.5988,117140000.0,84.93,74850.0,23.1651,1449471.6
2021-10-19,1400/07/27,11426000.0,273060.0,1768.87,116940000.0,85.81,74370.0,23.65,1436357.1
2021-10-20,1400/07/28,11490000.0,274210.0,1781.83,117690000.0,84.77,74670.0,24.268,1436357.1
2021-10-21,1400/07/29,11490000.0,274150.0,1782.7626,117690000.0,85.91,74670.0,24.135,1436357.1
2021-10-23,1400/08/01,11629000.0,276030.0,1792.4821,118790000.0,84.64,75160.0,24.31,1407758.0
2021-10-25,1400/08/03,11633000.0,275610.0,1807.4717,118260000.0,85.65,75050.0,24.5511,1384452.2
2021-10-26,1400/08/04,11714000.0,276870.0,1792.6328,119110000.0,83.41,75400.0,24.134,1393925.2
2021-10-27,1400/08/05,11716000.0,276670.0,1796.6875,118620000.0,83.92,75300.0,24.0426,1393925.2
2021-10-28,1400/08/06,11716000.0,276570.0,1798.6226,118620000.0,83.79,75300.0,24.1,1393925.2
2021-10-30,1400/08/08,11684000.0,275760.0,1782.8082,117810000.0,83.68,75120.0,23.85,1340290.8
2021-10-31,1400/08/09,11716000.0,275040.0,1782.8082,117970000.0,84.56,74890.0,23.85,1361402.9
2021-11-01,1400/08/10,11684000.0,276030.0,1793.045,117700000.0,84.46,75130.0,24.0166,1376094.4
2021-11-02,1400/08/11,11716000.0,278980.0,1787.2811,118310000.0,81.37,76000.0,23.519,1398416.5
2021-11-03,1400/08/12,11684000.0,276570.0,1769.5162,118210000.0,80.79,75260.0,23.494,1398416.5
2021-11-04,1400/08/13,11684000.0,276510.0,1791.705,118210000.0,82.72,75260.0,23.7705,1398416.5
2021-11-06,1400/08/15,12014000.0,279880.0,1816.73,121310000.0,82.35,76240.0,24.17,1430892.2
2021-11-07,1400/08/16,12037000.0,280250.0,1816.73,121930000.0,83.59,76300.0,24.17,1434378.9
2021-11-08,1400/08/17,12146000.0,281060.0,1824.26,122150000.0,84.88,76490.0,24.4388,1447674.8
2021-11-09,1400/08/18,12520000.0,283760.0,1831.4833,122740000.0,82.56,77240.0,24.2797,1456479.9
2021-11-10,1400/08/19,12638000.0,284240.0,1849.5686,125390000.0,82.67,77410.0,24.6237,1456479.9
2021-11-11,1400/08/20,12638000.0,284240.0,1861.5244,125390000.0,82.06,77410.0,25.2292,1456479.9
2021-11-13,1400/08/22,12702000.0,285240.0,1864.0441,125870000.0,81.99,77660.0,25.2851,1442515.7
2021-11-14,1400/08/23,12608000.0,280400.0,1864.0441,125480000.0,82.06,76350.0,25.2851,1416298.7
2021-11-15,1400/08/24,12550000.0,281480.0,1862.4591,125670000.0,82.5,76650.0,25.0387,1408582.5
2021-11-16,1400/08/25,12494000.0,283540.0,1849.91,125730000.0,80.62,77210.0,24.8005,1410777.8
2021-11-17,1400/08/26,12404000.0,281400.0,1866.96,124790000.0,81.19,76670.0,25.05,1410777.8
2021-11-18,1400/08/27,12404000.0,278980.0,1858.46,124790000.0,78.55,76670.0,24.78,1410777.8
2021-11-20,1400/08/29,12395000.0,282890.0,1844.6,124260000.0,78.47,77050.0,24.5882,1386935.3
2021-11-21,1400/08/30,12520000.0,284400.0,1844.6,125280000.0,79.45,77310.0,24.5882,1407132.9
2021-11-22,1400/09/01,12358000.0,286440.0,1805.04,124310000.0,82.5,77880.0,24.1664,1404611.7
2021-11-23,1400/09/02,12524000.0,291660.0,1789.7332,126460000.0,82.14,79280.0,23.6519,1394095.4
2021-11-24,1400/09/03,12504000.0,289770.0,1788.5,125710000.0,82.25,78440.0,23.5295,1394095.4
2021-11-25,1400/09/04,12504000.0,288080.0,1788.45,125710000.0,72.91,78440.0,23.5751,1394095.4
2021-11-27,1400/09/06,12573000.0,294720.0,1791.8105,125720000.0,71.59,74510.0,23.1305,1368005.2
2021-11-28,1400/09/07,12695000.0,294350.0,1791.8105,127080000.0,72.75,79080.0,23.1305,1363939.0
2021-11-29,1400/09/08,12511000.0,290540.0,1785.01,125560000.0,69.86,78720.0,22.89,1357128.9
2021-11-30,1400/09/09,12615000.0,291900.0,1773.7845,126210000.0,68.57,72480.0,22.7984,1340071.9
2021-12-01,1400/09/10,12589000.0,293390.0,1782.66,126260000.0,70.28,74390.0,22.3059,1340071.9
2021-12-02,1400/09/11,12589000.0,273240.0,1768.6353,126260000.0,69.67,74390.0,22.3749,1340071.9
2021-12-04,1400/09/13,13044000.0,303380.0,1783.7361,130400000.0,69.91,75860.0,22.5093,1343202.7
2021-12-05,1400/09/14,13194000.0,309710.0,1783.7361,132460000.0,73.25,75770.0,22.5093,1342353.6
2021-12-06,1400/09/15,13169000.0,306930.0,1778.1078,132660000.0,75.19,75750.0,22.352,1337987.6
2021-12-07,1400/09/16,13095000.0,307010.0,1784.042,131380000.0,76.01,75620.0,22.47,1349389.3
2021-12-08,1400/09/17,13067000.0,307060.0,1782.0601,131650000.0,74.06,75440.0,22.393,1349389.3
2021-12-09,1400/09/18,13067000.0,277040.0,1774.46,131650000.0,75.31,75440.0,21.9285,1349389.3
2021-12-11,1400/09/20,12933000.0,301600.0,1782.51,130380000.0,75.35,75380.0,22.1626,1320761.6
2021-12-12,1400/09/21,12868000.0,297720.0,1782.51,129690000.0,74.51,74810.0,22.1626,1295550.1
2021-12-13,1400/09/22,12979000.0,302220.0,1786.9432,131450000.0,73.53,74670.0,22.3102,1291798.4
2021-12-14,1400/09/23,12922000.0,301340.0,1770.1758,132790000.0,74.45,74650.0,21.9257,1293237.9
2021-12-15,1400/09/24,12991000.0,299500.0,1777.0601,131980000.0,74.78,74640.0,22.05,1293237.9
2021-12-16,1400/09/25,12991000.0,274170.0,1799.0272,131980000.0,73.4,74640.0,22.46,1293237.9
2021-12-18,1400/09/27,12815000.0,299100.0,1797.682,130210000.0,72.98,81760.0,22.3473,1291675.8
2021-12-19,1400/09/28,12862000.0,300710.0,1797.682,130990000.0,71.84,82440.0,22.3473,1301542.3
2021-12-20,1400/09/29,12972000.0,301780.0,1789.318,132360000.0,74.18,82770.0,22.2322,1318359.7
2021-12-21,1400/09/30,13005000.0,300770.0,1788.3604,132110000.0,75.38,82430.0,22.49,1359011.0
2021-12-22,1400/10/01,13019000.0,300131.0,1803.3954,132220000.0,76.72,81787.0,22.7727,1359011.0
2021-12-23,1400/10/02,13019000.0,300131.0,1807.91,132220000.0,76.52,81787.0,22.89,1359011.0
2021-12-25,1400/10/04,12979000.0,299370.0,1808.115,130880000.0,76.52,82090.0,22.94,1384015.1
2021-12-26,1400/10/05,12935000.0,298570.0,1808.115,130910000.0,78.28,81880.0,22.94,1400314.6
2021-12-27,1400/10/06,12873000.0,295210.0,1810.9,130240000.0,78.72,80950.0,23.04,1399888.9
2021-12-28,1400/10/07,12878000.0,296590.0,1805.3657,130620000.0,79.11,81390.0,22.9924,1397311.4
2021-12-29,1400/10/08,12975000.0,298180.0,1803.66,131290000.0,79.12,81820.0,22.8071,1397311.4
2021-12-30,1400/10/09,12975000.0,273880.0,1815.0109,131290000.0,77.86,81820.0,23.0317,1397311.4
2022-01-01,1400/10/11,12938000.0,295480.0,1828.3903,130670000.0,77.86,81030.0,23.2679,1379041.1
2022-01-02,1400/10/12,12808000.0,292650.0,1828.3903,130760000.0,78.88,80260.0,23.2679,1376049.3
2022-01-03,1400/10/13,12668000.0,290320.0,1800.8488,128890000.0,80.09,79630.0,22.8598,1362828.6
2022-01-04,1400/10/14,12654000.0,283735.0,1814.5601,128860000.0,80.41,78600.0,23.0296,1363095.8
2022-01-05,1400/10/15,12654000.0,283735.0,1809.5342,128860000.0,82.16,78600.0,22.7731,1363095.8
2022-01-08,1400/10/18,11737000.0,273750.0,1795.6321,121230000.0,81.78,75110.0,22.3,1336820.7
2022-01-09,1400/10/19,11984000.0,278820.0,1795.6321,121620000.0,80.77,76510.0,22.3,1332755.6
2022-01-10,1400/10/20,12254000.0,280380.0,1801.4054,122760000.0,83.82,76910.0,22.4513,1335536.3
2022-01-11,1400/10/21,12109000.0,277090.0,1822.01,122530000.0,84.59,76050.0,22.7628,1334265.0
2022-01-12,1400/10/22,12275000.0,279600.0,1825.3195,124030000.0,83.96,76750.0,23.1121,1334265.0
2022-01-13,1400/10/23,12275000.0,266620.0,1822.0876,124030000.0,86.38,76750.0,23.0715,1334265.0
2022-01-15,1400/10/25,11977000.0,275080.0,1817.219,121520000.0,86.36,75480.0,22.9502,1310804.4
2022-01-16,1400/10/26,11855000.0,273030.0,1817.219,121310000.0,86.5,74870.0,22.9502,1306531.1
2022-01-17,1400/10/27,11917000.0,273430.0,1818.99,120640000.0,87.93,75040.0,23.0,1275966.4
2022-01-18,1400/10/28,12100000.0,274740.0,1813.5367,122290000.0,88.21,75390.0,23.4502,1279449.8
2022-01-19,1400/10/29,12180000.0,275140.0,1839.96,123030000.0,87.61,75520.0,24.1235,1279449.8
2022-01-20,1400/10/30,12180000.0,275250.0,1838.36,123030000.0,87.27,75520.0,24.43,1279449.8
2022-01-22,1400/11/02,12349000.0,277690.0,1833.2386,123690000.0,87.08,76170.0,24.2304,1256512.8
2022-01-23,1400/11/03,12416000.0,279650.0,1833.2386,123840000.0,85.66,76760.0,24.2304,1234707.7
2022-01-24,1400/11/04,12397000.0,277790.0,1843.0601,122920000.0,86.96,76210.0,23.9544,1208047.3
2022-01-25,1400/11/05,12381000.0,278580.0,1847.5601,123580000.0,88.0,76440.0,23.8152,1229368.4
2022-01-26,1400/11/06,12324000.0,277900.0,1818.1171,122860000.0,88.19,76190.0,23.4818,1229368.4
2022-01-27,1400/11/07,12324000.0,277710.0,1796.51,122860000.0,88.7,76190.0,22.74,1229368.4
2022-01-29,1400/11/09,12277000.0,278820.0,1791.0336,122080000.0,89.0,76510.0,22.4164,1284575.8
2022-01-30,1400/11/10,12167000.0,276910.0,1791.0336,121110000.0,89.43,75960.0,22.4164,1294669.9
2022-01-31,1400/11/11,12169000.0,274600.0,1796.4686,121530000.0,89.12,75340.0,22.4337,1301297.4
2022-02-01,1400/11/12,12088000.0,272540.0,1800.6519,121020000.0,89.56,74790.0,22.6335,1301195.7
2022-02-02,1400/11/13,12109000.0,272810.0,1806.4976,121180000.0,91.13,74820.0,22.6242,1301195.7
2022-02-03,1400/11/14,12109000.0,272650.0,1804.4047,121180000.0,93.28,74820.0,22.3937,1301195.7
2022-02-05,1400/11/16,11848000.0,267600.0,1807.494,119340000.0,92.78,73440.0,22.4799,1282049.5
2022-02-06,1400/11/17,11776000.0,264600.0,1807.494,118330000.0,92.74,72590.0,22.4799,1274467.5
2022-02-07,1400/11/18,11555000.0,260520.0,1820.3101,115810000.0,90.92,71530.0,22.9917,1281169.0
2022-02-08,1400/11/19,11656000.0,262240.0,1825.4849,116740000.0,91.78,72010.0,23.1759,1284120.5
2022-02-09,1400/11/20,11636000.0,262320.0,1832.4255,116290000.0,91.44,71990.0,23.3,1284120.5
2022-02-10,1400/11/21,11636000.0,262270.0,1826.5701,116290000.0,94.78,71990.0,23.1777,1284120.5
2022-02-12,1400/11/23,12176000.0,268670.0,1859.9591,121560000.0,95.05,73120.0,23.5659,1275996.2
2022-02-13,1400/11/24,12095000.0,269153.0,1859.9591,119543000.0,95.94,73004.0,23.5659,1283324.2
2022-02-16,1400/11/27,11904100.0,262430.0,1868.3674,118430000.0,93.08,71405.0,23.5422,1282411.4
2022-02-19,1400/11/30,11730000.0,254170.0,1897.868,116690000.0,91.39,69160.0,23.9596,1274304.7
2022-02-20,1400/12/01,11749000.0,257920.0,1897.868,117090000.0,93.83,70240.0,23.9596,1281589.4
2022-02-21,1400/12/02,11885000.0,260570.0,1905.6348,118270000.0,93.5,70870.0,23.938,1284876.1
2022-02-22,1400/12/03,11908000.0,259490.0,1898.1344,118410000.0,93.94,70600.0,24.0855,1288337.2
2022-02-23,1400/12/04,12301000.0,261550.0,1907.5494,121690000.0,95.35,71160.0,24.5197,1288337.2
2022-02-24,1400/12/05,12301000.0,261440.0,1903.144,121690000.0,94.75,71160.0,24.2011,1288337.2
2022-02-26,1400/12/07,12021000.0,259850.0,1887.5608,120020000.0,94.51,70760.0,24.1918,1279292.7
2022-02-27,1400/12/08,12030000.0,259790.0,1887.5608,120180000.0,97.9,70680.0,24.1918,1281934.2
2022-02-28,1400/12/09,12030000.0,259650.0,1907.9028,120180000.0,105.69,70680.0,24.4202,1281934.2
2022-03-02,1400/12/11,12000000.0,256070.0,1926.1108,119720000.0,111.24,69720.0,25.2482,1281153.4
2022-03-03,1400/12/12,12000000.0,256150.0,1935.21,119720000.0,118.31,69720.0,25.16,1281153.4
2022-03-05,1400/12/14,11966000.0,254400.0,1968.4535,118620000.0,118.03,69090.0,25.6661,1322598.5
2022-03-06,1400/12/15,12086000.0,258110.0,1968.4535,120220000.0,123.24,70280.0,25.6661,1342923.6
2022-03-07,1400/12/16,12481000.0,260380.0,1998.11,123280000.0,128.41,70880.0,25.6585,1336569.2
2022-03-08,1400/12/17,12238000.0,257590.0,2052.4099,122430000.0,112.2,70080.0,26.3875,1348303.3
2022-03-09,1400/12/18,12178000.0,256810.0,1991.49,122110000.0,109.9,69950.0,25.7328,1348303.3
2022-03-10,1400/12/19,12178000.0,256960.0,1995.8586,122110000.0,112.38,69950.0,25.8816,1348303.3
2022-03-12,1400/12/21,12384000.0,264360.0,1985.2885,125020000.0,112.42,71910.0,25.8019,1335312.3
2022-03-13,1400/12/22,12301000.0,262760.0,1985.2885,124920000.0,106.16,71490.0,25.8019,1334780.9
2022-03-14,1400/12/23,12241000.0,263680.0,1951.115,124480000.0,98.53,71760.0,25.0155,1337269.2
2022-03-15,1400/12/24,12157000.0,263770.0,1917.8427,123780000.0,98.79,71800.0,24.863,1345030.6
2022-03-16,1400/12/25,12291000.0,262240.0,1927.9292,124080000.0,106.78,71400.0,25.0646,1345030.6
2022-03-17,1400/12/26,12291000.0,262300.0,1942.64,124080000.0,107.92,71400.0,25.335,1345030.6
2022-03-18,1400/12/27,12331300.0,262520.0,1921.087,124051000.0,107.96,71400.0,24.95,1367250.3
2022-03-26,1401/01/06,12451000.0,262740.0,1957.4,123980000.0,117.37,71480.0,25.51,1403589.4
2022-03-27,1401/01/07,12448000.0,266450.0,1957.4,124690000.0,107.02,72570.0,25.51,1418651.9
2022-03-28,1401/01/08,12494000.0,270430.0,1923.2025,123990000.0,108.2,73560.0,24.84,1414249.5
2022-03-29,1401/01/09,12571000.0,270500.0,1919.1851,124480000.0,110.59,73680.0,24.7486,1432106.4
2022-03-30,1401/01/10,12578000.0,271260.0,1933.0594,125190000.0,105.43,73800.0,24.8445,1432106.4
2022-03-31,1401/01/11,12578000.0,271140.0,1937.23,125190000.0,104.43,73800.0,24.7721,1432106.4
2022-04-03,1401/01/14,12758000.0,271950.0,1924.3,125190000.0,108.06,74020.0,24.61,1468820.1
2022-04-04,1401/01/15,12940000.0,277170.0,1932.4391,126970000.0,105.49,75460.0,24.5021,1471438.4
2022-04-05,1401/01/16,12802000.0,273940.0,1923.7574,128060000.0,101.85,74560.0,24.3105,1463779.7
2022-04-06,1401/01/17,12878000.0,276030.0,1925.4808,128160000.0,100.88,75130.0,24.43,1463779.7
2022-04-07,1401/01/18,12878000.0,274830.0,1932.1741,128160000.0,102.72,75130.0,24.57,1463779.7
2022-04-09,1401/01/20,13210000.0,279950.0,1945.85,131520000.0,102.35,76160.0,24.75,1474113.0
2022-04-10,1401/01/21,13182000.0,280580.0,1945.85,131670000.0,98.48,76360.0,24.75,1479493.0
2022-04-11,1401/01/22,13242000.0,281130.0,1953.4324,131860000.0,104.3,76530.0,25.074,1446026.9
2022-04-12,1401/01/23,13148000.0,278170.0,1966.59,131580000.0,108.68,75670.0,25.346,1454129.3
2022-04-13,1401/01/24,13069000.0,277910.0,1977.7228,130920000.0,111.1,75810.0,25.72,1454129.3
2022-04-14,1401/01/25,13069000.0,277910.0,1973.5195,130920000.0,111.23,75810.0,25.6291,1454129.3
2022-04-16,1401/01/27,13166000.0,279170.0,1974.5359,133730000.0,111.23,75980.0,25.68,1475058.6
2022-04-17,1401/01/28,13136000.0,276690.0,1974.5359,131940000.0,112.98,75280.0,25.68,1501842.6
2022-04-18,1401/01/29,12993000.0,275810.0,1978.4967,130400000.0,107.26,75060.0,25.838,1513105.7
2022-04-19,1401/01/30,13076000.0,277460.0,1949.84,131100000.0,107.53,75540.0,25.155,1512219.1
2022-04-20,1401/01/31,12938400.0,278620.0,1957.405,131690000.0,107.89,75860.0,25.176,1512219.1
2022-04-24,1401/02/04,12778000.0,278420.0,1929.73,129450000.0,102.84,75780.0,24.14,1507249.3
2022-04-25,1401/02/05,12862000.0,279220.0,1897.6925,131110000.0,104.72,76010.0,23.6051,1522868.2
2022-04-26,1401/02/06,12924000.0,280920.0,1905.5576,130960000.0,104.97,76450.0,23.4846,1521391.9
2022-04-27,1401/02/07,12949000.0,281530.0,1886.1154,131490000.0,107.31,76680.0,23.2848,1521391.9
2022-04-28,1401/02/08,12949000.0,279800.0,1894.3423,131490000.0,106.44,76680.0,23.1339,1521391.9
2022-04-30,1401/02/10,12965000.0,281580.0,1896.3959,131240000.0,106.08,76680.0,22.74,1523421.8
2022-05-01,1401/02/11,12922000.0,282540.0,1896.3959,131050000.0,107.75,76870.0,22.74,1529717.5
2022-05-02,1401/02/12,12922000.0,280210.0,1862.7676,131050000.0,105.46,76870.0,22.6295,1529717.5
2022-05-05,1401/02/15,13072000.0,280560.0,1876.8408,131940000.0,112.72,77230.0,22.5015,1529717.5
2022-05-07,1401/02/17,13111000.0,283650.0,1882.9565,133290000.0,113.22,76670.0,22.34,1553041.8
2022-05-08,1401/02/18,13104000.0,285460.0,1882.9565,133360000.0,105.24,76980.0,22.34,1540099.2
2022-05-09,1401/02/19,13423700.0,275432.0,1853.9207,137853000.0,102.42,79570.0,21.79,1539530.7
2022-05-11,1401/02/21,13441000.0,255800.0,1852.1202,139550000.0,108.12,80230.0,21.5555,1564449.1
2022-05-12,1401/02/22,13951000.0,255900.0,1821.72,147950000.0,111.43,83230.0,20.662,1564449.1
2022-05-14,1401/02/24,13817000.0,305670.0,1811.1544,144790000.0,111.22,83210.0,21.07,1572979.8
2022-05-15,1401/02/25,13746000.0,305340.0,1811.1544,143480000.0,113.97,83230.0,21.07,1583800.5
2022-05-16,1401/02/26,13600000.0,302320.0,1823.7904,142130000.0,111.88,83230.0,21.599,1606024.3
2022-05-17,1401/02/27,13501000.0,301120.0,1814.6685,141300000.0,108.86,83230.0,21.615,1594977.6
2022-05-18,1401/02/28,13561000.0,299560.0,1815.61,140920000.0,111.57,83230.0,21.3955,1594977.6
2022-05-19,1401/02/29,13561000.0,299560.0,1841.7188,140920000.0,112.79,83230.0,21.8945,1594977.6
2022-05-21,1401/02/31,13797000.0,303230.0,1845.6801,144280000.0,109.99,81881.0,21.75,1582143.8
2022-05-22,1401/03/01,13783000.0,302440.0,1845.6801,144560000.0,110.57,81655.0,21.75,1582143.8
2022-05-23,1401/03/02,13794000.0,301870.0,1853.2185,143010000.0,110.84,82306.0,21.7706,1555689.0
2022-05-24,1401/03/03,13801000.0,301240.0,1865.9,145040000.0,111.38,81615.0,22.091,1564487.5
2022-05-25,1401/03/04,13892500.0,303677.0,1852.8307,146304000.0,114.07,81866.0,21.9685,1564487.5
2022-05-28,1401/03/07,14067000.0,305660.0,1852.73,148530000.0,115.32,81991.0,22.1,1534057.1
2022-05-29,1401/03/08,14217000.0,308360.0,1852.73,151410000.0,117.69,81952.0,22.1,1537380.3
2022-05-30,1401/03/09,14270000.0,310030.0,1856.2129,151400000.0,116.32,81517.0,21.9462,1542711.1
2022-05-31,1401/03/10,14473000.0,315180.0,1837.0925,154600000.0,116.28,81874.0,21.535,1541979.9
2022-06-01,1401/03/11,14304000.0,312934.0,1845.55,153020000.0,117.89,82609.0,21.8,1541979.9
2022-06-02,1401/03/12,14304000.0,312934.0,1868.1277,153020000.0,121.17,82609.0,22.28,1541979.9
2022-06-06,1401/03/16,14420000.0,317910.0,1840.9982,149800000.0,121.17,81496.0,22.0551,1515387.7
2022-06-07,1401/03/17,14429000.0,317030.0,1851.9741,149260000.0,123.91,81852.0,22.2051,1520298.7
2022-06-08,1401/03/18,14870000.0,321300.0,1853.255,154730000.0,122.7,82648.0,22.0331,1520298.7
2022-06-09,1401/03/19,14408000.0,321300.0,1847.6095,149450000.0,121.93,82648.0,21.6605,1520298.7
2022-06-11,1401/03/21,15082000.0,329400.0,1870.96,164003500.0,121.93,81825.0,21.87,1532387.2
2022-06-12,1401/03/22,14715000.0,326640.0,1870.96,160170000.0,121.49,82573.0,21.87,1571446.8
2022-06-13,1401/03/23,14448000.0,321360.0,1818.7742,155560100.0,120.23,82800.0,21.0515,1574065.3
2022-06-14,1401/03/24,14274000.0,315680.0,1808.1,150930000.0,119.42,82234.0,21.075,1564334.0
2022-06-15,1401/03/25,14145000.0,317768.0,1833.3793,151380000.0,119.48,82001.0,21.653,1564334.0
2022-06-16,1401/03/26,14145000.0,317768.0,1856.7075,151380000.0,113.68,82001.0,21.9245,1564334.0
2022-06-18,1401/03/28,14270000.0,316800.0,1839.35,153960000.0,113.61,82726.0,21.65,1545962.9
2022-06-19,1401/03/29,14326000.0,317100.0,1839.35,153980000.0,114.24,81803.0,21.65,1547247.2
2022-06-20,1401/03/30,14390000.0,316850.0,1838.2876,154970000.0,114.33,82374.0,21.58,1539632.2
2022-06-21,1401/03/31,14434000.0,319780.0,1832.5585,155870000.0,111.31,82177.0,21.6655,1533393.9
2022-06-22,1401/04/01,14445000.0,317277.0,1837.3864,155590000.0,110.17,83110.0,21.3915,1533393.9
2022-06-23,1401/04/02,14445000.0,317277.0,1822.4293,155590000.0,113.01,83110.0,20.9346,1533393.9
2022-06-25,1401/04/04,13935000.0,313420.0,1826.1801,147470000.0,109.1,82384.0,21.11,1501346.4
2022-06-26,1401/04/05,13538000.0,305120.0,1826.1801,144420000.0,110.98,81916.0,21.11,1503782.3
2022-06-27,1401/04/06,13577000.0,307260.0,1822.73,143940000.0,113.75,81308.0,21.1415,1503782.3
2022-06-28,1401/04/07,13843000.0,311750.0,1819.6949,146100000.0,112.22,81829.0,20.8371,1513715.5
2022-06-29,1401/04/08,14341000.0,321439.0,1817.109,156320000.0,109.1,82669.0,20.7085,1513715.5
2022-06-30,1401/04/09,14341000.0,321439.0,1806.887,156020000.0,111.38,82669.0,20.2465,1513715.5
2022-07-02,1401/04/11,14235000.0,321890.0,1810.1801,153410000.0,111.48,82817.0,19.87,1502986.1
2022-07-03,1401/04/12,14247000.0,318200.0,1810.1801,152410000.0,113.81,82403.0,19.87,1507156.8
2022-07-04,1401/04/13,13646000.0,314150.0,1809.1166,149990000.0,103.2,82470.0,19.954,1511072.5
2022-07-05,1401/04/14,13720000.0,315330.0,1764.3528,150700000.0,100.62,83036.0,19.1925,1502603.8
2022-07-06,1401/04/15,13817000.0,314038.0,1738.3035,149980000.0,104.66,82610.0,19.1811,1502603.8
2022-07-07,1401/04/16,13817000.0,314038.0,1739.6115,149980000.0,106.98,82610.0,19.193,1502603.8
2022-07-09,1401/04/18,13845000.0,315343.0,1741.8199,150210000.0,107.15,81708.0,19.3,1502603.8
2022-07-11,1401/04/20,13813000.0,316080.0,1733.6726,150240000.0,99.01,82235.0,19.0835,1483534.7
2022-07-12,1401/04/21,13997000.0,316030.0,1725.806,150050000.0,99.58,82876.0,18.893,1490051.8
2022-07-13,1401/04/22,13810000.0,322036.0,1735.2314,150770000.0,99.79,82726.0,19.19,1490051.8
2022-07-14,1401/04/23,13810000.0,322036.0,1709.4491,150770000.0,101.05,82726.0,18.384,1490051.8
2022-07-16,1401/04/25,13672000.0,318885.0,1706.78,150610000.0,101.13,82560.0,18.69,1469832.4
2022-07-17,1401/04/26,13672000.0,318885.0,1706.78,150610000.0,105.84,82560.0,18.69,1469832.4
2022-07-19,1401/04/28,13506000.0,318000.0,1711.0656,148350000.0,106.89,82780.0,18.734,1471898.1
2022-07-20,1401/04/29,13536000.0,318830.0,1696.433,148100000.0,104.03,83017.0,18.6545,1471898.1
2022-07-21,1401/04/30,13536000.0,318830.0,1718.4924,148100000.0,103.32,83017.0,18.8395,1471898.1
2022-07-23,1401/05/01,13485000.0,320470.0,1726.46,148940000.0,98.38,82221.0,18.59,1473498.1
2022-07-24,1401/05/02,13457000.0,318480.0,1726.46,147850000.0,100.16,82919.0,18.59,1439416.8
2022-07-25,1401/05/03,13538000.0,319630.0,1718.78,148220000.0,99.27,82715.0,18.413,1438448.4
2022-07-26,1401/05/04,13531000.0,320050.0,1717.0005,148730000.0,102.28,82156.0,18.6005,1443712.6
2022-07-27,1401/05/05,13623000.0,319239.0,1733.8922,148580000.0,102.02,83061.0,19.13,1443712.6
2022-07-28,1401/05/06,13623000.0,319239.0,1755.1082,148580000.0,103.94,83061.0,19.974,1443712.6
2022-07-30,1401/05/08,13683000.0,317760.0,1765.22,148760000.0,110.01,81975.0,20.32,1423496.7
2022-07-31,1401/05/09,13598000.0,317030.0,1765.22,148000000.0,99.87,81966.0,20.32,1427609.2
2022-08-01,1401/05/10,13665000.0,316490.0,1771.7292,148330000.0,100.22,83193.0,20.3385,1430021.0
2022-08-02,1401/05/11,13550000.0,311750.0,1759.7466,147460000.0,97.0,82379.0,19.9546,1437360.8
2022-08-03,1401/05/12,13741000.0,315154.0,1764.896,148620000.0,94.08,81601.0,20.0385,1437360.8
2022-08-04,1401/05/13,13741000.0,315154.0,1790.967,148620000.0,94.19,81601.0,20.1505,1437360.8
2022-08-06,1401/05/15,13676000.0,317772.0,1774.15,148060000.0,94.66,83035.0,19.875,1448922.6
2022-08-09,1401/05/18,13589000.0,311580.0,1794.0846,147980000.0,97.15,82980.0,20.504,1448464.5
2022-08-10,1401/05/19,13732000.0,310026.0,1792.1278,148900000.0,99.25,82353.0,20.5675,1448464.5
2022-08-11,1401/05/20,13732000.0,310026.0,1789.4504,148900000.0,97.84,82353.0,20.291,1448464.5
2022-08-13,1401/05/22,13282000.0,303110.0,1801.7612,142300000.0,98.01,82945.0,20.81,1463653.5
2022-08-14,1401/05/23,13005000.0,302030.0,1801.7612,140200000.0,95.02,81534.0,20.81,1463697.6
2022-08-15,1401/05/24,13028000.0,302380.0,1778.91,140800000.0,91.94,81895.0,20.2545,1459500.6
2022-08-16,1401/05/25,12845000.0,297730.0,1775.5417,136480000.0,93.31,81293.0,20.1175,1451404.1
2022-08-17,1401/05/26,12751000.0,289976.0,1761.05,137130000.0,96.61,81780.0,19.84,1451404.1
2022-08-18,1401/05/27,12751000.0,289976.0,1758.1956,137130000.0,96.06,81780.0,19.52,1451404.1
2022-08-20,1401/05/29,12361000.0,290510.0,1747.829,133450000.0,96.09,82907.0,19.0253,1429906.8
2022-08-21,1401/05/30,12337000.0,293440.0,1747.829,135620000.0,96.75,82833.0,19.0253,1424490.9
2022-08-22,1401/05/31,12511000.0,293350.0,1735.705,137360000.0,100.19,81953.0,19.01,1431477.2
2022-08-23,1401/06/01,12485000.0,290870.0,1747.6746,137220000.0,101.37,81756.0,19.16,1442372.9
2022-08-24,1401/06/02,12845000.0,297751.0,1750.8882,139310000.0,100.17,82417.0,19.16,1442372.9
2022-08-25,1401/06/03,12845000.0,297751.0,1758.4374,139310000.0,100.81,82417.0,19.28,1442372.9
2022-08-27,1401/06/05,12561000.0,295740.0,1736.86,137690000.0,99.01,82874.0,18.88,1444086.8
2022-08-28,1401/06/06,12647000.0,297120.0,1736.86,136710000.0,102.77,82874.0,18.88,1445139.0
2022-08-29,1401/06/07,12654000.0,298580.0,1737.8237,135910000.0,98.12,81270.0,18.75,1441217.1
2022-08-30,1401/06/08,12691000.0,299530.0,1723.5498,137400000.0,95.11,81590.0,18.49,1439396.4
2022-08-31,1401/06/09,12564000.0,299030.0,1710.705,136540000.0,92.11,81400.0,17.97,1439396.4
2022-09-01,1401/06/10,12564000.0,298470.0,1696.09,136540000.0,92.94,81400.0,17.85,1439396.4
2022-09-03,1401/06/12,12834000.0,302640.0,1711.4399,139860000.0,93.28,82400.0,18.0222,1426908.2
2022-09-04,1401/06/13,12730000.0,302260.0,1711.4399,139630000.0,95.19,81900.0,18.0222,1426779.6
2022-09-05,1401/06/14,12762000.0,302420.0,1710.2063,139260000.0,92.63,82360.0,18.1615,1420834.1
2022-09-06,1401/06/15,12758000.0,302150.0,1701.1531,139090000.0,88.31,82300.0,18.053,1412856.5
2022-09-07,1401/06/16,12827000.0,302380.0,1717.6935,139600000.0,89.04,82310.0,18.51,1412856.5
2022-09-08,1401/06/17,12827000.0,302410.0,1707.275,139600000.0,92.56,82310.0,18.57,1412856.5
2022-09-10,1401/06/19,12989000.0,309100.0,1716.05,141570000.0,92.42,83510.0,18.7784,1390732.3
2022-09-11,1401/06/20,13259000.0,309760.0,1716.05,144480000.0,94.22,84350.0,18.7784,1388970.4
2022-09-12,1401/06/21,13379000.0,317060.0,1724.0702,148680000.0,93.53,86310.0,19.78,1393126.7
2022-09-13,1401/06/22,13252000.0,313750.0,1701.554,143820000.0,93.82,85410.0,19.32,1389099.0
2022-09-14,1401/06/23,13224000.0,315540.0,1695.795,144900000.0,90.73,85930.0,19.69,1389099.0
2022-09-15,1401/06/24,13224000.0,315560.0,1663.7408,144900000.0,91.56,85930.0,19.16,1389099.0
2022-09-18,1401/06/27,13069000.0,316540.0,1674.9448,143350000.0,91.66,86140.0,19.56,1373821.4
2022-09-19,1401/06/28,13065000.0,316740.0,1675.7758,142950000.0,90.65,86270.0,19.61,1367060.4
2022-09-20,1401/06/29,13212000.0,317130.0,1663.1089,142340000.0,90.31,86350.0,19.31,1355240.9
2022-09-21,1401/06/30,13323000.0,316730.0,1673.7368,143400000.0,90.28,86200.0,19.59,1355240.9
2022-09-22,1401/06/31,13323000.0,316660.0,1670.5345,143400000.0,86.64,86200.0,19.65,1355240.9
2022-09-24,1401/07/02,13109000.0,317010.0,1643.09,143230000.0,85.03,86340.0,18.8387,1328185.9
2022-09-26,1401/07/04,13113000.0,316810.0,1621.5675,142130000.0,84.81,86270.0,18.335,1334448.1
2022-09-28,1401/07/06,13298000.0,318440.0,1659.4449,146050000.0,87.64,86740.0,18.89,1346563.5
2022-09-29,1401/07/07,13298000.0,318480.0,1660.2917,146050000.0,85.3,86740.0,18.815,1346563.5
2022-10-01,1401/07/09,13767000.0,331520.0,1659.67,153290000.0,85.56,90260.0,19.0,1322025.8
2022-10-02,1401/07/10,13928000.0,332420.0,1659.67,152940000.0,88.63,90520.0,19.0,1318714.2
2022-10-03,1401/07/11,13986000.0,330950.0,1699.2225,153160000.0,91.54,90090.0,20.755,1313853.1
2022-10-04,1401/07/12,13986000.0,331020.0,1726.2408,153160000.0,93.69,90090.0,21.11,1313853.1
2022-10-05,1401/07/13,13762000.0,326316.0,1715.8105,150045000.0,94.89,88900.0,20.7,1313853.1
2022-10-08,1401/07/16,13501000.0,323070.0,1694.52,148060000.0,98.45,87960.0,20.11,1305083.0
2022-10-09,1401/07/17,13538000.0,324910.0,1694.52,149430000.0,95.7,88480.0,20.11,1303920.4
2022-10-10,1401/07/18,13598000.0,327410.0,1667.9564,149050000.0,93.69,89200.0,19.65,1313583.9
2022-10-11,1401/07/19,13614000.0,326480.0,1665.3075,149490000.0,92.15,88920.0,19.19,1319789.7
2022-10-12,1401/07/20,13616000.0,329540.0,1672.5052,150420000.0,94.78,89740.0,19.06,1319789.7
2022-10-13,1401/07/21,13616000.0,329460.0,1665.7972,150420000.0,91.81,89740.0,18.8679,1319789.7
2022-10-15,1401/07/23,13550000.0,331210.0,1641.7584,150450000.0,91.46,90170.0,18.2569,1313714.5
2022-10-16,1401/07/24,13492000.0,328570.0,1641.7584,150360000.0,91.76,89500.0,18.2569,1313714.5
2022-10-17,1401/07/25,13450000.0,328450.0,1649.9447,149530000.0,92.03,89440.0,18.68,1312563.1
2022-10-18,1401/07/26,13404000.0,327940.0,1651.8273,148990000.0,92.37,89310.0,18.76,1310165.9
2022-10-19,1401/07/27,13406000.0,326510.0,1628.4883,148940000.0,92.69,88900.0,18.44,1310165.9
2022-10-20,1401/07/28,13406000.0,326550.0,1627.6637,148940000.0,93.51,88900.0,18.66,1310165.9
2022-10-22,1401/07/30,13420000.0,328120.0,1656.66,149430000.0,91.34,89380.0,19.4,1296797.8
2022-10-23,1401/08/01,13369000.0,327630.0,1656.66,148930000.0,91.43,90150.0,19.4,1277736.9
2022-10-24,1401/08/02,13483000.0,328700.0,1648.6,149240000.0,91.49,90100.0,19.26,1267060.7
2022-10-25,1401/08/03,13616000.0,328880.0,1652.5239,149250000.0,94.09,90100.0,19.34,1241067.1
2022-10-26,1401/08/04,13539800.0,330570.0,1664.4884,150180000.0,94.46,90580.0,19.62,1241067.1
2022-10-29,1401/08/07,13561000.0,329740.0,1641.76,150240000.0,94.22,90820.0,19.2265,1254464.8
2022-10-30,1401/08/08,13605000.0,332450.0,1641.76,152630000.0,92.53,91500.0,19.2265,1269833.4
2022-10-31,1401/08/09,13748000.0,334720.0,1633.1224,156530000.0,94.46,92170.0,19.1404,1280456.2
2022-11-01,1401/08/10,13965000.0,346060.0,1647.5033,159490000.0,95.58,94500.0,19.65,1283540.8
2022-11-02,1401/08/11,13930000.0,350163.0,1634.887,160050000.0,94.52,94960.0,19.28,1283540.8
2022-11-03,1401/08/12,13930000.0,350163.0,1629.15,160050000.0,98.67,94960.0,19.46,1283540.8
2022-11-05,1401/08/14,14801000.0,362640.0,1680.27,163970000.0,98.75,98780.0,20.8357,1344675.9
2022-11-06,1401/08/15,14861000.0,361970.0,1680.27,164490000.0,98.16,98580.0,20.8357,1389752.6
2022-11-07,1401/08/16,14745000.0,361830.0,1674.6801,159710000.0,95.66,98530.0,20.7753,1407734.1
2022-11-08,1401/08/17,14667000.0,354010.0,1712.52,159950000.0,92.59,96380.0,21.3408,1414356.2
2022-11-09,1401/08/18,14660000.0,350590.0,1706.3199,159020000.0,96.04,95450.0,21.007,1414356.2
2022-11-10,1401/08/19,14660000.0,350590.0,1754.75,159020000.0,96.04,95450.0,21.6654,1414356.2
2022-11-12,1401/08/21,14870000.0,354420.0,1770.6899,160350000.0,95.78,96490.0,21.6813,1419140.1
2022-11-13,1401/08/22,15089000.0,358010.0,1770.6899,161980000.0,92.61,97470.0,21.6813,1408174.3
2022-11-14,1401/08/23,15205000.0,355950.0,1771.8,163320000.0,93.73,96880.0,21.9647,1410423.9
2022-11-15,1401/08/24,15147000.0,354669.0,1778.25,163540000.0,92.84,96540.0,21.5371,1413573.7
2022-11-16,1401/08/25,14856000.0,349704.0,1773.77,162750000.0,89.74,95210.0,21.4752,1413573.7
2022-11-17,1401/08/26,14856000.0,347510.0,1760.87,162750000.0,87.74,95210.0,20.9496,1413573.7
2022-11-19,1401/08/28,15013000.0,353091.0,1749.74,163290000.0,87.74,96170.0,20.915,1404627.2
2022-11-20,1401/08/29,14916000.0,357042.0,1749.74,163020000.0,87.14,97170.0,20.915,1408597.9
2022-11-21,1401/08/30,14997000.0,356580.0,1737.8081,164020000.0,88.44,96580.0,20.8415,1407654.1
2022-11-22,1401/09/01,14955000.0,355126.0,1740.24,164160000.0,84.67,96210.0,21.0802,1410188.2
2022-11-23,1401/09/02,15034000.0,354593.0,1749.28,165950000.0,85.11,96000.0,21.5144,1410188.2
2022-11-24,1401/09/03,15034000.0,349900.0,1754.96,165950000.0,85.11,96000.0,21.51,1410188.2
2022-11-26,1401/09/05,15297000.0,360114.0,1756.14,167860000.0,83.71,97100.0,21.59,1406202.0
2022-11-27,1401/09/06,15286000.0,360350.0,1756.14,169850000.0,83.8,97880.0,21.59,1408348.5
2022-11-28,1401/09/07,15276000.0,355050.0,1740.75,169600000.0,84.53,96960.0,20.9175,1414204.6
2022-11-29,1401/09/08,15544000.0,357000.0,1749.73,174000000.0,86.98,97190.0,21.2578,1417371.8
2022-11-30,1401/09/09,15773000.0,358880.0,1768.45,172500000.0,87.01,97400.0,22.1948,1417371.8
2022-12-01,1401/09/10,15773000.0,357950.0,1802.89,173420000.0,85.8,97400.0,22.7654,1417371.8
2022-12-03,1401/09/12,15948000.0,363110.0,1797.8199,175860000.0,85.42,98170.0,23.1264,1417839.4
2022-12-04,1401/09/13,15807000.0,363150.0,1797.8199,177000000.0,83.01,98220.0,23.1264,1413604.7
2022-12-05,1401/09/14,15747000.0,361870.0,1768.39,174500000.0,79.57,97840.0,22.25,1409404.4
2022-12-06,1401/09/15,15764000.0,362890.0,1770.91,173900000.0,77.28,98200.0,22.1637,1402830.4
2022-12-07,1401/09/16,16035500.0,370189.0,1786.22,175329000.0,76.27,99764.0,22.7245,1402830.4
2022-12-10,1401/09/19,16463000.0,372820.0,1796.63,177820000.0,76.82,100970.0,23.4683,1389368.4
2022-12-11,1401/09/20,16724000.0,379560.0,1796.63,186050000.0,78.21,102720.0,23.4683,1409355.1
2022-12-12,1401/09/21,16978000.0,385170.0,1781.15,186480000.0,80.68,104280.0,23.2998,1454481.6
2022-12-13,1401/09/22,16752000.0,383390.0,1810.29,183460000.0,82.88,103560.0,23.7274,1472760.5
2022-12-14,1401/09/23,16902000.0,378280.0,1807.27,184020000.0,82.88,102870.0,23.8966,1472760.5
2022-12-15,1401/09/24,16902000.0,378280.0,1776.66,184020000.0,79.04,102870.0,23.0491,1472760.5
2022-12-17,1401/09/26,17421000.0,393270.0,1792.34,187060000.0,79.26,105600.0,23.211,1500241.8
2022-12-18,1401/09/27,17664000.0,396790.0,1792.34,189450000.0,80.27,106490.0,23.211,1500908.6
2022-12-19,1401/09/28,17417000.0,391460.0,1787.4399,186960000.0,79.81,105040.0,22.9455,1492095.1
2022-12-20,1401/09/29,17694000.0,396330.0,1817.4084,187010000.0,82.42,106440.0,24.165,1496200.8
2022-12-21,1401/09/30,18001000.0,397610.0,1814.13,189970000.0,81.6,106790.0,23.9678,1496200.8
2022-12-22,1401/10/01,18001000.0,390500.0,1792.5699,189970000.0,84.54,106790.0,23.5672,1496200.8
2022-12-24,1401/10/03,18460000.0,410030.0,1797.91,202480000.0,84.5,110150.0,23.7,1563567.4
2022-12-25,1401/10/04,18783000.0,414940.0,1797.91,206510000.0,84.5,111520.0,23.7,1576396.8
2022-12-26,1401/10/05,18783000.0,397210.0,1797.6146,206510000.0,84.74,111520.0,23.854,1576396.8
2022-12-28,1401/10/07,19921000.0,434360.0,1804.09,226960000.0,83.61,118360.0,23.5044,1647314.5
2022-12-29,1401/10/08,19153000.0,416150.0,1814.89,226950000.0,86.0,116770.0,23.8719,1647314.5
2022-12-31,1401/10/10,18552000.0,411740.0,1824.4,199970000.0,86.0,111770.0,23.9652,1564365.7
2023-01-01,1401/10/11,18497000.0,409530.0,1824.4,199030000.0,86.0,111090.0,23.9652,1593285.0
2023-01-02,1401/10/12,17952000.0,397380.0,1823.6899,203540000.0,82.31,107800.0,23.99,1591353.9
2023-01-03,1401/10/13,18056000.0,397550.0,1839.49,198700000.0,78.05,107840.0,23.983,1579119.3
2023-01-04,1401/10/14,18049000.0,400620.0,1854.09,203180000.0,78.84,108680.0,23.7355,1579119.3
2023-01-05,1401/10/15,18049000.0,394830.0,1833.1899,203180000.0,78.46,108680.0,23.2159,1579119.3
2023-01-07,1401/10/17,18991000.0,410890.0,1865.71,211990000.0,78.6,111460.0,23.8133,1635229.2
2023-01-08,1401/10/18,18852100.0,407650.0,1865.71,209039000.0,79.77,110503.0,23.8133,1646905.8
2023-01-10,1401/10/20,18878000.0,408300.0,1877.27,209530000.0,82.94,110760.0,23.6084,1652087.0
2023-01-11,1401/10/21,19253400.0,409413.0,1876.38,212455000.0,83.81,111480.0,23.4185,1652087.0
2023-01-14,1401/10/24,19215000.0,409770.0,1920.21,212020000.0,85.49,111600.0,24.2498,1643714.0
2023-01-15,1401/10/25,19418000.0,411170.0,1920.21,212980000.0,84.17,112000.0,24.2498,1680675.2
2023-01-16,1401/10/26,19914000.0,418810.0,1918.0006,223530000.0,86.69,114050.0,24.3993,1687047.7
2023-01-17,1401/10/27,20272000.0,431800.0,1908.39,227760000.0,84.73,117540.0,23.919,1689144.1
2023-01-18,1401/10/28,20591900.0,439761.0,1903.76,240126000.0,86.31,118594.0,23.4257,1689144.1
2023-01-21,1401/11/01,20840000.0,449400.0,1926.574,252460000.0,87.66,122410.0,23.9481,1652924.5
2023-01-22,1401/11/02,20838000.0,448320.0,1926.574,243010000.0,88.07,122080.0,23.9481,1653948.6
2023-01-23,1401/11/03,20365000.0,435850.0,1931.3,234500000.0,86.17,118720.0,23.4515,1646053.5
2023-01-24,1401/11/04,20626000.0,437620.0,1937.45,234040000.0,86.5,119170.0,23.6667,1611955.9
2023-01-25,1401/11/05,21075000.0,438080.0,1945.9301,238260000.0,87.6,119568.0,23.8997,1611955.9
2023-01-28,1401/11/08,21369000.0,448210.0,1927.34,239940000.0,86.4,122100.0,23.5639,1542190.7
2023-01-29,1401/11/09,21127000.0,446050.0,1927.34,240930000.0,84.39,121500.0,23.5639,1539679.6
2023-01-30,1401/11/10,20702000.0,447300.0,1922.5173,242510000.0,85.6,121840.0,23.5902,1556551.9
2023-01-31,1401/11/11,21415000.0,447040.0,1927.88,243930000.0,83.34,122130.0,23.6994,1557244.0
2023-02-01,1401/11/12,21632000.0,449250.0,1950.42,244572000.0,82.0,122060.0,23.9794,1557244.0
2023-02-05,1401/11/16,20690000.0,449400.0,1865.53,241010000.0,81.16,122340.0,22.3496,1537859.1
2023-02-06,1401/11/17,20681000.0,442370.0,1867.36,241480000.0,83.87,120500.0,22.2652,1556516.4
2023-02-07,1401/11/18,20880000.0,445610.0,1873.8101,242930000.0,85.14,121390.0,22.1879,1558081.6
2023-02-08,1401/11/19,21164400.0,450651.0,1875.59,247949000.0,84.19,123492.0,22.3091,1558081.6
2023-02-12,1401/11/23,21198000.0,456050.0,1864.67,251010000.0,85.9,124230.0,21.9928,1548278.2
2023-02-13,1401/11/24,21424000.0,459070.0,1853.39,255010000.0,85.67,124990.0,21.9702,1537961.7
2023-02-14,1401/11/25,21845700.0,457108.0,1854.29,265563000.0,85.3,128631.0,21.84,1524795.0
2023-02-16,1401/11/27,22015000.0,451120.0,1837.4399,275960000.0,83.15,129770.0,21.6002,1524795.0
2023-02-19,1401/11/30,23438000.0,499020.0,1841.59,297940000.0,83.91,132620.0,21.726,1594262.9
2023-02-20,1401/12/01,23135000.0,498910.0,1841.14,293050000.0,83.02,132680.0,21.7387,1659416.4
2023-02-21,1401/12/02,24008000.0,511050.0,1834.3232,299030000.0,80.53,135800.0,21.8268,1656593.4
2023-02-22,1401/12/03,26350000.0,525831.0,1825.04,315500000.0,82.43,141201.0,21.5024,1656593.4
2023-02-25,1401/12/06,27290000.0,584930.0,1810.8101,316250000.0,82.82,135966.0,20.7687,1804300.2
2023-02-26,1401/12/07,25740900.0,584380.0,1810.8101,309318000.0,81.93,137284.0,20.7687,1809073.8
2023-02-27,1401/12/08,26050300.0,559340.0,1817.3101,308766000.0,83.19,138324.0,20.6244,1838119.4
2023-02-28,1401/12/09,25086000.0,556510.0,1827.15,298300000.0,84.44,138504.0,20.9124,1821771.1
2023-03-01,1401/12/10,25129100.0,556478.0,1836.8051,295010000.0,84.56,135962.0,20.9959,1821771.1
2023-03-04,1401/12/13,23433000.0,509000.0,1854.97,285010000.0,86.0,135390.0,21.241,1795955.2
2023-03-05,1401/12/14,23472000.0,511040.0,1854.97,278010000.0,86.28,135890.0,21.241,1785669.8
2023-03-06,1401/12/15,23204000.0,503480.0,1846.85,274910000.0,83.17,135900.0,21.0415,1817611.5
2023-03-07,1401/12/16,22928800.0,509070.0,1813.52,272861000.0,82.5,135900.0,20.0532,1817611.5
2023-03-08,1401/12/17,22492600.0,492988.0,1813.59,272532000.0,81.53,131424.0,19.9989,1817611.5
2023-03-11,1401/12/20,19926000.0,445050.0,1867.83,247970000.0,82.64,120350.0,20.51,1783197.0
2023-03-12,1401/12/21,21704000.0,452840.0,1867.83,276010000.0,80.47,122500.0,20.51,1781632.1
2023-03-13,1401/12/22,22840000.0,470800.0,1913.235,298010000.0,77.56,127470.0,21.8075,1782987.7
2023-03-14,1401/12/23,23165000.0,469470.0,1902.1171,288010000.0,74.51,127060.0,21.69,1820988.0
2023-03-15,1401/12/24,24217000.0,467919.0,1918.0975,286479000.0,74.67,126049.0,21.785,1820988.0
2023-03-18,1401/12/27,26323700.0,481014.0,1987.9301,321500000.0,72.47,149320.0,22.59,1960457.4
2023-03-24,1402/01/04,26370800.0,507910.0,1977.2172,323000000.0,75.64,148510.0,23.2224,1998281.4
2023-03-25,1402/01/05,26018600.0,507910.0,1977.2172,330700000.0,75.64,146850.0,23.2224,2018760.3
2023-03-26,1402/01/06,26328600.0,510920.0,1977.2172,325600000.0,77.81,149310.0,23.2224,2029198.2
2023-03-27,1402/01/07,25933600.0,511900.0,1956.5594,329100000.0,78.28,144090.0,23.095,2044408.5
2023-03-28,1402/01/08,26301500.0,511750.0,1973.6927,327600000.0,77.41,142980.0,23.2575,2078712.3
2023-03-29,1402/01/09,26009200.0,546655.0,1964.0404,328200000.0,78.38,148840.0,23.35,2078712.3
2023-04-03,1402/01/14,25827000.0,511080.0,1984.1057,309850000.0,84.92,138320.0,23.995,2119105.9
2023-04-04,1402/01/15,25952000.0,511080.0,2019.9702,321960000.0,84.78,138340.0,25.015,2137464.9
2023-04-05,1402/01/16,25490000.0,507990.0,2020.3533,317880000.0,84.89,137540.0,24.975,2137464.9
2023-04-06,1402/01/17,25487000.0,510483.0,2008.0164,317880000.0,84.94,137615.0,25.005,2137464.9
2023-04-08,1402/01/19,24869000.0,503080.0,2008.0164,310460000.0,84.94,136200.0,25.005,2212643.0
2023-04-09,1402/01/20,24899000.0,504600.0,2008.0164,309010000.0,84.33,136460.0,25.005,2190307.2
2023-04-10,1402/01/21,25542700.0,508880.0,1989.955,315143000.0,85.58,138089.0,24.895,2179922.1
2023-04-12,1402/01/23,25472300.0,510019.0,2014.6711,312060000.0,86.29,137990.0,25.4775,2179922.1
2023-04-15,1402/01/26,25501000.0,512590.0,2003.04,313010000.0,86.63,138790.0,25.34,2275066.7
2023-04-16,1402/01/27,26300000.0,514550.0,2003.04,314950000.0,84.89,139340.0,25.34,2289287.4
2023-04-17,1402/01/28,25545000.0,517570.0,1994.7711,313900000.0,84.73,140130.0,25.105,2325437.4
2023-04-18,1402/01/29,25908000.0,517080.0,2004.926,314990000.0,83.05,139950.0,25.2075,2324132.7
2023-04-19,1402/01/30,26021000.0,516069.0,1993.2642,315792000.0,80.81,139999.0,25.2575,2324132.7
2023-04-23,1402/02/03,25733500.0,517759.0,1982.8948,313912000.0,82.42,140153.0,25.0315,2326494.3
2023-04-25,1402/02/05,25730000.0,517810.0,1997.8723,315010000.0,77.73,140260.0,25.045,2365287.0
2023-04-26,1402/02/06,26580000.0,535050.0,1989.4799,325810000.0,78.24,144940.0,24.89,2365287.0
2023-04-27,1402/02/07,26580000.0,532830.0,1987.8702,325810000.0,80.25,144940.0,24.955,2365287.0
2023-04-29,1402/02/09,27452000.0,549090.0,1989.6475,339990000.0,80.26,149480.0,25.0363,2479339.7
2023-04-30,1402/02/10,27480000.0,557350.0,1989.6475,347510000.0,79.36,151840.0,25.0363,2480639.9
2023-05-01,1402/02/11,27217000.0,546450.0,1982.0453,338010000.0,75.31,148840.0,24.97,2518331.8
2023-05-02,1402/02/12,27263000.0,540200.0,2016.278,334010000.0,72.07,147160.0,25.3875,2514673.4
2023-05-03,1402/02/13,27346000.0,541800.0,2039.0168,338900000.0,72.44,147580.0,25.595,2514673.4
2023-05-04,1402/02/14,27346000.0,536840.0,2051.1084,338900000.0,75.29,147580.0,26.065,2514673.4
2023-05-06,1402/02/16,26344000.0,527520.0,2016.5428,321010000.0,75.37,143660.0,25.65,2440167.5
2023-05-07,1402/02/17,26587000.0,535870.0,2016.5428,327510000.0,76.65,146000.0,25.65,2314408.4
2023-05-08,1402/02/18,26409000.0,531720.0,2021.39,327010000.0,77.25,144820.0,25.57,2305838.4
2023-05-09,1402/02/19,26522000.0,529510.0,2034.17,322860000.0,76.65,144170.0,25.6175,2277713.1
2023-05-10,1402/02/20,26425000.0,530410.0,2029.51,324010000.0,75.53,144480.0,25.42,2277713.1
2023-05-11,1402/02/21,26425000.0,530360.0,2015.5499,324010000.0,74.22,144480.0,24.175,2277713.1
2023-05-13,1402/02/23,25234000.0,513810.0,2011.15,311010000.0,74.17,139950.0,23.91,2285904.0
2023-05-14,1402/02/24,25317900.0,521060.0,2011.15,304427000.0,75.44,140226.0,23.91,2301380.1
2023-05-17,1402/02/27,24998000.0,512090.0,1981.7222,303870000.0,76.02,139450.0,23.725,2321336.1
2023-05-18,1402/02/28,24998000.0,510980.0,1958.0533,303870000.0,75.79,139450.0,23.4936,2321336.1
2023-05-20,1402/02/30,25642000.0,518530.0,1976.5551,317010000.0,75.59,141220.0,23.826,2302705.5
2023-05-21,1402/02/31,25774000.0,523310.0,1976.5551,321830000.0,76.05,142510.0,23.826,2318506.5
2023-05-22,1402/03/01,25633000.0,522510.0,1969.4316,320010000.0,77.11,142340.0,23.66,2330799.1
2023-05-23,1402/03/02,25361000.0,515040.0,1974.7275,318900000.0,78.08,140350.0,23.425,2345967.5
2023-05-24,1402/03/03,25271000.0,516190.0,1957.0114,314010000.0,76.09,140660.0,23.085,2345967.5
2023-05-25,1402/03/04,25271000.0,514320.0,1940.3364,314010000.0,77.06,140660.0,22.77,2345967.5
2023-05-27,1402/03/06,24959000.0,515170.0,1946.3251,304920000.0,76.98,140280.0,23.3085,2257012.8
2023-05-28,1402/03/07,25268000.0,518350.0,1946.3251,310870000.0,77.12,141140.0,23.3085,2275394.7
2023-05-29,1402/03/08,24957000.0,513420.0,1942.84,306970000.0,73.94,139890.0,23.1939,2288427.0
2023-05-30,1402/03/09,24950000.0,509580.0,1959.1445,302970000.0,72.58,138730.0,23.215,2271042.4
2023-05-31,1402/03/10,25040000.0,513330.0,1962.3011,305880000.0,74.26,139730.0,23.4775,2271042.4
2023-06-01,1402/03/11,25040000.0,510890.0,1977.8751,305880000.0,76.31,139730.0,23.905,2271042.4
2023-06-03,1402/03/13,24647000.0,509250.0,1947.6322,303010000.0,76.4,138470.0,23.587,2279681.8
2023-06-06,1402/03/16,23869000.0,496350.0,1962.8475,287850000.0,76.89,135120.0,23.58,2288439.0
2023-06-07,1402/03/17,23486000.0,492900.0,1939.6318,277860000.0,75.53,134160.0,23.455,2288439.0
2023-06-08,1402/03/18,23486000.0,490840.0,1967.7615,277860000.0,74.97,134160.0,24.2411,2288439.0
2023-06-10,1402/03/20,22472000.0,470090.0,1960.5997,272920000.0,75.04,127970.0,24.2665,2208212.5
2023-06-11,1402/03/21,22768000.0,481970.0,1960.5997,281010000.0,71.97,131180.0,24.2665,2145415.1
2023-06-12,1402/03/22,23465000.0,499100.0,1956.9218,287910000.0,74.03,135900.0,24.05,2155197.7
2023-06-13,1402/03/23,23278000.0,488580.0,1943.3285,289010000.0,73.51,133070.0,23.68,2182106.9
2023-06-14,1402/03/24,23077000.0,488020.0,1942.9904,285010000.0,75.62,132970.0,23.9275,2182106.9
2023-06-15,1402/03/25,23077000.0,488100.0,1957.6548,285010000.0,76.56,132970.0,23.855,2182106.9
2023-06-17,1402/03/27,23585000.0,492280.0,1957.3625,290010000.0,76.26,134050.0,24.1452,2162916.9
2023-06-18,1402/03/28,23107000.0,486810.0,1957.3625,285010000.0,76.36,132640.0,24.1452,2164226.3
2023-06-19,1402/03/29,23297000.0,489740.0,1950.12,284890000.0,75.89,133330.0,23.94,2166947.4
2023-06-20,1402/03/30,23008000.0,485880.0,1935.9139,281810000.0,77.14,132330.0,23.185,2173893.4
2023-06-21,1402/03/31,23352000.0,497310.0,1932.2631,285810000.0,74.1,135420.0,22.64,2173893.4
2023-06-22,1402/04/01,23352000.0,497130.0,1913.516,285810000.0,74.11,135420.0,22.24,2173893.4
2023-06-24,1402/04/03,23581000.0,499510.0,1921.3632,285900000.0,74.01,136060.0,22.4155,2189680.1
2023-06-25,1402/04/04,23597000.0,497970.0,1921.3632,284010000.0,74.49,135590.0,22.4155,2196127.8
2023-06-26,1402/04/05,23511000.0,492920.0,1922.8533,283990000.0,72.6,134260.0,22.77,2168200.1
2023-06-27,1402/04/06,23484000.0,492350.0,1913.3525,285010000.0,73.78,134130.0,22.885,2153408.1
2023-06-28,1402/04/07,23484000.0,492800.0,1907.4233,285010000.0,74.48,134130.0,22.72,2153408.1
2023-07-01,1402/04/10,24001000.0,499930.0,1919.5654,291010000.0,75.19,136110.0,22.7521,2157377.1
2023-07-02,1402/04/11,23832000.0,502990.0,1919.5654,290930000.0,74.93,136980.0,22.7521,2183405.5
2023-07-03,1402/04/12,23846000.0,502840.0,1921.4285,289880000.0,76.11,136880.0,22.8835,2202092.5
2023-07-04,1402/04/13,23807000.0,503100.0,1925.09,288330000.0,76.65,136950.0,22.95,2202657.0
2023-07-05,1402/04/14,23837000.0,503130.0,1917.3224,289010000.0,94.51,137800.0,23.105,2202657.0
2023-07-06,1402/04/15,23837000.0,503130.0,1910.7972,289010000.0,94.51,137810.0,22.74,2202657.0
2023-07-08,1402/04/17,23578000.0,499630.0,1924.2825,285320000.0,94.51,136120.0,23.055,2202657.0
2023-07-09,1402/04/18,23486000.0,498290.0,1924.2825,282350000.0,94.51,135780.0,23.055,2202657.0
2023-07-10,1402/04/19,23278000.0,491460.0,1924.9937,278800000.0,94.51,133900.0,23.115,2069749.24
2023-07-11,1402/04/20,23456000.0,492430.0,1931.995,280010000.0,94.55,134190.0,23.1026,2069749.24
2023-07-12,1402/04/21,23493000.0,492610.0,1957.0885,282010000.0,94.55,134170.0,24.1375,2069749.24
2023-07-13,1402/04/22,23493000.0,492610.0,1960.1945,282010000.0,94.55,134170.0,24.86,2069749.24
2023-07-15,1402/04/24,23184000.0,483700.0,1954.9254,275010000.0,94.55,131780.0,24.9325,2069749.24
2023-07-16,1402/04/25,23262000.0,488180.0,1954.9254,276420000.0,94.55,132990.0,24.9325,2069749.24
2023-07-17,1402/04/26,23126000.0,488170.0,1954.7355,276010000.0,94.55,132990.0,24.855,2069749.24
2023-07-18,1402/04/27,23107000.0,484700.0,1978.715,272900000.0,94.55,132070.0,25.08,2069749.24
2023-07-19,1402/04/28,23177000.0,486370.0,1977.251,273860000.0,94.55,132530.0,25.165,2069749.24
2023-07-20,1402/04/29,23177000.0,486370.0,1969.6201,273860000.0,94.55,132530.0,24.74,2069749.24
2023-07-22,1402/04/31,22722000.0,483360.0,1960.2273,268510000.0,94.55,131670.0,24.574,2069749.24
2023-07-23,1402/05/01,23269000.0,486140.0,1960.2273,273830000.0,94.55,132430.0,24.574,2069749.24
2023-07-24,1402/05/02,23341000.0,488370.0,1954.5126,278490000.0,94.55,132990.0,24.37,2069749.24
2023-07-25,1402/05/03,23329000.0,490250.0,1964.5824,281800000.0,94.55,133130.0,24.695,2069749.24
2023-07-26,1402/05/04,23329000.0,488990.0,1972.1031,281800000.0,94.55,133130.0,24.9169,2069749.24
2023-07-29,1402/05/07,23262000.0,487970.0,1959.2013,280890000.0,94.55,132920.0,24.33,2069749.24
2023-07-30,1402/05/08,23678000.0,493660.0,1959.2013,286010000.0,94.55,134420.0,24.33,2069749.24
2023-07-31,1402/05/09,23918000.0,500700.0,1964.1884,294930000.0,94.55,136890.0,24.77,2069749.24
2023-08-01,1402/05/10,23857200.0,500090.0,1944.0793,294615000.0,94.55,135871.0,24.33,2069749.24
2023-08-02,1402/05/11,23670400.0,498670.0,1933.5649,289671000.0,94.55,135614.0,23.74,2069749.24
2023-08-05,1402/05/14,23604000.0,496320.0,1941.6233,287510000.0,94.55,135190.0,23.6,2069749.24
2023-08-06,1402/05/15,23516000.0,496440.0,1941.6233,287010000.0,94.55,135240.0,23.6,2069749.24
2023-08-07,1402/05/16,23407000.0,493500.0,1936.3871,285010000.0,94.55,134370.0,23.15,2069749.24
2023-08-08,1402/05/17,23507000.0,495420.0,1924.8151,286010000.0,94.55,134890.0,22.76,2069749.24
2023-08-09,1402/05/18,23495000.0,496590.0,1914.589,285510000.0,94.55,135300.0,22.67,2069749.24
2023-08-10,1402/05/19,23495000.0,496730.0,1912.0607,285510000.0,94.55,135300.0,22.68,2069749.24
2023-08-12,1402/05/21,23216000.0,491420.0,1913.3182,283010000.0,94.55,133840.0,22.6695,2069749.24
2023-08-13,1402/05/22,23211000.0,492960.0,1913.3182,280940000.0,94.55,134220.0,22.6695,2069749.24
2023-08-14,1402/05/23,23220000.0,492480.0,1907.9026,279340000.0,94.55,134150.0,22.61,2069749.24
2023-08-15,1402/05/24,23077000.0,489440.0,1901.5571,278530000.0,94.55,133300.0,22.51,2069749.24
2023-08-16,1402/05/25,23043000.0,488580.0,1891.7622,278970000.0,94.55,133030.0,22.386,2069749.24
2023-08-17,1402/05/26,23043000.0,488580.0,1888.8873,278970000.0,94.55,133030.0,22.69,2069749.24
2023-08-19,1402/05/28,22632000.0,487920.0,1888.1934,275890000.0,94.55,132830.0,22.7037,2069749.24
2023-08-20,1402/05/29,22798000.0,486950.0,1888.1934,277540000.0,94.55,134610.0,22.7037,2069749.24
2023-08-21,1402/05/30,23190000.0,492730.0,1893.9449,280890000.0,94.55,136270.0,23.3475,2069749.24
2023-08-22,1402/05/31,23163000.0,490230.0,1897.4651,278480000.0,94.55,135570.0,23.39,2069749.24
2023-08-23,1402/06/01,23130000.0,491670.0,1914.3149,279990000.0,94.55,135910.0,24.323,2069749.24
2023-08-24,1402/06/02,23130000.0,491670.0,1917.4348,279990000.0,94.55,135910.0,24.135,2069749.24
2023-08-26,1402/06/04,23170000.0,491620.0,1914.5255,279060000.0,94.55,135900.0,24.2193,2069749.24
2023-08-27,1402/06/05,23112000.0,490130.0,1914.5255,277070000.0,94.55,135500.0,24.2193,2069749.24
2023-08-28,1402/06/06,23225000.0,490760.0,1919.6586,278970000.0,94.55,135600.0,24.255,2069749.24
2023-08-29,1402/06/07,23315000.0,491010.0,1937.1222,279920000.0,94.55,135690.0,24.73,2069749.24
2023-08-30,1402/06/08,23294000.0,490200.0,1942.2399,280030000.0,94.55,135520.0,24.65,2069749.24
2023-08-31,1402/06/09,23294000.0,490200.0,1939.7441,280030000.0,94.55,135520.0,24.435,2069749.24
2023-09-02,1402/06/11,23634000.0,496660.0,1938.795,282090000.0,94.55,137290.0,24.1632,2069749.24
2023-09-03,1402/06/12,23708000.0,496400.0,1938.795,281480000.0,94.55,137140.0,24.1632,2069749.24
2023-09-04,1402/06/13,23625000.0,496040.0,1938.1913,281490000.0,94.55,137120.0,23.97,2069749.24
2023-09-05,1402/06/14,23625000.0,496040.0,1925.8112,281490000.0,94.55,137120.0,23.5306,2069749.24
2023-09-07,1402/06/16,23534000.0,495910.0,1919.1866,281570000.0,94.55,137130.0,22.9475,2069749.24
2023-09-09,1402/06/18,23456000.0,496650.0,1917.8051,279910000.0,94.55,137260.0,22.909,2069749.24
2023-09-10,1402/06/19,23414000.0,495750.0,1917.8051,279510000.0,94.55,137020.0,22.909,2069749.24
2023-09-11,1402/06/20,23357000.0,497000.0,1921.6626,278420000.0,94.55,137320.0,23.07,2069749.24
2023-09-12,1402/06/21,23486000.0,499310.0,1913.2614,282520000.0,94.55,138020.0,23.105,2069749.24
2023-09-13,1402/06/22,23486000.0,499310.0,1906.3022,282520000.0,94.55,138020.0,22.835,2069749.24
2023-09-17,1402/06/26,23345000.0,495330.0,1923.575,279570000.0,94.55,137410.0,23.0084,2069749.24
2023-09-18,1402/06/27,23403000.0,496450.0,1933.1396,278470000.0,94.55,137670.0,23.23,2069749.24
2023-09-19,1402/06/28,23334000.0,491150.0,1930.9449,275540000.0,94.55,136190.0,23.23,2069749.24
2023-09-20,1402/06/29,23234000.0,493930.0,1929.6838,278070000.0,94.55,137010.0,23.24,2069749.24
2023-09-21,1402/06/30,23234000.0,493930.0,1919.5691,278070000.0,94.55,137010.0,23.38,2069749.24
2023-09-23,1402/07/01,23174000.0,493580.0,1924.9875,276420000.0,94.55,136950.0,23.53,2069749.24
2023-09-25,1402/07/03,23158000.0,495020.0,1915.6553,275960000.0,94.55,137300.0,23.11,2069749.24
2023-09-26,1402/07/04,22865000.0,494480.0,1900.4861,288510000.0,94.55,136990.0,22.86,2069749.24
2023-09-27,1402/07/05,22918000.0,497380.0,1874.6953,273510000.0,94.55,137600.0,22.5181,2069749.24
2023-09-28,1402/07/06,22918000.0,495380.0,1864.5591,273510000.0,92.28,137600.0,22.6,2069749.24
2023-09-30,1402/07/08,22611000.0,495540.0,1848.3134,271900000.0,92.09,137290.0,22.16,2069749.24
2023-10-01,1402/07/09,22505000.0,496500.0,1848.3134,270510000.0,90.56,137460.0,22.16,2069749.24
2023-10-02,1402/07/10,22505000.0,496240.0,1827.4033,270510000.0,91.09,137460.0,21.07,2069749.24
2023-10-04,1402/07/12,22438000.0,499010.0,1821.0754,273320000.0,84.17,138150.0,20.96,2069749.24
2023-10-05,1402/07/13,22438000.0,498970.0,1820.0059,273320000.0,84.5,138150.0,20.9,2069749.24
2023-10-07,1402/07/15,24446000.0,524400.0,1832.2573,301010000.0,84.43,144080.0,21.59,2001266.67
2023-10-08,1402/07/16,24534000.0,527530.0,1832.2573,310010000.0,88.07,145890.0,21.59,2005595.1
2023-10-09,1402/07/17,23999000.0,520570.0,1860.8815,291010000.0,87.58,144060.0,21.89,2014066.89
2023-10-10,1402/07/18,23985000.0,517730.0,1860.0874,283010000.0,86.11,143290.0,21.81,2019712.76
2023-10-11,1402/07/19,23968000.0,515530.0,1873.6082,288010000.0,86.41,140320.0,22.06,2019712.76
2023-10-12,1402/07/20,23968000.0,511700.0,1868.649,288010000.0,90.95,140320.0,21.84,2019712.76
2023-10-14,1402/07/22,24075000.0,507520.0,1931.6975,287010000.0,90.8,139670.0,22.7,2001942.55
2023-10-15,1402/07/23,23468000.0,502980.0,1931.6975,283850000.0,90.16,139170.0,22.7,2018165.84
2023-10-16,1402/07/24,23973000.0,509920.0,1919.4387,288010000.0,90.38,139050.0,22.6,2018165.84
2023-10-17,1402/07/25,24375000.0,513360.0,1923.0732,293010000.0,91.31,140010.0,22.825,2023543.79
2023-10-18,1402/07/26,24179800.0,508805.0,1947.6886,285210000.0,93.42,139409.0,22.87,2023543.79
2023-10-21,1402/07/29,24139300.0,506362.0,1981.0446,287980000.0,92.51,138122.0,23.35,2032212.11
2023-10-22,1402/07/30,24061000.0,506160.0,1981.0446,287870000.0,90.42,138060.0,23.35,2021903.44
2023-10-23,1402/08/01,24331000.0,507540.0,1972.5933,288010000.0,87.98,138400.0,22.98,2000179.15
2023-10-24,1402/08/02,24592000.0,511860.0,1970.11,292930000.0,89.97,141370.0,22.93,2000179.15
2023-10-25,1402/08/03,24765000.0,516090.0,1979.6184,294920000.0,88.39,141510.0,22.89,2000179.15
2023-10-27,1402/08/05,25287000.0,521490.0,2005.7837,298990000.0,90.03,143000.0,23.14,2000179.15
2023-10-28,1402/08/06,24966000.0,513390.0,2005.7837,294010000.0,89.2,141490.0,23.14,2000179.15
2023-10-29,1402/08/07,24857000.0,514600.0,2005.7837,291330000.0,86.59,140510.0,23.14,1967830.64
2023-10-30,1402/08/08,24961000.0,516380.0,1995.8784,297010000.0,85.38,143010.0,23.3075,1967830.64
2023-10-31,1402/08/09,24987000.0,516860.0,1982.705,296010000.0,85.02,142780.0,22.9,1967830.64
2023-11-01,1402/08/10,25167000.0,521350.0,1982.15,299010000.0,86.82,144020.0,22.99,1967830.64
2023-11-03,1402/08/12,24659000.0,511400.0,1992.2676,293010000.0,85.23,140280.0,23.2,1967830.64
2023-11-04,1402/08/13,24696000.0,512360.0,1992.2676,293230000.0,85.23,140540.0,23.2,1967830.64
2023-11-05,1402/08/14,24654000.0,513520.0,1992.2676,292570000.0,85.28,140840.0,23.2,1967830.64
2023-11-06,1402/08/15,24382000.0,512190.0,1977.6833,289610000.0,81.61,140310.0,23.0293,2028567.62
2023-11-07,1402/08/16,24349000.0,510520.0,1968.4049,290110000.0,79.82,138990.0,22.5965,2028567.62
2023-11-08,1402/08/17,24375000.0,513530.0,1949.79,291050000.0,79.89,139850.0,22.53,2028567.62
2023-11-10,1402/08/19,24236000.0,513250.0,1936.79,290490000.0,81.6,141540.0,22.2177,2028567.62
2023-11-11,1402/08/20,24091000.0,513370.0,1936.79,288990000.0,81.6,142230.0,22.2177,2028567.62
2023-11-12,1402/08/21,24130000.0,511800.0,1936.79,289450000.0,82.72,139840.0,22.2177,2028567.62
2023-11-13,1402/08/22,24169000.0,511510.0,1945.89,289980000.0,82.48,140240.0,22.305,2028567.62
2023-11-14,1402/08/23,24222000.0,509070.0,1962.674,289970000.0,80.83,140040.0,23.0844,2028567.62
2023-11-15,1402/08/24,24246000.0,509430.0,1959.0912,289550000.0,77.59,139700.0,23.4259,2028567.62
2023-11-17,1402/08/26,24340000.0,506400.0,1980.0077,289050000.0,80.62,138910.0,23.73,2028567.62
2023-11-18,1402/08/27,24241000.0,503040.0,1980.0077,287990000.0,80.62,138370.0,23.73,2026262.4
2023-11-19,1402/08/28,24031000.0,504010.0,1980.0077,286470000.0,82.16,138060.0,23.73,2022786.74
2023-11-20,1402/08/29,24222000.0,501990.0,1977.1941,287640000.0,82.5,138080.0,23.4,2022786.74
2023-11-21,1402/08/30,24144000.0,502190.0,1998.3693,287010000.0,81.81,138180.0,23.7297,2022595.56
2023-11-22,1402/09/01,24222000.0,503740.0,1989.7235,286610000.0,81.26,138580.0,23.62,2022595.56
2023-11-24,1402/09/03,24511000.0,504280.0,2001.97,289490000.0,80.23,138760.0,24.3,2022595.56
2023-11-25,1402/09/04,24407000.0,502510.0,2001.97,288490000.0,80.48,138480.0,24.3,2022595.56
2023-11-26,1402/09/05,24377000.0,504240.0,2001.97,289460000.0,81.44,138730.0,24.3,2026086.59
2023-11-27,1402/09/06,24575900.0,506232.0,2013.6429,290099000.0,81.44,138104.0,24.6182,2026086.59
2023-11-28,1402/09/07,24751000.0,507010.0,2040.89,292050000.0,82.84,137950.0,25.0037,2044474.1
2023-11-29,1402/09/08,24790000.0,506950.0,2044.59,292020000.0,80.89,138100.0,25.01,2044474.1
2023-12-01,1402/09/10,25254000.0,504830.0,2070.9011,295460000.0,79.56,138920.0,25.42,2087696.02
2023-12-02,1402/09/11,25236000.0,505910.0,2070.9011,296490000.0,79.56,137740.0,25.42,2121199.15
2023-12-03,1402/09/12,24929000.0,506510.0,2070.9011,295990000.0,78.25,137940.0,25.42,2165228.25
2023-12-04,1402/09/13,24954000.0,505010.0,2029.7415,292130000.0,77.31,138460.0,24.4888,2176503.65
2023-12-05,1402/09/14,24673000.0,504240.0,2019.4203,292100000.0,74.3,138360.0,24.1243,2171023.38
2023-12-06,1402/09/15,24756000.0,505170.0,2024.8975,293480000.0,74.34,138120.0,23.8738,2171023.38
2023-12-08,1402/09/17,24513000.0,505310.0,2003.39,292140000.0,75.65,138110.0,22.967,2160965.02
2023-12-09,1402/09/18,24541000.0,505350.0,2003.39,292460000.0,75.65,138080.0,22.967,2161074.01
2023-12-10,1402/09/19,24382000.0,506170.0,2003.39,291460000.0,76.1,138290.0,22.967,2162560.36
2023-12-11,1402/09/20,24444000.0,504640.0,1981.303,290560000.0,73.41,137990.0,22.7928,2161266.62
2023-12-12,1402/09/21,24493000.0,504460.0,1979.4375,291080000.0,74.33,137970.0,22.7499,2158088.45
2023-12-13,1402/09/22,24823000.0,504670.0,2026.39,295990000.0,76.68,138050.0,23.7471,2158088.45
2023-12-15,1402/09/24,24569000.0,504670.0,2018.1899,295950000.0,76.95,137970.0,23.8282,2171823.16
2023-12-17,1402/09/26,24476000.0,502380.0,2018.1899,290490000.0,78.13,137420.0,23.8282,2207653.06
2023-12-18,1402/09/27,24543000.0,500560.0,2026.9979,289490000.0,79.5,136890.0,23.7771,2211856.32
2023-12-19,1402/09/28,24576300.0,500712.0,2040.1208,291826000.0,78.8,137027.0,24.0253,2211856.32
2023-12-20,1402/09/29,24638000.0,500760.0,2029.1899,292490000.0,79.28,137160.0,24.1304,2211856.32
2023-12-22,1402/10/01,24883000.0,503010.0,2052.9751,294130000.0,79.18,137800.0,24.1674,2208343.2
2023-12-23,1402/10/02,24691000.0,500690.0,2052.9751,292030000.0,78.8,137120.0,24.1674,2200109.69
2023-12-24,1402/10/03,24555000.0,500890.0,2052.9751,293100000.0,78.8,136930.0,24.1674,2194499.76
2023-12-25,1402/10/04,24765000.0,501040.0,2054.9299,294100000.0,80.59,137030.0,24.2365,2178752.19
2023-12-26,1402/10/05,25060000.0,503450.0,2066.605,294120000.0,79.52,137700.0,24.1958,2177410.5
2023-12-27,1402/10/06,25019000.0,503190.0,2077.1589,295080000.0,77.32,137580.0,24.2498,2177410.5
2023-12-29,1402/10/08,25155000.0,506160.0,2062.5901,297480000.0,77.07,138440.0,23.76,2182717.77
2023-12-30,1402/10/09,25049000.0,505630.0,2062.5901,296490000.0,77.07,138300.0,23.76,2176102.5
2023-12-31,1402/10/10,25252000.0,505980.0,2062.5901,297060000.0,77.07,138410.0,23.76,2168309.02
2024-01-01,1402/10/11,25451000.0,506430.0,2063.8,298960000.0,76.09,138490.0,23.8185,2158766.53
2024-01-02,1402/10/12,25504000.0,508290.0,2058.8767,299960000.0,78.6,139060.0,23.644,2155234.91
2024-01-03,1402/10/13,25647000.0,514170.0,2040.776,305060000.0,77.66,140640.0,22.9634,2155234.91
2024-01-05,1402/10/15,25677000.0,509740.0,2045.4956,301120000.0,78.9,139430.0,23.1613,2153710.6
2024-01-06,1402/10/16,25820000.0,509760.0,2045.4956,304960000.0,78.9,139360.0,23.1613,2154775.74
2024-01-07,1402/10/17,25658000.0,509490.0,2045.4956,302950000.0,76.36,139330.0,23.1613,2153955.8
2024-01-08,1402/10/18,25947000.0,514840.0,2027.843,308490000.0,77.54,140800.0,23.0846,2156372.42
2024-01-09,1402/10/19,26086000.0,519780.0,2029.5948,314990000.0,76.71,142130.0,22.9482,2170964.07
2024-01-10,1402/10/20,26139000.0,516020.0,2023.402,318140000.0,77.66,141160.0,22.8554,2170964.07
2024-01-12,1402/10/22,26921000.0,524680.0,2048.7192,333110000.0,78.32,143450.0,23.1672,2180524.25
2024-01-13,1402/10/23,26552000.0,520860.0,2048.7192,313010000.0,78.32,142410.0,23.1672,2197290.12
2024-01-14,1402/10/24,26577000.0,524630.0,2048.7192,313010000.0,78.21,143480.0,23.1672,2194999.35
2024-01-15,1402/10/25,26737000.0,529040.0,2054.49,315890000.0,77.69,144420.0,23.2,2188637.72
2024-01-16,1402/10/26,27097000.0,536510.0,2027.59,318860000.0,78.01,147380.0,22.9094,2185977.37
2024-01-17,1402/10/27,26944000.0,540290.0,2005.7194,317510000.0,79.0,148320.0,22.5275,2185977.37
2024-01-19,1402/10/29,27293000.0,542230.0,2029.09,315510000.0,78.6,148860.0,22.58,2166927.86
2024-01-20,1402/10/30,27221000.0,539080.0,2029.09,318490000.0,78.6,147980.0,22.58,2153211.75
2024-01-21,1402/11/01,27108000.0,540510.0,2029.09,319380000.0,79.89,148470.0,22.58,2146563.32
2024-01-22,1402/11/02,27316000.0,548920.0,2020.99,326100000.0,79.69,150690.0,22.0822,2120048.66
2024-01-23,1402/11/03,27528000.0,556590.0,2028.6899,328920000.0,80.16,152740.0,22.4333,2123491.41
2024-01-26,1402/11/06,28048000.0,563000.0,2018.34,334930000.0,83.68,154140.0,22.794,2126829.7
2024-01-27,1402/11/07,27972000.0,558630.0,2018.34,326400000.0,82.95,152900.0,22.794,2128027.65
2024-01-28,1402/11/08,29091000.0,582990.0,2018.34,338860000.0,81.96,159560.0,22.794,2120268.03
2024-01-29,1402/11/09,29108000.0,582890.0,2031.7488,335600000.0,82.56,158298.0,23.176,2110339.44
2024-01-30,1402/11/10,28842000.0,584030.0,2036.1151,334970000.0,80.56,158120.0,23.1636,2107272.64
2024-01-31,1402/11/11,27939500.0,576496.0,2037.1899,322238000.0,80.56,159315.0,22.9156,2107272.64
2024-02-02,1402/11/13,27815000.0,563780.0,2038.59,319820000.0,77.67,154370.0,22.6715,2111083.35
2024-02-03,1402/11/14,27547000.0,551370.0,2038.59,315100000.0,77.67,150930.0,22.6715,2100173.83
2024-02-04,1402/11/15,27628000.0,553880.0,2038.59,322850000.0,78.75,151660.0,22.6715,2097247.43
2024-02-05,1402/11/16,27687900.0,557015.0,2024.6707,324095000.0,78.75,152277.0,22.3575,2097247.43
2024-02-06,1402/11/17,27882000.0,557380.0,2035.4623,325830000.0,79.47,152400.0,22.4007,2098026.31
2024-02-09,1402/11/20,27535000.0,549020.0,2024.157,325860000.0,81.97,150230.0,22.6047,2100104.33
2024-02-11,1402/11/22,27494000.0,551950.0,2024.157,324990000.0,82.02,151110.0,22.6047,2091898.21
2024-02-12,1402/11/23,27429000.0,554690.0,2019.79,323080000.0,82.54,151840.0,22.6906,2090317.88
2024-02-13,1402/11/24,27575000.0,555800.0,1992.1331,324830000.0,81.47,151890.0,22.074,2078540.1
2024-02-14,1402/11/25,27766000.0,560270.0,1992.39,328010000.0,82.93,153350.0,22.3698,2078540.1
2024-02-16,1402/11/27,28055000.0,563020.0,2013.1008,329040000.0,83.53,154050.0,23.4014,2060019.98
2024-02-18,1402/11/29,28244000.0,570360.0,2013.1008,330970000.0,83.32,156160.0,23.4014,2070775.31
2024-02-19,1402/11/30,27990000.0,565060.0,2017.6252,328510000.0,82.53,154740.0,22.96,2071507.07
2024-02-20,1402/12/01,28270000.0,570290.0,2023.5278,329360000.0,82.98,156080.0,22.9642,2070816.17
2024-02-21,1402/12/02,28413000.0,572710.0,2024.99,332880000.0,83.58,156680.0,22.8725,2070816.17
2024-02-23,1402/12/04,28641000.0,572670.0,2035.7177,334540000.0,81.58,156650.0,22.9428,2066137.68
2024-02-25,1402/12/06,28771000.0,582491.0,2035.7177,335540000.0,81.92,158770.0,22.9428,2049784.46
2024-02-26,1402/12/07,29108000.0,586050.0,2030.658,342100000.0,82.43,160330.0,22.5141,2046016.86
2024-02-27,1402/12/08,28988000.0,581090.0,2029.6378,337490000.0,82.0,159010.0,22.4306,2054827.15
2024-02-28,1402/12/09,29001000.0,584660.0,2034.62,340090000.0,81.8,160020.0,22.4608,2054827.15
2024-03-01,1402/12/11,29902000.0,593130.0,2083.3899,345050000.0,83.46,162320.0,23.1476,2086541.6
2024-03-02,1402/12/12,29872000.0,593390.0,2083.3899,344580000.0,83.46,162400.0,23.1476,2147088.74
2024-03-03,1402/12/13,31070000.0,605020.0,2083.3899,355510000.0,82.06,165570.0,23.1476,2172227.98
2024-03-04,1402/12/14,31645000.0,609470.0,2114.99,368825000.0,82.06,166830.0,23.8737,2172227.98
2024-03-05,1402/12/15,31892000.0,609890.0,2127.5454,370850000.0,82.83,166870.0,23.6782,2165752.68
2024-03-06,1402/12/16,31882800.0,605639.0,2148.29,371339000.0,82.83,165893.0,24.1617,2165752.68
2024-03-08,1402/12/18,31509000.0,605340.0,2177.51,372540000.0,82.05,165600.0,24.3065,2163750.32
2024-03-09,1402/12/19,30911000.0,592850.0,2177.51,362880000.0,82.05,162250.0,24.3065,2160224.66
2024-03-10,1402/12/20,31312000.0,599410.0,2177.51,366580000.0,82.43,163990.0,24.3065,2161563.71
2024-03-11,1402/12/21,30934000.0,597090.0,2182.47,366850000.0,82.08,163390.0,24.42,2163500.96
2024-03-12,1402/12/22,30848000.0,595340.0,2157.99,367010000.0,83.97,162960.0,24.17,2150035.3
2024-03-13,1402/12/23,31077000.0,593800.0,2174.3999,371050000.0,85.34,162970.0,25.04,2150035.3
2024-03-15,1402/12/25,31382000.0,601080.0,2155.5427,376920000.0,85.35,164450.0,25.1624,2148494.01
2024-03-16,1402/12/26,32007000.0,600260.0,2155.5427,380820000.0,85.35,164320.0,25.1624,2160406.45
2024-03-17,1402/12/27,32536000.0,603510.0,2155.5427,388060000.0,87.02,165030.0,25.1624,2195092.3
2024-03-23,1403/01/04,32626000.0,618100.0,2164.145,387930000.0,85.56,171220.0,24.6632,2236349.27
2024-03-24,1403/01/05,32277000.0,614030.0,2164.145,387700000.0,86.04,167950.0,24.6632,2253602.21
2024-03-25,1403/01/06,32227000.0,608380.0,2171.4521,387910000.0,85.41,166470.0,24.6791,2249426.55
2024-03-26,1403/01/07,32605000.0,613950.0,2178.5837,387780000.0,85.69,168040.0,24.43,2261386.24
2024-03-27,1403/01/08,32734000.0,616580.0,2194.0249,387830000.0,86.9,168710.0,24.665,2261386.24
2024-03-29,1403/01/10,33085000.0,618334.0,2232.3757,387980000.0,86.99,167930.0,24.9738,2261172.41
2024-04-01,1403/01/13,34355000.0,632900.0,2250.3557,422100000.0,89.11,172760.0,25.085,2245265.27
2024-04-02,1403/01/14,35498000.0,634740.0,2280.0957,438880000.0,89.5,173830.0,26.11,2250907.51
2024-04-03,1403/01/15,35948000.0,641000.0,2299.1702,458080000.0,90.91,175750.0,27.215,2250907.51
2024-04-05,1403/01/17,36809000.0,647000.0,2329.5,448060000.0,90.86,179140.0,27.48,2231022.8
2024-04-06,1403/01/18,35528000.0,640000.0,2329.5,419970000.0,90.86,175900.0,27.48,2234925.65
2024-04-07,1403/01/19,35260000.0,608700.0,2329.5,415800000.0,90.51,174440.0,27.48,2254853.03
2024-04-08,1403/01/20,36237000.0,637000.0,2338.8909,437060000.0,89.52,175340.0,27.8372,2261899.21
2024-04-12,1403/01/24,38790000.0,641000.0,2343.4255,454930000.0,90.15,182870.0,27.875,2207970.15
2024-04-13,1403/01/25,37349000.0,618800.0,2343.4255,444950000.0,90.15,186130.0,27.875,2196767.82
2024-04-14,1403/01/26,37433000.0,638400.0,2343.4255,437020000.0,90.37,182870.0,27.875,2206907.84
2024-04-15,1403/01/27,37892000.0,619200.0,2382.5078,442800000.0,89.96,181030.0,28.885,2201986.89
2024-04-16,1403/01/28,38268000.0,597900.0,2382.8318,444850000.0,87.54,183010.0,28.085,2201986.89
2024-04-17,1403/01/29,38298000.0,600900.0,2360.8057,449020000.0,86.93,183910.0,28.215,2201986.89
2024-04-19,1403/01/31,36620000.0,629000.0,2390.4517,431080000.0,87.18,178280.0,28.6533,2201986.89
2024-04-20,1403/02/01,37126000.0,627600.0,2390.4517,433940000.0,87.18,177910.0,28.6533,2201986.89
2024-04-21,1403/02/02,36410000.0,640100.0,2390.4517,433040000.0,87.16,177800.0,28.6533,2259745.23
2024-04-22,1403/02/03,35639000.0,618300.0,2326.2859,424070000.0,88.39,177410.0,27.19,2259745.23
2024-04-23,1403/02/04,35339000.0,613700.0,2321.8145,418940000.0,87.99,175510.0,27.28,2259745.23
2024-04-24,1403/02/05,35232000.0,644200.0,2315.822,424090000.0,89.25,174040.0,27.175,2259745.23
2024-04-26,1403/02/07,34360000.0,600600.0,2337.7151,412010000.0,89.38,168520.0,27.165,2259745.23
2024-04-27,1403/02/08,33265000.0,620100.0,2337.7151,403100000.0,88.21,165510.0,27.165,2259745.23
2024-04-28,1403/02/09,35004000.0,627500.0,2337.7151,416010000.0,87.29,169340.0,27.165,2259745.23
2024-04-29,1403/02/10,34570000.0,644100.0,2334.4358,422880000.0,86.02,171210.0,27.12,2259745.23
2024-04-30,1403/02/11,34371000.0,631000.0,2285.5732,417090000.0,83.56,169360.0,26.28,2259745.23
2024-05-01,1403/02/12,34487000.0,597300.0,2317.895,418090000.0,83.64,169560.0,26.64,2259745.23
2024-05-04,1403/02/15,33630000.0,606100.0,2301.5569,410090000.0,82.8,165940.0,26.54,2259745.23
2024-05-05,1403/02/16,34967000.0,602200.0,2301.5569,419880000.0,83.72,168280.0,26.54,2239098.46
2024-05-06,1403/02/17,34279000.0,597200.0,2323.5674,413100000.0,83.27,168060.0,27.455,2231424.01
2024-05-07,1403/02/18,34170000.0,599500.0,2313.7852,413060000.0,83.81,167260.0,27.23,2219092.61
2024-05-08,1403/02/19,34085000.0,634600.0,2308.6455,416050000.0,84.19,167720.0,27.34,2219092.61
2024-05-10,1403/02/21,34050000.0,633700.0,2360.1436,411930000.0,82.78,166520.0,28.1475,2208284.88
2024-05-11,1403/02/22,33748000.0,601600.0,2360.1436,409880000.0,82.78,163070.0,28.1475,2193171.84
2024-05-12,1403/02/23,33466000.0,629000.0,2360.1436,407060000.0,83.42,162820.0,28.1475,2161422.58
2024-05-13,1403/02/24,33476000.0,595000.0,2336.0476,404970000.0,82.49,160910.0,28.19,2165573.51
2024-05-14,1403/02/25,33723000.0,597300.0,2357.9668,409070000.0,82.94,160650.0,28.59,2164692.26
2024-05-15,1403/02/26,33642000.0,600600.0,2386.0425,407030000.0,83.36,159450.0,29.7,2164692.26
2024-05-17,1403/02/28,33058000.0,607700.0,2414.8899,398920000.0,84.0,156670.0,31.49,2168676.28
2024-05-18,1403/02/29,36008000.0,608600.0,2414.8899,414090000.0,84.0,164220.0,31.49,2112560.33
2024-05-19,1403/02/30,33697000.0,605600.0,2414.8899,402100000.0,83.64,158790.0,31.49,2112560.33
2024-05-20,1403/02/31,33552000.0,604700.0,2425.1191,403020000.0,82.81,158490.0,31.825,2114144.1
2024-05-21,1403/03/01,33362000.0,601000.0,2421.6377,402932000.0,81.99,158610.0,31.96,2114144.1
2024-05-22,1403/03/02,33268000.0,600700.0,2378.2471,402850000.0,81.44,158650.0,30.7643,2114144.1
2024-05-24,1403/03/04,32778000.0,614500.0,2333.7642,394900000.0,82.09,157720.0,30.339,2098482.71
2024-05-25,1403/03/05,32894000.0,612200.0,2333.7642,401930000.0,81.84,158140.0,30.339,2079063.3
2024-05-26,1403/03/06,33542000.0,614100.0,2333.7642,405060000.0,82.82,160510.0,30.339,2058131.89
2024-05-27,1403/03/07,33965000.0,598200.0,2350.74,409800000.0,84.25,161580.0,31.68,2069875.52
2024-05-28,1403/03/08,33702000.0,616500.0,2360.9546,403890000.0,83.21,160190.0,32.11,2086080.15
2024-05-29,1403/03/09,33690000.0,605400.0,2338.7659,407040000.0,81.98,161910.0,31.9555,2086080.15
2024-05-31,1403/03/11,33335000.0,599600.0,2326.9663,404990000.0,81.37,161520.0,30.375,2094080.26
2024-06-01,1403/03/12,33935000.0,603100.0,2326.9663,407450000.0,81.37,163780.0,30.375,2087686.36
2024-06-04,1403/03/15,33596000.0,599800.0,2327.6816,407030000.0,78.45,161510.0,29.48,2082118.96
2024-06-05,1403/03/16,33706000.0,601900.0,2354.7773,409090000.0,79.87,161470.0,30.01,2082118.96
2024-06-07,1403/03/18,33328000.0,603900.0,2292.7051,406020000.0,79.44,162910.0,29.175,2064389.53
2024-06-08,1403/03/19,33330000.0,611600.0,2292.7051,404050000.0,79.44,162000.0,29.175,2061897.1
2024-06-09,1403/03/20,33122000.0,608500.0,2292.7051,402050000.0,81.78,161710.0,29.175,2078090.73
2024-06-10,1403/03/21,32981000.0,609900.0,2310.6008,401030000.0,81.78,160770.0,29.77,2081296.94
2024-06-11,1403/03/22,33219000.0,608300.0,2316.2656,401520000.0,82.52,160190.0,29.26,2075720.49
2024-06-12,1403/03/23,33113000.0,615900.0,2322.55,401510000.0,82.2,161010.0,29.7,2075720.49
2024-06-14,1403/03/25,33499000.0,596500.0,2332.52,399360000.0,82.67,160570.0,29.54,2061671.58
2024-06-15,1403/03/26,33658000.0,602600.0,2332.52,399590000.0,82.67,160570.0,29.54,2045317.92
2024-06-17,1403/03/28,33559000.0,604700.0,2318.8735,396850000.0,85.27,161480.0,29.495,2043980.41
2024-06-18,1403/03/29,33622300.0,596100.0,2328.3301,398923000.0,85.27,161477.0,29.52,2043980.41
2024-06-19,1403/03/30,33669000.0,614800.0,2327.4751,400020000.0,85.72,161450.0,29.7572,2043980.41
2024-06-21,1403/04/01,33637000.0,601200.0,2320.345,401070000.0,85.02,161710.0,29.52,2047651.79
2024-06-22,1403/04/02,34097000.0,602700.0,2320.345,409040000.0,85.02,163740.0,29.52,2051147.64
2024-06-23,1403/04/03,34604000.0,604500.0,2320.345,415080000.0,85.19,165510.0,29.52,2065166.11
2024-06-25,1403/04/05,34381000.0,601200.0,2319.0095,415920000.0,84.23,165640.0,28.915,2085131.44
2024-06-26,1403/04/06,34981000.0,603200.0,2297.9146,425570000.0,85.33,167040.0,28.7573,2085131.44
2024-06-28,1403/04/08,35124000.0,610200.0,2325.7051,424320000.0,84.84,168340.0,29.1276,2096024.46
2024-06-29,1403/04/09,35482000.0,616910.0,2325.7051,427580000.0,84.84,169510.0,29.1276,2072938.23
2024-06-30,1403/04/10,35306000.0,613620.0,2325.7051,426340000.0,86.63,168460.0,29.1276,2075095.42
2024-07-01,1403/04/11,34785000.0,608140.0,2331.6963,429030000.0,86.47,167050.0,29.44,2090301.43
2024-07-02,1403/04/12,34810000.0,603750.0,2329.283,422870000.0,87.13,166190.0,29.51,2100670.49
2024-07-03,1403/04/13,34939000.0,608760.0,2356.0562,425100000.0,87.56,167960.0,30.47,2100670.49
2024-07-05,1403/04/15,34321000.0,598300.0,2391.4563,412940000.0,86.86,164180.0,31.2129,2188812.65
2024-07-06,1403/04/16,34254000.0,588510.0,2391.4563,411530000.0,86.86,162760.0,31.2129,2226443.08
2024-07-07,1403/04/17,33808000.0,588520.0,2391.4563,406080000.0,85.7,162780.0,31.2129,2221299.33
2024-07-08,1403/04/18,33409000.0,588790.0,2358.7983,399450000.0,84.81,162750.0,30.79,2217016.89
2024-07-09,1403/04/19,33570000.0,585100.0,2363.5845,401820000.0,85.36,161350.0,30.79,2209340.54
2024-07-10,1403/04/20,33723000.0,579650.0,2371.071,400090000.0,85.67,158110.0,30.808,2209340.54
2024-07-12,1403/04/22,33845000.0,579900.0,2411.2744,400090000.0,85.27,157850.0,30.77,2200257.04
2024-07-13,1403/04/23,33986000.0,579170.0,2411.2744,404460000.0,85.27,158000.0,30.77,2201134.14
2024-07-16,1403/04/26,33963000.0,573300.0,2468.573,406570000.0,85.06,157470.0,31.38,2202679.22
2024-07-17,1403/04/27,33882000.0,572200.0,2458.3838,404560000.0,84.75,157140.0,30.2935,2202679.22
2024-07-19,1403/04/29,33621000.0,575770.0,2400.79,400530000.0,82.58,158080.0,29.26,2192413.99
2024-07-20,1403/04/30,33531000.0,576110.0,2400.79,404590000.0,82.58,157920.0,29.26,2172192.11
2024-07-21,1403/04/31,33436000.0,575960.0,2400.79,404460000.0,82.41,157720.0,29.26,2168997.55
2024-07-22,1403/05/01,33630000.0,581760.0,2397.6475,408470000.0,81.34,158420.0,29.2,2177962.23
2024-07-23,1403/05/02,33958000.0,584600.0,2409.2073,411340000.0,81.46,158120.0,29.22,2175315.36
2024-07-24,1403/05/03,33734000.0,587610.0,2397.5859,412820000.0,82.3,159040.0,28.99,2175315.36
2024-07-26,1403/05/05,33882000.0,586460.0,2385.575,411920000.0,80.58,159680.0,27.89,2160964.04
2024-07-27,1403/05/06,34062000.0,590840.0,2385.575,415070000.0,80.28,160920.0,27.89,2160964.04
2024-07-28,1403/05/07,34279000.0,589400.0,2385.575,419810000.0,79.1,161350.0,27.89,2131749.29
2024-07-29,1403/05/08,34616000.0,593500.0,2383.5371,418590000.0,78.5,162010.0,27.86,2120430.36
2024-07-30,1403/05/09,35627000.0,600400.0,2408.4299,425080000.0,81.44,164460.0,28.39,2068372.38
2024-07-31,1403/05/10,36156000.0,606000.0,2448.0989,429840000.0,80.08,166250.0,29.04,2068372.38
2024-08-02,1403/05/12,36975000.0,615270.0,2443.2947,436590000.0,77.57,168700.0,28.545,2006666.01
2024-08-03,1403/05/13,35999000.0,609000.0,2443.2947,430100000.0,77.57,166920.0,28.545,2005608.39
2024-08-04,1403/05/14,35602000.0,614900.0,2443.2947,428590000.0,77.14,168390.0,28.545,2004512.25
2024-08-05,1403/05/15,35198000.0,611400.0,2407.6475,427950000.0,76.39,167380.0,27.275,2002613.96
2024-08-06,1403/05/16,35826000.0,614010.0,2389.3701,429540000.0,78.45,168220.0,27.04,2002613.96
2024-08-07,1403/05/17,35613000.0,610000.0,2381.5349,429700000.0,79.07,167250.0,26.6003,2002613.96
2024-08-09,1403/05/19,35221000.0,597700.0,2430.9258,422300000.0,79.47,163880.0,27.4417,2003843.7
2024-08-10,1403/05/20,34683000.0,594100.0,2430.9258,415800000.0,79.47,162830.0,27.4417,2003375.92
2024-08-11,1403/05/21,35422000.0,600250.0,2430.9258,421950000.0,81.9,164500.0,27.4417,1998653.11
2024-08-12,1403/05/22,34978000.0,595700.0,2472.2507,416700000.0,80.79,163260.0,28.01,1991084.89
2024-08-13,1403/05/23,34752000.0,588350.0,2465.0293,411750000.0,79.81,161400.0,27.8387,1998118.88
2024-08-14,1403/05/24,34671000.0,587650.0,2447.6421,413200000.0,80.89,160980.0,27.59,1998118.88
2024-08-16,1403/05/26,34775000.0,577050.0,2507.2825,410900000.0,79.58,157920.0,29.0075,2012357.5
2024-08-18,1403/05/28,35560000.0,583100.0,2507.2825,424950000.0,77.78,159870.0,29.0075,2038043.05
2024-08-19,1403/05/29,35376000.0,579850.0,2503.9241,419700000.0,77.23,158960.0,29.475,2032554.13
2024-08-20,1403/05/30,35759000.0,581600.0,2513.739,420550000.0,76.09,160940.0,29.4254,2037208.89
2024-08-21,1403/05/31,35828000.0,584100.0,2511.9492,425900000.0,77.08,161380.0,29.625,2037208.89
2024-08-23,1403/06/02,35872000.0,582650.0,2512.0728,424800000.0,79.02,161280.0,29.8175,2052290.65
2024-08-25,1403/06/04,36177000.0,593200.0,2512.0728,428900000.0,80.14,161470.0,29.8175,2063271.97
2024-08-26,1403/06/05,35883000.0,591250.0,2516.885,426250000.0,78.75,161020.0,29.9,2068025.51
2024-08-27,1403/06/06,36147000.0,590000.0,2524.5657,429200000.0,77.67,162000.0,29.99,2076253.07
2024-08-28,1403/06/07,36320000.0,593950.0,2502.2495,433200000.0,78.89,162010.0,29.11,2076253.07
2024-08-30,1403/06/09,36244000.0,594800.0,2503.0322,431150000.0,76.93,162050.0,28.8447,2098636.95
2024-08-31,1403/06/10,36754000.0,599000.0,2503.0322,434650000.0,76.93,163150.0,28.8447,2110504.81
2024-09-02,1403/06/12,36433000.0,598900.0,2499.29,434550000.0,73.82,163060.0,28.5,2110504.81
2024-09-04,1403/06/14,36454000.0,599000.0,2494.188,434600000.0,72.68,162560.0,28.285,2110504.81
2024-09-06,1403/06/16,36038000.0,597500.0,2497.0254,430250000.0,71.06,161820.0,27.92,2101652.09
2024-09-07,1403/06/17,36066000.0,594500.0,2497.0254,431750000.0,71.06,161720.0,27.92,2088087.57
2024-09-08,1403/06/18,36292000.0,596750.0,2497.0254,434100000.0,71.78,162540.0,27.92,2096049.72
2024-09-09,1403/06/19,36523000.0,596150.0,2505.2549,434700000.0,69.62,162330.0,28.35,2088352.48
2024-09-10,1403/06/20,36629000.0,597500.0,2516.1191,435800000.0,70.58,163210.0,28.38,2084593.36
2024-09-13,1403/06/23,37063000.0,593900.0,2576.4954,439250000.0,71.61,162770.0,30.6575,2075472.75
2024-09-14,1403/06/24,36895000.0,590400.0,2576.4954,435750000.0,71.61,162220.0,30.6575,2065548.82
2024-09-15,1403/06/25,37093000.0,591000.0,2576.4954,436750000.0,72.93,162470.0,30.6575,2067565.97
2024-09-16,1403/06/26,37331000.0,595150.0,2582.5791,440700000.0,73.82,163660.0,30.76,2084152.01
2024-09-17,1403/06/27,37313000.0,592350.0,2569.5249,442150000.0,72.98,162410.0,30.735,2097004.54
2024-09-18,1403/06/28,37382000.0,592300.0,2558.7954,442150000.0,74.81,162160.0,30.06,2097004.54
2024-09-21,1403/06/31,38054000.0,595500.0,2621.9568,445700000.0,73.69,163170.0,31.1125,2098921.66
2024-09-22,1403/07/01,38497000.0,597800.0,2621.9568,450950000.0,73.33,164300.0,31.1125,2116537.72
2024-09-23,1403/07/02,39072000.0,604850.0,2628.3987,464750000.0,74.37,166220.0,30.67,2152668.32
2024-09-24,1403/07/03,38781000.0,597150.0,2656.6992,457650000.0,73.03,164160.0,32.13,2155023.38
2024-09-25,1403/07/04,39051000.0,600300.0,2656.821,460900000.0,70.83,165080.0,31.845,2155023.38
2024-09-27,1403/07/06,40261000.0,607000.0,2657.9675,477100000.0,71.54,168090.0,31.62,2146848.33
2024-09-28,1403/07/07,39787000.0,606100.0,2657.9675,460950000.0,71.54,165620.0,31.62,2139990.39
2024-09-29,1403/07/08,39376000.0,603750.0,2657.9675,462700000.0,71.92,166420.0,31.62,2139990.39
2024-09-30,1403/07/09,40501000.0,614950.0,2634.4939,476100000.0,74.18,168880.0,31.15,2139990.39
2024-10-01,1403/07/10,40785000.0,622550.0,2662.8213,485250000.0,74.62,171240.0,31.41,2139990.39
2024-10-02,1403/07/11,41050000.0,626900.0,2657.7549,487450000.0,77.76,173130.0,31.865,2139990.39
2024-10-04,1403/07/13,40930000.0,623900.0,2652.2451,484900000.0,78.14,171100.0,32.17,2101758.24
2024-10-05,1403/07/14,41410000.0,634550.0,2652.2451,495850000.0,78.14,173900.0,32.17,2101758.24
2024-10-06,1403/07/15,40999000.0,628450.0,2652.2451,490600000.0,81.08,172420.0,32.17,2093950.38
2024-10-07,1403/07/16,40346000.0,625450.0,2643.5784,485050000.0,77.53,171480.0,31.72,2097383.01
2024-10-08,1403/07/17,40674000.0,629350.0,2621.9448,488700000.0,76.61,172620.0,30.7,2099699.32
2024-10-09,1403/07/18,40928000.0,635500.0,2607.7705,496300000.0,78.99,174420.0,30.51,2099699.32
2024-10-11,1403/07/20,40365000.0,624950.0,2655.9976,489550000.0,78.76,171050.0,31.5272,2113868.38
2024-10-12,1403/07/21,40819000.0,628450.0,2655.9976,494900000.0,78.76,172520.0,31.5272,2114707.67
2024-10-13,1403/07/22,41078000.0,631500.0,2655.9976,497050000.0,77.64,173380.0,31.5272,2090793.24
2024-10-14,1403/07/23,41050000.0,627650.0,2651.05,498650000.0,74.56,172200.0,31.17,2069261.94
2024-10-15,1403/07/24,41625000.0,633350.0,2660.9875,511850000.0,74.37,173720.0,31.47,2065768.75
2024-10-16,1403/07/25,41794000.0,636600.0,2673.2385,519150000.0,74.52,174840.0,31.67,2065768.75
2024-10-18,1403/07/27,42535000.0,639600.0,2720.2473,539600000.0,73.06,174950.0,33.655,2041076.7
2024-10-19,1403/07/28,42759000.0,641950.0,2720.2473,542750000.0,73.06,175740.0,33.655,2021114.41
2024-10-20,1403/07/29,43255000.0,648550.0,2720.2473,556300000.0,74.03,177260.0,33.655,2007281.21
2024-10-21,1403/07/30,44368000.0,661500.0,2719.6453,544750000.0,75.76,181000.0,33.76,2007281.21
2024-10-22,1403/08/01,45677000.0,677300.0,2748.3833,551750000.0,75.19,186760.0,34.83,2007281.21
2024-10-23,1403/08/02,45970000.0,679500.0,2717.54,542850000.0,74.69,187290.0,33.725,2007281.21
2024-10-25,1403/08/04,43768000.0,655300.0,2747.6936,504900000.0,76.05,179520.0,33.7,2007281.21
2024-10-26,1403/08/05,44481000.0,660850.0,2747.6936,515050000.0,75.63,181420.0,33.7,2024579.26
2024-10-27,1403/08/06,45363000.0,674800.0,2747.6936,535250000.0,71.62,184750.0,33.7,2024579.26
2024-10-28,1403/08/07,46268000.0,684000.0,2741.9771,544100000.0,70.93,187890.0,33.695,2024579.26
2024-10-29,1403/08/08,47508000.0,692400.0,2775.1345,542300000.0,72.53,190240.0,34.4462,2024579.26
2024-10-30,1403/08/09,46127000.0,682300.0,2786.1897,531150000.0,73.11,187520.0,33.8,2024579.26
2024-11-01,1403/08/11,46593000.0,694800.0,2735.155,542100000.0,73.1,190460.0,32.425,2024579.26
2024-11-02,1403/08/12,46790000.0,693250.0,2735.155,536150000.0,73.1,189890.0,32.425,2024579.26
2024-11-03,1403/08/13,46185000.0,689600.0,2735.155,524250000.0,75.12,188620.0,32.425,2024579.26
2024-11-04,1403/08/14,46097000.0,688900.0,2736.3899,522700000.0,75.66,188470.0,32.4569,2024579.26
2024-11-05,1403/08/15,45709000.0,696250.0,2743.5901,522750000.0,75.16,190240.0,32.6599,2024579.26
2024-11-06,1403/08/16,45432000.0,690450.0,2659.24,518800000.0,75.5,188340.0,31.1647,2024579.26
2024-11-08,1403/08/18,45467000.0,692200.0,2683.77,509450000.0,73.87,188920.0,31.29,2024579.26
2024-11-09,1403/08/19,44458000.0,682650.0,2683.77,499050000.0,73.87,186650.0,31.29,2024579.26
2024-11-10,1403/08/20,42463000.0,669200.0,2683.77,478850000.0,71.95,183030.0,31.29,2192459.6
2024-11-11,1403/08/21,43223000.0,678200.0,2620.2,498900000.0,71.94,185930.0,30.68,2192459.6
2024-11-12,1403/08/22,43744000.0,684400.0,2597.27,507700000.0,72.0,187610.0,30.7078,2192459.6
2024-11-13,1403/08/23,42983000.0,683300.0,2573.78,499150000.0,72.42,187320.0,30.3303,2192459.6
2024-11-15,1403/08/25,42962000.0,682400.0,2561.24,499450000.0,71.04,187150.0,30.213,2192459.6
2024-11-16,1403/08/26,42872000.0,681750.0,2561.24,500750000.0,71.04,187380.0,30.213,2211820.98
2024-11-17,1403/08/27,43569000.0,684450.0,2561.24,503850000.0,73.4,187210.0,30.213,2255452.26
2024-11-18,1403/08/28,44361000.0,689050.0,2612.2,515400000.0,73.45,188330.0,31.1621,2269704.23
2024-11-19,1403/08/29,44950000.0,689300.0,2631.6799,518650000.0,73.05,188730.0,31.2136,2257613.78
2024-11-20,1403/08/30,45197000.0,692250.0,2650.05,526200000.0,74.31,189180.0,30.8614,2257613.78
2024-11-22,1403/09/02,46605000.0,699050.0,2712.55,531450000.0,75.17,192390.0,31.3114,2282058.78
2024-11-23,1403/09/03,45677000.0,689600.0,2712.55,517250000.0,74.63,188740.0,31.3114,2331194.73
2024-11-24,1403/09/04,44735000.0,693700.0,2712.55,517200000.0,72.56,189850.0,31.3114,2389125.37
2024-11-25,1403/09/05,44703000.0,695950.0,2625.26,512350000.0,72.42,190530.0,30.2931,2414976.66
2024-11-26,1403/09/06,45111000.0,699050.0,2631.8899,514200000.0,72.29,191260.0,30.42,2426155.76
2024-11-27,1403/09/07,45631000.0,701400.0,2635.51,517550000.0,72.68,192290.0,30.0753,2426155.76
2024-11-29,1403/09/09,45795000.0,704000.0,2653.5459,519150000.0,72.94,193630.0,30.6,2414969.03
2024-11-30,1403/09/10,45649000.0,699000.0,2653.5459,511800000.0,72.94,192590.0,30.6,2399449.72
2024-12-01,1403/09/11,45919000.0,704150.0,2653.5459,516250000.0,71.78,194280.0,30.6,2460408.31
2024-12-02,1403/09/12,46217000.0,710950.0,2638.9299,515700000.0,73.69,195740.0,30.5021,2489360.41
2024-12-03,1403/09/13,46866000.0,714800.0,2643.4399,523450000.0,72.62,196770.0,31.0254,2501777.67
2024-12-06,1403/09/16,46150000.0,715600.0,2632.9099,517900000.0,71.12,196680.0,30.9773,2501777.67
2024-12-07,1403/09/17,46579000.0,719200.0,2632.9099,522550000.0,71.12,197750.0,30.9773,2501777.67
2024-12-08,1403/09/18,46942000.0,718850.0,2632.9099,523100000.0,71.95,197730.0,30.9773,2501777.67
2024-12-09,1403/09/19,47579000.0,723200.0,2658.78,525600000.0,72.0,198810.0,31.81,2788210.32
2024-12-10,1403/09/20,48613000.0,731950.0,2693.6399,535800000.0,73.74,196013.0,31.9,2788210.32
2024-12-11,1403/09/21,48182000.0,729600.0,2717.9299,533700000.0,73.62,200540.0,31.9019,2788210.32
2024-12-13,1403/09/23,48676000.0,747150.0,2648.3899,539850000.0,74.49,205150.0,30.565,2788210.32
2024-12-14,1403/09/24,48535000.0,747100.0,2648.3899,539900000.0,74.49,205350.0,30.565,2788210.32
2024-12-15,1403/09/25,49417000.0,759500.0,2648.3899,549700000.0,73.78,208640.0,30.565,2788210.32
2024-12-16,1403/09/26,49124000.0,766300.0,2652.5,550100000.0,73.28,210150.0,30.5233,2788210.32
2024-12-17,1403/09/27,49694000.0,773650.0,2645.54,550400000.0,73.05,212080.0,30.5348,2788210.32
2024-12-18,1403/09/28,48710000.0,767550.0,2587.6299,544050000.0,72.68,210330.0,29.3607,2788210.32
2024-12-20,1403/09/30,48918000.0,762400.0,2620.77,536500000.0,72.94,209070.0,29.5138,2788210.32
2024-12-21,1403/10/01,49071000.0,762800.0,2620.77,538450000.0,72.56,208960.0,29.5138,2788210.32
2024-12-22,1403/10/02,49872000.0,778800.0,2620.77,550750000.0,72.45,212950.0,29.5138,2788210.32
2024-12-23,1403/10/03,50493000.0,786600.0,2612.9299,557350000.0,73.22,217440.0,29.647,2788210.32
2024-12-24,1403/10/04,50777000.0,785950.0,2613.2,557400000.0,73.22,217320.0,29.61,2788210.32
2024-12-25,1403/10/05,51432000.0,793850.0,2613.2,560700000.0,72.72,219810.0,29.61,2788210.32
2024-12-27,1403/10/07,52630000.0,810600.0,2620.0,576200000.0,74.17,223230.0,29.3695,2788210.32
2024-12-28,1403/10/08,51612000.0,797150.0,2620.0,562100000.0,73.79,219540.0,29.3695,2788210.32
2024-12-29,1403/10/09,52305000.0,813200.0,2620.0,568200000.0,73.91,223490.0,29.3695,2788210.32
2024-12-30,1403/10/10,52413000.0,813050.0,2605.3899,566300000.0,74.42,223930.0,28.9443,2788210.32
2024-12-31,1403/10/11,52185000.0,812300.0,2623.812,562200000.0,74.42,223850.0,28.8738,2788210.32
2025-01-01,1403/10/12,51956000.0,806350.0,2623.812,562950000.0,75.99,222200.0,28.8738,2788210.32
2025-01-03,1403/10/14,51564000.0,798350.0,2639.1201,552800000.0,76.51,219970.0,29.6189,2849940.19
2025-01-04,1403/10/15,51206000.0,795450.0,2639.1201,554250000.0,76.51,219130.0,29.6189,2849940.19
2025-01-05,1403/10/16,51174000.0,793450.0,2639.1201,550150000.0,76.26,218660.0,29.6189,2849940.19
2025-01-06,1403/10/17,52240000.0,800800.0,2635.3257,558900000.0,77.17,220730.0,29.9475,2849940.19
2025-01-07,1403/10/18,52718000.0,804100.0,2649.49,561300000.0,76.27,221630.0,30.01,2849940.19
2025-01-08,1403/10/19,52850000.0,813900.0,2662.0601,564700000.0,77.21,223770.0,30.1165,2849940.19
2025-01-10,1403/10/21,53535000.0,819500.0,2689.6299,569750000.0,79.76,225170.0,30.4015,2804034.96
2025-01-11,1403/10/22,52834000.0,806650.0,2689.6299,564150000.0,79.76,221640.0,30.4015,2804034.96
2025-01-12,1403/10/23,53284000.0,814600.0,2689.6299,569200000.0,81.03,223830.0,30.4015,2804034.96
2025-01-14,1403/10/25,52587000.0,804850.0,2677.1599,561250000.0,82.39,221370.0,29.8944,2804034.96
2025-01-15,1403/10/26,52298000.0,800700.0,2695.8201,559300000.0,81.24,220150.0,30.6598,2804034.96
2025-01-17,1403/10/28,52538000.0,805300.0,2701.55,559700000.0,80.79,221400.0,30.3372,2804034.96
2025-01-18,1403/10/29,52478000.0,806700.0,2701.55,558750000.0,80.79,221710.0,30.3372,2804034.96
2025-01-19,1403/10/30,52797000.0,810200.0,2701.55,563850000.0,79.92,222710.0,30.3372,2804034.96
2025-01-20,1403/11/01,54117000.0,823350.0,2708.0559,579050000.0,79.48,226340.0,30.49,2804034.96
2025-01-21,1403/11/02,54824000.0,825700.0,2744.3899,590100000.0,79.01,226860.0,30.8584,2804034.96
2025-01-22,1403/11/03,55163000.0,839050.0,2755.0225,602900000.0,77.93,230490.0,30.7962,2804034.96
2025-01-24,1403/11/05,55586000.0,833900.0,2771.3,604050000.0,78.5,229130.0,30.6054,2804034.96
2025-01-25,1403/11/06,56103000.0,838800.0,2771.3,609700000.0,77.55,230530.0,30.6054,2804034.96
2025-01-26,1403/11/07,55990000.0,839300.0,2771.3,610200000.0,76.2,230610.0,30.6054,2804034.96
2025-01-28,1403/11/09,55345000.0,832300.0,2763.1101,602100000.0,75.8,228730.0,30.3916,2804034.96
2025-01-29,1403/11/10,55828000.0,835100.0,2757.71,605050000.0,76.03,229440.0,30.8165,2804034.96
2025-01-31,1403/11/12,56763000.0,837650.0,2801.0,616950000.0,75.67,230240.0,31.3037,2804034.96
2025-02-01,1403/11/13,56645000.0,840500.0,2801.0,617800000.0,75.67,230840.0,31.3037,2804034.96
2025-02-02,1403/11/14,57045000.0,838650.0,2801.0,624850000.0,75.82,230450.0,31.3037,2804034.96
2025-02-03,1403/11/15,57712000.0,845950.0,2813.49,648150000.0,75.89,232360.0,31.5522,2804034.96
2025-02-04,1403/11/16,59023000.0,852700.0,2841.9399,678100000.0,74.77,234530.0,32.0937,2804034.96
2025-02-05,1403/11/17,59642000.0,854600.0,2865.0901,689950000.0,74.22,235010.0,32.3116,2804034.96
2025-02-07,1403/11/19,63273000.0,889600.0,2860.3899,736900000.0,74.66,244410.0,31.816,2804034.96
2025-02-08,1403/11/20,66201000.0,913650.0,2860.3899,783100000.0,74.66,250950.0,31.816,2821666.17
2025-02-10,1403/11/22,63948000.0,881500.0,2907.3401,731950000.0,77.0,243240.0,32.041,2784343.92
2025-02-11,1403/11/23,63827000.0,883500.0,2898.3391,720900000.0,75.14,243760.0,31.8245,2784343.92
2025-02-12,1403/11/24,65504000.0,890600.0,2903.6599,747200000.0,75.11,245080.0,32.2188,2784343.92
2025-02-14,1403/11/26,65430000.0,906150.0,2883.1799,742950000.0,74.74,249480.0,32.1367,2726564.86
2025-02-15,1403/11/27,65090000.0,907050.0,2883.1799,739950000.0,74.74,249590.0,32.1367,2678885.2
2025-02-16,1403/11/28,64735000.0,908200.0,2883.1799,733850000.0,75.28,249890.0,32.1367,2701040.65
2025-02-17,1403/11/29,65822000.0,919950.0,2897.655,749900000.0,75.79,253140.0,32.79,2719338.74
2025-02-18,1403/11/30,67565000.0,921700.0,2935.5801,767100000.0,76.05,253580.0,32.8691,2732228.32
2025-02-19,1403/12/01,69034000.0,930700.0,2932.6399,782100000.0,76.5,256020.0,32.7187,2732228.32
2025-02-21,1403/12/03,67923000.0,935800.0,2936.03,778050000.0,74.43,257410.0,32.5377,2714126.52
2025-02-22,1403/12/04,67415000.0,927400.0,2936.03,766100000.0,74.05,255040.0,32.5377,2735823.13
2025-02-23,1403/12/05,66568000.0,913150.0,2936.03,761050000.0,74.35,251800.0,32.5377,2792687.06
2025-02-24,1403/12/06,65806000.0,918300.0,2951.1899,760100000.0,72.69,253240.0,32.3474,2840956.46
2025-02-25,1403/12/07,67184000.0,925950.0,2915.1201,765050000.0,72.19,255230.0,31.7275,2843968.31
2025-02-26,1403/12/08,66300000.0,925200.0,2916.1899,755100000.0,73.42,255010.0,31.8397,2843968.31
2025-02-28,1403/12/10,64358000.0,921600.0,2858.6001,744800000.0,72.81,253490.0,31.1524,2854314.78
2025-03-01,1403/12/11,65111000.0,922300.0,2858.6001,753100000.0,72.81,253830.0,31.1524,2870947.58
2025-03-02,1403/12/12,63774000.0,907350.0,2858.6001,742800000.0,71.33,249730.0,31.1524,2813454.84
2025-03-03,1403/12/13,64354000.0,904800.0,2893.71,752900000.0,71.26,249080.0,31.6841,2805344.07
2025-03-04,1403/12/14,63915000.0,884900.0,2917.49,739050000.0,69.36,243670.0,31.9794,2789970.5
2025-03-05,1403/12/15,63786000.0,891700.0,2918.8401,746900000.0,69.54,245390.0,32.6237,2789970.5
2025-03-07,1403/12/17,66358000.0,912200.0,2910.79,763050000.0,70.36,251020.0,32.5274,2756970.28
2025-03-08,1403/12/18,67182000.0,922100.0,2910.79,786050000.0,70.36,253720.0,32.5274,2722174.29
2025-03-09,1403/12/19,67341000.0,923850.0,2910.79,781800000.0,69.22,254360.0,32.5274,2724772.4
2025-03-10,1403/12/20,66746000.0,922850.0,2889.3975,774050000.0,69.83,254030.0,32.11,2688503.54
2025-03-11,1403/12/21,67258000.0,926800.0,2916.0376,787100000.0,70.97,254940.0,32.93,2694660.6
2025-03-12,1403/12/22,68110000.0,923050.0,2932.0569,800100000.0,69.88,253910.0,33.23,2694660.6
2025-03-14,1403/12/24,68713000.0,911350.0,2984.416,799850000.0,70.58,250750.0,33.78,2737429.41
2025-03-15,1403/12/25,73794000.0,931300.0,2984.416,845050000.0,70.58,256300.0,33.78,2753661.09
2025-03-16,1403/12/26,76978000.0,943200.0,2984.416,905100000.0,71.04,259440.0,33.78,2744110.94
2025-03-17,1403/12/27,81094000.0,977800.0,3001.4695,970050000.0,70.51,268950.0,33.84,2709764.1
2025-03-24,1404/01/04,79388000.0,1017850.0,3012.2722,968950000.0,72.51,279790.0,32.993,2740716.18
2025-03-25,1404/01/05,79949000.0,1019200.0,3019.855,968800000.0,73.24,280040.0,33.745,2766290.4
2025-03-26,1404/01/06,81142000.0,1021900.0,3019.2876,989900000.0,73.29,280840.0,33.71,2766290.4
2025-03-28,1404/01/08,82814000.0,1038950.0,3084.0283,1030100000.0,72.76,285590.0,34.11,2778057.34
2025-03-29,1404/01/09,81817000.0,1027800.0,3084.0283,1024000000.0,72.76,283110.0,34.11,2810706.78
2025-04-02,1404/01/13,82382000.0,1027800.0,3133.5713,1020050000.0,69.93,283110.0,34.03,2810706.78
2025-04-04,1404/01/15,77105000.0,1025650.0,3037.3562,926900000.0,65.58,280900.0,29.555,2795326.19
2025-04-05,1404/01/16,79863000.0,1045200.0,3037.3562,960050000.0,65.58,285480.0,29.555,2773820.76
2025-04-06,1404/01/17,78236000.0,1055550.0,3037.3562,972050000.0,64.4,288420.0,29.555,2746860.04
2025-04-07,1404/01/18,73644000.0,997950.0,2982.5398,914900000.0,61.83,272690.0,30.12,2806102.75
2025-04-08,1404/01/19,75431000.0,999700.0,2983.7825,894800000.0,65.59,273180.0,29.84,2830538.62
2025-04-09,1404/01/20,76398000.0,1008900.0,3082.1814,916050000.0,63.54,275690.0,31.03,2830538.62
2025-04-11,1404/01/22,73782000.0,962150.0,3236.2124,885100000.0,64.76,262890.0,32.254,2845797.48
2025-04-12,1404/01/23,66432000.0,859900.0,3236.2124,783100000.0,64.76,234090.0,32.254,2908647.68
2025-04-13,1404/01/24,67579000.0,880800.0,3236.2124,796100000.0,65.0,240820.0,32.254,2971211.21
2025-04-14,1404/01/25,67332000.0,879800.0,3209.2849,809800000.0,64.79,240660.0,32.345,2943603.12
2025-04-15,1404/01/26,69754000.0,877000.0,3227.605,804800000.0,65.93,239280.0,32.3,2966904.63
2025-04-16,1404/01/27,68710000.0,855950.0,3343.2224,792850000.0,67.61,234040.0,32.7451,2966904.63
2025-04-18,1404/01/29,65644000.0,831900.0,3327.54,760100000.0,67.96,227770.0,32.59,3012867.33
2025-04-19,1404/01/30,65543000.0,827900.0,3327.54,742100000.0,67.96,226380.0,32.59,3077923.9
2025-04-20,1404/01/31,66330000.0,819750.0,3327.54,756100000.0,66.6,224280.0,32.59,3137327.65
2025-04-21,1404/02/01,65693000.0,808350.0,3424.3025,724850000.0,67.33,221150.0,32.705,3132631.14
2025-04-22,1404/02/02,65065000.0,808750.0,3382.54,727050000.0,66.19,221150.0,32.545,3136733.73
2025-04-25,1404/02/05,66531000.0,823600.0,3319.45,740100000.0,66.87,225750.0,33.105,3151912.3
2025-04-26,1404/02/06,66940000.0,827000.0,3319.45,740100000.0,65.8,226200.0,33.105,3117241.91
2025-04-27,1404/02/07,65347000.0,812650.0,3319.45,722800000.0,64.61,222320.0,33.105,3129577.9
2025-04-28,1404/02/08,64910000.0,809650.0,3341.6699,725050000.0,63.13,221500.0,33.195,3136305.58
2025-04-29,1404/02/09,64869000.0,813900.0,3317.1799,720100000.0,61.14,222610.0,32.99,3178649.01
2025-04-30,1404/02/10,64174000.0,819450.0,3288.5901,721100000.0,61.86,224150.0,32.62,3178649.01
2025-05-02,1404/02/12,67759000.0,856900.0,3240.8799,757100000.0,61.29,234300.0,32.005,3116798.4
2025-05-03,1404/02/13,68068000.0,858700.0,3240.8799,779050000.0,61.29,234900.0,32.005,3092797.71
2025-05-04,1404/02/14,67798000.0,844400.0,3240.8799,767050000.0,60.28,230890.0,32.005,3097608.67
2025-05-05,1404/02/15,66889000.0,824650.0,3334.5,751050000.0,62.1,225650.0,32.525,3110819.64
2025-05-06,1404/02/16,66683000.0,820500.0,3430.21,741600000.0,60.94,224490.0,33.265,3169504.23
2025-05-07,1404/02/17,66958000.0,830600.0,3365.21,749950000.0,63.03,227320.0,32.495,3169504.23
2025-05-09,1404/02/19,67189000.0,835500.0,3324.6299,753600000.0,63.91,228530.0,32.7227,3115508.04
2025-05-10,1404/02/20,66482000.0,831950.0,3324.6299,750850000.0,63.91,227580.0,32.7227,3091092.29
2025-05-11,1404/02/21,65411000.0,834900.0,3324.6299,739050000.0,65.06,228370.0,32.7227,3170888.81
2025-05-12,1404/02/22,65822000.0,835000.0,3234.7,741900000.0,66.53,228370.0,32.6088,3206845.42
2025-05-13,1404/02/23,64605000.0,832100.0,3248.47,733600000.0,65.8,227720.0,32.915,3236943.2
2025-05-14,1404/02/24,64347000.0,831100.0,3178.75,733850000.0,64.66,227450.0,32.235,3236943.2
2025-05-16,1404/02/26,63098000.0,823350.0,3202.77,715850000.0,65.41,225240.0,32.285,3241273.42
2025-05-17,1404/02/27,62207000.0,818000.0,3202.77,707100000.0,65.41,223770.0,32.285,3252219.41
2025-05-18,1404/02/28,62567000.0,818550.0,3202.77,713850000.0,65.53,224000.0,32.285,3225561.67
2025-05-19,1404/02/29,65926000.0,840650.0,3229.8501,744600000.0,65.65,230020.0,32.3725,3166989.11
2025-05-20,1404/02/30,64818000.0,831900.0,3290.1201,734050000.0,64.65,227550.0,33.0926,3108118.99
2025-05-21,1404/02/31,65317000.0,827100.0,3314.99,740050000.0,64.03,226340.0,33.4025,3108118.99
2025-05-23,1404/03/02,65688000.0,829150.0,3357.4199,738450000.0,64.78,226860.0,33.505,3134383.27
2025-05-24,1404/03/03,65363000.0,823500.0,3357.4199,734400000.0,64.21,225290.0,33.505,3102012.78
2025-05-25,1404/03/04,64813000.0,822500.0,3357.4199,730100000.0,64.18,225030.0,33.505,3109345.77
2025-05-26,1404/03/05,64603000.0,828300.0,3342.9399,730100000.0,63.77,226560.0,33.425,3134259.93
2025-05-27,1404/03/06,64423000.0,826850.0,3300.6799,730600000.0,64.05,226200.0,33.325,3129403.18
2025-05-28,1404/03/07,64400000.0,822700.0,3289.76,723850000.0,63.34,225060.0,33.02,3129403.18
2025-05-30,1404/03/09,64423000.0,827400.0,3289.3999,720900000.0,62.78,226260.0,32.995,3143363.45
2025-05-31,1404/03/10,64160000.0,822500.0,3289.3999,714050000.0,62.78,224920.0,32.995,3106994.91
2025-06-01,1404/03/11,66053000.0,823650.0,3289.3999,730100000.0,65.22,225340.0,32.995,3125266.72
2025-06-02,1404/03/12,66173000.0,823850.0,3380.21,738850000.0,65.58,225310.0,34.815,3101955.06
2025-06-06,1404/03/16,64278000.0,820700.0,3310.1699,724100000.0,66.47,224070.0,35.98,3041620.22
2025-06-07,1404/03/17,65003000.0,822850.0,3310.1699,729050000.0,66.47,225060.0,35.98,3035752.31
2025-06-08,1404/03/18,65513000.0,824950.0,3310.1699,734100000.0,67.08,225590.0,35.98,2989578.7
2025-06-09,1404/03/19,64610000.0,819100.0,3328.3301,726900000.0,66.75,224090.0,36.7564,2988256.37
2025-06-10,1404/03/20,65887000.0,827400.0,3323.02,733850000.0,69.56,226380.0,36.585,2984605.44
2025-06-11,1404/03/21,67741000.0,835350.0,3353.8401,758900000.0,69.76,228470.0,36.25,2984605.44
2025-06-25,1404/04/04,67189000.0,836800.0,3332.46,769900000.0,66.8,231400.0,36.325,2922629.09
2025-06-27,1404/04/06,67441000.0,845700.0,3274.25,769900000.0,66.8,231400.0,36.005,2922629.09
2025-06-28,1404/04/07,70675000.0,881200.0,3274.25,794950000.0,66.8,241080.0,36.005,2844743.28
2025-06-29,1404/04/08,73563000.0,906950.0,3274.25,835100000.0,66.68,248030.0,36.005,2789093.75
2025-06-30,1404/04/09,74073000.0,917200.0,3303.6899,850100000.0,67.42,250400.0,36.105,2731681.89
2025-07-01,1404/04/10,74997000.0,913900.0,3339.21,829950000.0,68.94,249890.0,36.085,2731681.89
2025-07-02,1404/04/11,74371000.0,916000.0,3357.3601,844850000.0,68.93,250430.0,36.615,2731681.89
2025-07-06,1404/04/15,71388000.0,883700.0,3336.6399,795050000.0,69.68,241740.0,36.935,2731681.89
2025-07-07,1404/04/16,69324000.0,870400.0,3335.6101,770050000.0,70.12,237990.0,36.7638,2637550.86
2025-07-08,1404/04/17,70331000.0,878300.0,3300.7,780050000.0,70.13,240240.0,36.805,2637550.86
2025-07-09,1404/04/18,70553000.0,882850.0,3313.72,789950000.0,68.91,241380.0,36.36,2637550.86
2025-07-11,1404/04/20,69664000.0,870900.0,3355.9099,784900000.0,70.36,238090.0,38.3751,2677658.32
2025-07-12,1404/04/21,71557000.0,889000.0,3355.9099,801850000.0,70.36,242990.0,38.3751,2707705.02
2025-07-14,1404/04/23,71261000.0,894200.0,3343.8,809900000.0,69.19,244840.0,38.16,2734260.33
2025-07-15,1404/04/24,71275000.0,888400.0,3322.6299,798050000.0,68.78,242880.0,37.74,2785692.61
2025-07-16,1404/04/25,70818000.0,887400.0,3346.5801,795050000.0,69.56,242660.0,37.965,2785692.61
2025-07-18,1404/04/27,69851000.0,875600.0,3350.3999,780100000.0,69.28,239490.0,38.195,2801514.64
2025-07-19,1404/04/28,69451000.0,867600.0,3350.3999,774850000.0,69.28,237340.0,38.195,2824277.42
2025-07-20,1404/04/29,70786000.0,878950.0,3350.3999,779900000.0,69.0,240130.0,38.195,2838901.96
2025-07-21,1404/04/30,71825000.0,881100.0,3395.8,794950000.0,68.85,241040.0,38.94,2843904.05
2025-07-22,1404/04/31,71344000.0,879900.0,3431.5,796850000.0,68.33,240570.0,39.305,2836979.62
2025-07-23,1404/05/01,71070000.0,884400.0,3387.78,794850000.0,69.25,241890.0,39.305,2836979.62
2025-07-25,1404/05/03,70086000.0,880500.0,3337.1799,778900000.0,68.44,240720.0,38.17,2825157.52
2025-07-26,1404/05/04,70255000.0,880000.0,3337.1799,784800000.0,67.66,240660.0,38.17,2811281.93
2025-07-27,1404/05/05,71224000.0,892050.0,3337.1799,796950000.0,69.65,243830.0,38.17,2768848.37
2025-07-28,1404/05/06,71441000.0,892500.0,3314.6399,791850000.0,71.92,244040.0,38.19,2733889.83
2025-07-29,1404/05/07,71485000.0,896000.0,3326.8401,797850000.0,72.71,244970.0,38.215,2681859.14
2025-07-30,1404/05/08,72109000.0,905600.0,3275.25,806800000.0,71.85,247600.0,37.15,2681859.14
2025-08-01,1404/05/10,73981000.0,911800.0,3362.8799,834850000.0,69.67,249350.0,37.045,2655177.24
2025-08-02,1404/05/11,75248000.0,924000.0,3362.8799,841800000.0,69.67,252680.0,37.045,2639421.14
2025-08-03,1404/05/12,76724000.0,938000.0,3362.8799,854850000.0,68.62,256410.0,37.045,2624673.28
2025-08-04,1404/05/13,76410000.0,934100.0,3373.3701,847900000.0,67.64,255170.0,37.4173,2589428.17
2025-08-05,1404/05/14,75927000.0,929600.0,3381.27,843050000.0,66.64,253990.0,37.86,2554877.26
2025-08-06,1404/05/15,75934000.0,934500.0,3369.04,845900000.0,66.36,255400.0,37.875,2554877.26
2025-08-09,1404/05/18,74577000.0,918300.0,3398.78,829950000.0,66.14,251140.0,38.35,2571049.05
2025-08-10,1404/05/19,74923000.0,920000.0,3398.78,829900000.0,66.14,251480.0,38.35,2562315.12
2025-08-11,1404/05/20,74964000.0,932750.0,3344.8301,833800000.0,66.71,255040.0,37.6091,2540766.81
2025-08-12,1404/05/21,74496000.0,924900.0,3346.2,830100000.0,66.11,252890.0,37.915,2510160.43
2025-08-13,1404/05/22,76237000.0,936700.0,3354.73,839800000.0,65.75,256150.0,38.52,2510160.43
2025-08-16,1404/05/25,74018000.0,927600.0,3335.3899,831950000.0,65.85,253570.0,38.015,2454394.42
2025-08-17,1404/05/26,75131000.0,932900.0,3335.3899,834950000.0,65.85,255080.0,38.015,2500131.74
2025-08-18,1404/05/27,75869000.0,938500.0,3330.55,842800000.0,66.56,256650.0,38.035,2513420.86
2025-08-19,1404/05/28,75932000.0,933450.0,3315.46,839900000.0,65.97,255200.0,37.395,2494135.26
2025-08-20,1404/05/29,77352000.0,937500.0,3347.1101,852100000.0,67.02,256300.0,37.9087,2475213.34
2025-08-21,1404/05/30,78453000.0,950600.0,3338.8101,865050000.0,67.59,259830.0,38.19,2475213.34
2025-08-23,1404/06/01,77647000.0,941000.0,3372.1101,862100000.0,67.73,257250.0,38.8475,2470967.69
2025-08-25,1404/06/03,78617000.0,958000.0,3366.79,871800000.0,68.15,261850.0,38.575,2438038.76
2025-08-26,1404/06/04,79674000.0,966500.0,3392.8799,865050000.0,66.8,264160.0,38.615,2416298.07
2025-08-27,1404/06/05,82964000.0,1000000.0,3397.4199,915050000.0,67.24,274570.0,38.6385,2431039.36
2025-08-28,1404/06/06,83435000.0,989000.0,3417.2,935050000.0,67.68,274200.0,39.095,2431039.36
2025-08-30,1404/06/08,86118000.0,1026200.0,3448.0,954900000.0,67.48,281850.0,39.695,2395694.65
2025-08-31,1404/06/09,89407000.0,1048300.0,3448.0,975100000.0,67.48,287890.0,39.695,2430150.28
2025-09-02,1404/06/11,87692000.0,1032000.0,3533.73,935050000.0,69.08,283390.0,40.915,2477159.06
2025-09-03,1404/06/12,87602000.0,1025700.0,3559.4299,937900000.0,67.55,280870.0,41.215,2523539.18
2025-09-04,1404/06/13,86148000.0,1014400.0,3546.1699,920100000.0,66.81,277970.0,40.695,2523539.18
2025-09-06,1404/06/15,87646000.0,1029800.0,3586.8101,929800000.0,65.5,281390.0,41.005,2542851.08
2025-09-07,1404/06/16,88198000.0,1026800.0,3586.8101,932100000.0,65.5,280670.0,41.005,2570656.98
2025-09-08,1404/06/17,88066000.0,1011000.0,3635.8401,932800000.0,66.21,276310.0,41.355,2623296.18
2025-09-09,1404/06/18,88502000.0,1008300.0,3626.48,939900000.0,66.43,275660.0,40.905,2629182.76
2025-09-11,1404/06/20,86342000.0,993000.0,3634.0901,925100000.0,66.27,271450.0,41.585,2629182.76
2025-09-13,1404/06/22,84624000.0,976850.0,3643.1299,904850000.0,66.99,267020.0,42.195,2630492.9
2025-09-14,1404/06/23,84254000.0,979800.0,3643.1299,912850000.0,66.99,267870.0,42.195,2676990.56
2025-09-15,1404/06/24,86803000.0,992550.0,3679.1299,927850000.0,67.49,271210.0,42.735,2677044.78
2025-09-16,1404/06/25,88415000.0,996450.0,3689.8,942800000.0,68.5,272430.0,42.57,2630807.8
2025-09-17,1404/06/26,88399000.0,992350.0,3660.04,940050000.0,67.97,271250.0,41.68,2593170.56
2025-09-18,1404/06/27,87410000.0,988450.0,3644.3601,937900000.0,67.52,270180.0,41.825,2593170.56
2025-09-20,1404/06/29,92356000.0,1026100.0,3684.98,994850000.0,66.68,280490.0,43.105,2542595.36
2025-09-21,1404/06/30,96742000.0,1058600.0,3684.98,1029900000.0,66.68,289330.0,43.105,2504453.28
2025-09-22,1404/06/31,93605000.0,1040000.0,3746.47,1009950000.0,66.61,284210.0,44.105,2540173.63
2025-09-23,1404/07/01,96511000.0,1034900.0,3764.1899,1034950000.0,67.57,282850.0,44.04,2544273.48
2025-09-24,1404/07/02,99482000.0,1072050.0,3736.29,1069800000.0,69.16,293110.0,43.935,2524256.05
2025-09-25,1404/07/03,99757000.0,1082900.0,3749.3701,1084900000.0,69.6,296190.0,45.245,2524256.05
2025-09-27,1404/07/05,103571000.0,1101200.0,3760.24,1124950000.0,70.13,308000.0,46.0262,2577526.31
2025-09-28,1404/07/06,101595000.0,1105200.0,3760.24,1074850000.0,69.22,302570.0,46.0262,2639372.97
2025-09-29,1404/07/07,104603000.0,1120400.0,3833.9299,1120050000.0,66.77,306350.0,46.955,2700533.41
2025-09-30,1404/07/08,106741000.0,1141300.0,3858.51,1135100000.0,66.19,311870.0,46.695,2735177.17
2025-10-01,1404/07/09,109066000.0,1154400.0,3865.8,1149800000.0,65.41,314490.0,47.345,2728484.96
2025-10-02,1404/07/10,110813000.0,1178600.0,3856.53,1170100000.0,64.28,321110.0,46.99,2728484.96
2025-10-04,1404/07/12,109548000.0,1153800.0,3886.8301,1148050000.0,64.53,314370.0,47.9975,2793333.85
2025-10-05,1404/07/13,106041000.0,1138700.0,3886.8301,1121900000.0,64.53,310150.0,47.9975,2854059.46
2025-10-06,1404/07/14,105309000.0,1111600.0,3961.0901,1125050000.0,65.58,302830.0,48.555,2890697.33
2025-10-07,1404/07/15,109299000.0,1139700.0,3983.8201,1150050000.0,65.74,310350.0,47.845,2932143.1
2025-10-08,1404/07/16,113729000.0,1156900.0,4038.8999,1174800000.0,66.16,314980.0,48.905,2926059.19
2025-10-09,1404/07/17,111427000.0,1132850.0,3976.29,1153050000.0,65.11,308650.0,49.14,2926059.19
2025-10-11,1404/07/19,109227000.0,1127000.0,4018.3,1139800000.0,62.73,306950.0,50.295,2950342.59
2025-10-12,1404/07/20,108424000.0,1121400.0,4018.3,1136950000.0,62.73,305500.0,50.295,3018752.14
2025-10-13,1404/07/21,109345000.0,1112000.0,4110.7002,1133050000.0,63.4,302900.0,52.3499,3042933.8
2025-10-14,1404/07/22,108433000.0,1088900.0,4142.3101,1122900000.0,62.25,296480.0,51.47,3016113.64
2025-10-15,1404/07/23,111700000.0,1095800.0,4208.5801,1142100000.0,62.41,298380.0,53.095,2974531.38
2025-10-16,1404/07/24,112741000.0,1102500.0,4326.1802,1151800000.0,61.12,300250.0,54.275,2974531.38
2025-10-18,1404/07/26,108477000.0,1065000.0,4249.98,1128100000.0,61.29,290110.0,51.9087,3048978.44
2025-10-19,1404/07/27,110818000.0,1083400.0,4249.98,1150100000.0,61.29,295060.0,51.9087,3087820.24
2025-10-20,1404/07/28,109742000.0,1064100.0,4356.5,1139050000.0,60.97,289660.0,52.495,3056677.31
2025-10-21,1404/07/29,109121000.0,1088900.0,4125.1001,1131950000.0,61.62,296480.0,48.765,3052285.93
2025-10-22,1404/07/30,108639000.0,1075600.0,4094.0701,1125100000.0,63.4,292790.0,48.545,3079823.96
2025-10-23,1404/08/01,108953000.0,1084800.0,4126.1699,1136900000.0,65.87,295510.0,48.945,3079823.96
2025-10-25,1404/08/03,106494000.0,1070200.0,4112.1001,1125100000.0,65.94,291340.0,48.6125,3060106.96
2025-10-26,1404/08/04,107438000.0,1078400.0,4112.1001,1128550000.0,65.2,293600.0,48.6125,3084243.77
2025-10-27,1404/08/05,105453000.0,1079800.0,3981.5901,1115050000.0,65.17,294140.0,46.915,3127645.03
2025-10-28,1404/08/06,103527000.0,1069300.0,3952.5801,1096850000.0,63.65,291160.0,47.065,3175617.73
2025-10-29,1404/08/07,104550000.0,1069100.0,3930.3799,1107100000.0,64.24,291090.0,47.575,3209111.99
2025-10-30,1404/08/08,103818000.0,1073000.0,4024.47,1112800000.0,64.07,292240.0,48.93,3209111.99
2025-11-01,1404/08/10,106263000.0,1088700.0,4002.28,1114800000.0,64.77,296410.0,48.675,3207448.98
2025-11-02,1404/08/11,104970000.0,1083200.0,4002.28,1114950000.0,64.77,294890.0,48.675,3217613.37
2025-11-03,1404/08/12,104885000.0,1079700.0,4001.6699,1108900000.0,64.88,294080.0,48.105,3265335.31
2025-11-04,1404/08/13,104728000.0,1082150.0,3932.05,1112100000.0,64.35,294660.0,47.13,3224331.71
2025-11-05,1404/08/14,104686000.0,1078600.0,3982.6201,1109950000.0,63.55,293720.0,48.071,3202889.66
2025-11-06,1404/08/15,105019000.0,1078400.0,3977.8701,1114100000.0,63.55,293780.0,48.015,3202889.66
2025-11-08,1404/08/17,104307000.0,1078050.0,3999.72,1106100000.0,63.63,293600.0,48.3383,3224031.34
2025-11-09,1404/08/18,104550000.0,1078600.0,3999.72,1112100000.0,63.63,293700.0,48.3383,3151335.48
2025-11-10,1404/08/19,105711000.0,1076700.0,4115.8999,1119950000.0,64.04,293150.0,50.5472,3114579.59
2025-11-11,1404/08/20,110081000.0,1098400.0,4126.6802,1153100000.0,65.11,299090.0,51.2347,3106963.36
2025-11-12,1404/08/21,113972000.0,1126100.0,4198.73,1174850000.0,62.67,306630.0,53.4192,3098763.2
2025-11-13,1404/08/22,115583000.0,1125300.0,4171.46,1195050000.0,63.0,306610.0,52.3367,3098763.2
2025-11-15,1404/08/24,112259000.0,1128300.0,4079.5801,1167100000.0,64.39,307200.0,50.56,3105525.39
2025-11-16,1404/08/25,111070000.0,1121900.0,4079.5801,1151900000.0,64.39,305490.0,50.56,3139588.54
2025-11-17,1404/08/26,111829000.0,1124950.0,4044.6101,1160800000.0,64.11,306440.0,50.2143,3175112.56
2025-11-18,1404/08/27,111287000.0,1125500.0,4067.8799,1163100000.0,64.98,306500.0,50.7113,3160181.18
2025-11-19,1404/08/28,113459000.0,1133600.0,4081.6599,1174800000.0,63.52,308920.0,51.39,3168563.05
2025-11-20,1404/08/29,113494000.0,1135200.0,4077.5,1175050000.0,63.3,309190.0,50.6059,3168563.05
2025-11-22,1404/09/01,111252000.0,1129100.0,4065.8999,1162100000.0,62.56,307430.0,50.0365,3197705.35
2025-11-23,1404/09/02,112773000.0,1137600.0,4065.8999,1178100000.0,61.94,309710.0,50.0365,3251300.75
2025-11-25,1404/09/04,113556000.0,1134600.0,4131.1499,1175050000.0,61.92,308940.0,51.4407,3303819.58
2025-11-26,1404/09/05,114969000.0,1136400.0,4164.5898,1191950000.0,62.54,309440.0,53.3788,3282354.21
2025-11-27,1404/09/06,114691000.0,1141700.0,4157.5698,1190050000.0,62.92,310900.0,53.465,3282354.21
2025-11-29,1404/09/08,118343000.0,1158600.0,4230.6299,1228100000.0,62.38,315410.0,56.405,3273042.73
2025-11-30,1404/09/09,120541000.0,1173800.0,4230.6299,1242800000.0,63.2,319650.0,56.405,3274378.13
2025-12-01,1404/09/10,122102000.0,1189750.0,4232.73,1269100000.0,63.31,324060.0,57.9744,3314815.11
2025-12-02,1404/09/11,121208000.0,1186950.0,4208.1401,1257050000.0,62.39,323320.0,58.475,3340283.71
2025-12-03,1404/09/12,122953000.0,1204550.0,4206.2202,1279900000.0,62.71,327970.0,58.4867,3379856.28
2025-12-04,1404/09/13,122480000.0,1197050.0,4208.6899,1272950000.0,63.33,326040.0,57.135,3379856.28
2025-12-06,1404/09/15,124496000.0,1219950.0,4197.1299,1302800000.0,63.75,332180.0,58.2951,3446788.24
2025-12-07,1404/09/16,127065000.0,1240050.0,4197.1299,1320050000.0,63.75,337620.0,58.2951,3450595.46
2025-12-08,1404/09/17,127132000.0,1262800.0,4189.0498,1329900000.0,62.43,344060.0,58.1325,3482325.41
2025-12-09,1404/09/18,126797000.0,1248700.0,4209.54,1317950000.0,62.05,340200.0,60.6825,3507226.47
2025-12-10,1404/09/19,126818000.0,1249300.0,4228.5498,1325100000.0,62.7,340350.0,61.7981,3561477.16
2025-12-11,1404/09/20,128314000.0,1257500.0,4283.2798,1348050000.0,61.44,342460.0,63.578,3561477.16
2025-12-13,1404/09/22,133563000.0,1289900.0,4302.4302,1395100000.0,61.12,351190.0,62.0194,3628367.03
2025-12-14,1404/09/23,135251000.0,1296900.0,4302.4302,1410050000.0,61.12,353180.0,62.0194,3656074.69
2025-12-15,1404/09/24,136001000.0,1303600.0,4302.7002,1417950000.0,60.47,355070.0,63.9677,3728598.25
2025-12-16,1404/09/25,135422000.0,1298700.0,4303.7998,1400100000.0,58.88,353770.0,63.7914,3760937.65
2025-12-17,1404/09/26,139122000.0,1320700.0,4341.0801,1437950000.0,60.14,359690.0,66.32,3767482.92
2025-12-18,1404/09/27,137437000.0,1316300.0,4332.3999,1440100000.0,59.71,358530.0,65.4381,3767482.92
2025-12-20,1404/09/29,137887000.0,1322000.0,4338.5498,1422950000.0,60.47,360010.0,67.1663,3860983.11
2025-12-21,1404/09/30,136470000.0,1312250.0,4338.5498,1419900000.0,60.47,357380.0,67.1663,3898234.62
2025-12-22,1404/10/01,139395000.0,1329500.0,4445.9502,1442050000.0,62.14,361950.0,69.06,3909125.05
2025-12-23,1404/10/02,143204000.0,1347500.0,4488.8198,1478800000.0,62.51,367030.0,71.4549,3935777.58
2025-12-24,1404/10/03,145134000.0,1353900.0,4479.6401,1529850000.0,62.29,368830.0,71.9684,4028560.04
2025-12-25,1404/10/04,143573000.0,1343900.0,4495.3501,1509850000.0,62.29,366050.0,73.1275,4028560.04
2025-12-27,1404/10/06,153460000.0,1388300.0,4532.6299,1588100000.0,60.64,378140.0,79.1609,4099423.84
2025-12-28,1404/10/07,158154000.0,1419100.0,4532.6299,1650050000.0,60.24,390070.0,79.1609,4160624.52
2025-12-29,1404/10/08,143587000.0,1377200.0,4332.0801,1500050000.0,61.34,374970.0,72.2468,4123626.26
2025-12-30,1404/10/09,147546000.0,1395700.0,4346.5098,1554800000.0,61.33,380200.0,76.5,4021368.68
2025-12-31,1404/10/10,140997000.0,1355650.0,4315.0898,1490050000.0,60.91,369360.0,71.2928,4070064.37
2026-01-01,1404/10/11,141989000.0,1356800.0,4348.3501,1479900000.0,60.91,369660.0,72.6835,4070064.37
2026-01-04,1404/10/14,147241000.0,1379400.0,4330.5,1534800000.0,60.75,375790.0,72.66,4071036.17
2026-01-05,1404/10/15,156840000.0,1437600.0,4448.4702,1600100000.0,61.83,391710.0,76.56,4176084.88
2026-01-06,1404/10/16,160522000.0,1470150.0,4497.3398,1659950000.0,60.42,400610.0,81.2979,4287955.78
2026-01-07,1404/10/17,161282000.0,1475200.0,4453.04,1665100000.0,60.2,402070.0,78.1527,4360688.61
2026-01-08,1404/10/18,158084000.0,1460400.0,4476.73,1650050000.0,62.64,397890.0,76.9215,4360688.61
2026-01-10,1404/10/20,158560000.0,1455000.0,4510.4502,1650050000.0,63.34,396360.0,79.9724,4360688.61
2026-01-11,1404/10/21,158569000.0,1455400.0,4510.4502,1649950000.0,63.34,396470.0,79.9724,4360688.61
2026-01-12,1404/10/22,158578000.0,1455100.0,4594.0,1649800000.0,63.85,396510.0,84.9802,4360688.61
2026-01-13,1404/10/23,158578000.0,1455400.0,4588.0,1650100000.0,65.47,396560.0,86.9818,3981618.49
2026-01-14,1404/10/24,158569000.0,1455100.0,4620.8301,1650100000.0,64.4,396610.0,92.778,3981618.49
2026-01-15,1404/10/25,158576000.0,1455100.0,4614.9102,1650100000.0,63.51,396580.0,92.3425,3981618.49
2026-01-17,1404/10/27,158581000.0,1455100.0,4595.1001,1650050000.0,64.13,396390.0,89.9544,3981618.49
2026-01-18,1404/10/28,158578000.0,1455300.0,4595.1001,1650050000.0,64.13,396440.0,89.9544,3981618.49
2026-01-19,1404/10/29,158567000.0,1455000.0,4671.02,1650100000.0,64.16,396620.0,94.705,3981618.49
2026-01-20,1404/10/30,158569000.0,1455400.0,4763.4902,1650050000.0,64.28,396540.0,94.615,3981618.49
2026-01-21,1404/11/01,158567000.0,1455250.0,4836.6699,1649950000.0,65.23,396620.0,93.256,3981618.49
2026-01-22,1404/11/02,158567000.0,1403000.0,4936.75,1650100000.0,64.06,396620.0,96.1987,3981618.49
2026-01-24,1404/11/04,163426000.0,1410000.0,4982.9102,1650100000.0,64.4,384110.0,102.9727,3981618.49
2026-01-25,1404/11/05,164834000.0,1421740.0,4982.9102,1655050000.0,64.4,387140.0,102.9727,3981618.49
2026-01-26,1404/11/06,172443000.0,1464650.0,5015.3398,1734800000.0,64.76,398990.0,103.8984,3981618.49
2026-01-27,1404/11/07,182725000.0,1517600.0,5189.6201,1865050000.0,66.47,413340.0,113.0258,3981618.49
2026-01-28,1404/11/08,200829000.0,1595600.0,5400.25,2029950000.0,67.44,434670.0,116.6095,3981618.49
2026-01-29,1404/11/09,206141000.0,1584400.0,5395.8799,2099950000.0,69.85,431750.0,116.1495,3981618.49
2026-01-31,1404/11/11,196680000.0,1629600.0,4865.3501,2039950000.0,69.32,443970.0,84.704,3924581.55
2026-02-01,1404/11/12,188831000.0,1589550.0,4865.3501,1900100000.0,70.69,433050.0,84.704,3959778.31
2026-02-02,1404/11/13,176589000.0,1544400.0,4666.27,1809850000.0,66.22,420750.0,79.4546,4052895.0
2026-02-03,1404/11/14,192354000.0,1568500.0,4939.3301,1939900000.0,67.95,427390.0,85.1576,4059339.46
2026-02-05,1404/11/16,193580000.0,1622400.0,4826.27,1970050000.0,67.63,442040.0,74.373,4059339.46
2026-02-07,1404/11/18,181006000.0,1564700.0,4961.15,1849800000.0,68.05,426050.0,78.0169,4163982.23
2026-02-08,1404/11/19,187804000.0,1589500.0,4961.15,1909950000.0,68.05,432870.0,78.0169,4174383.17
2026-02-09,1404/11/20,193361000.0,1612300.0,5081.19,1964800000.0,68.92,439290.0,83.774,4068588.04
2026-02-10,1404/11/21,199515000.0,1632400.0,5030.2,2000100000.0,68.9,444740.0,81.0325,4029819.86
2026-02-12,1404/11/23,195297000.0,1625500.0,4927.65,1959900000.0,67.57,442860.0,75.344,4029819.86
2026-02-14,1404/11/25,185830000.0,1583900.0,5043.11,1909850000.0,67.75,431380.0,77.4345,3986105.56
2026-02-15,1404/11/26,191798000.0,1597300.0,5043.11,1960050000.0,67.75,435070.0,77.4345,3881867.24
2026-02-16,1404/11/27,186955000.0,1599600.0,4990.83,1919950000.0,68.61,435740.0,76.618,3822568.12
2026-02-17,1404/11/28,188455000.0,1608600.0,4877.33,1959850000.0,67.44,438020.0,73.2805,3847541.89
2026-02-18,1404/11/29,194268000.0,1623350.0,4978.99,1954900000.0,70.38,442190.0,76.9535,3806765.62
2026-02-19,1404/11/30,198846000.0,1636400.0,4996.27,2010100000.0,71.9,445850.0,78.1355,3806765.62
2026-02-21,1404/12/02,196791000.0,1645700.0,5104.34,1999900000.0,71.76,448190.0,84.645,3703622.86
2026-02-22,1404/12/03,196348000.0,1632650.0,5104.34,1999950000.0,71.3,444620.0,84.645,3618482.23
2026-02-23,1404/12/04,198929000.0,1634700.0,5224.84,2000050000.0,71.17,445360.0,88.2815,3680191.59
2026-02-24,1404/12/05,198028000.0,1639450.0,5149.84,2000100000.0,70.79,446530.0,86.8655,3652290.22
2026-02-25,1404/12/06,204409000.0,1651300.0,5171.16,2050050000.0,70.97,449820.0,90.521,3713955.87
2026-02-26,1404/12/07,200452000.0,1653700.0,5194.88,2014900000.0,70.92,450470.0,88.8075,3713955.87
2026-02-28,1404/12/09,201242000.0,1663600.0,5277.9,2089850000.0,72.87,453090.0,93.8431,3692894.23
2026-03-01,1404/12/10,201223000.0,1663700.0,5277.9,2090100000.0,72.48,453030.0,93.8431,3692894.23
2026-03-02,1404/12/11,201223000.0,1663400.0,5334.3,2089950000.0,79.02,453060.0,89.641,3692894.23
2026-03-03,1404/12/12,201235000.0,1663550.0,5126.8,2089850000.0,80.06,453280.0,83.376,3692894.23
2026-03-04,1404/12/13,201226000.0,1663700.0,5137.27,2089800000.0,81.76,453020.0,83.5805,3692894.23
2026-03-05,1404/12/14,201226000.0,1663300.0,5069.25,2090100000.0,84.69,453250.0,81.2755,3692894.23
2026-03-07,1404/12/16,201230000.0,1663700.0,5171.12,2089800000.0,93.04,453090.0,84.3717,3713955.87
2026-03-08,1404/12/17,201240000.0,1663500.0,5171.12,2089850000.0,92.69,453020.0,84.3717,3713955.87
2026-03-09,1404/12/18,201226000.0,1663500.0,5138.22,2089800000.0,90.3,453060.0,86.5795,3713955.87
2026-03-10,1404/12/19,201226000.0,1663700.0,5195.35,2089900000.0,91.07,452990.0,88.403,3713955.87
2026-03-11,1404/12/20,201230000.0,1663500.0,5178.5,2090100000.0,92.72,453080.0,85.8175,3713955.87
2026-03-12,1404/12/21,201228000.0,1663600.0,5076.4,2090100000.0,101.29,453230.0,83.7795,3713955.87
2026-03-14,1404/12/23,201223000.0,1663600.0,5019.25,2090100000.0,103.14,453020.0,80.5764,3713955.87
2026-03-15,1404/12/24,169230000.0,1470000.0,5019.25,1745000000.0,103.14,350000.0,80.5764,3713955.87
2026-03-16,1404/12/25,166000000.0,1437000.0,5016.14,1730000000.0,100.26,392600.0,80.9465,3713955.87
2026-03-17,1404/12/26,174292361.0,1451200.0,5003.71,1769500000.0,103.43,395100.0,79.1675,3713955.87
2026-03-18,1404/12/27,177929000.0,1563900.0,4818.17,1849000000.0,111.03,417420.0,75.2905,3713955.87
2026-03-19,1404/12/28,176392642.0,1592800.0,4660.26,1899600000.0,107.52,428110.0,72.828,3713955.87
2026-03-23,1405/01/03,174299000.0,1587800.0,4406.91,1899850000.0,96.47,400190.0,69.0255,3713955.87
2026-03-24,1405/01/04,174302000.0,1577700.0,4457.7,1900100000.0,95.54,429620.0,70.3945,3713955.87
2026-03-25,1405/01/05,175475000.0,1577300.0,4524.35,1900100000.0,98.12,429420.0,71.5485,3713955.87
2026-03-26,1405/01/06,174912000.0,1585800.0,4400.29,1899850000.0,100.7,431850.0,68.354,3713955.87
2026-03-28,1405/01/08,174903000.0,1585800.0,4492.99,1900050000.0,105.32,431640.0,69.785,3713955.87
2026-03-29,1405/01/09,174912000.0,1585600.0,4492.99,1899850000.0,105.32,431680.0,69.785,3713955.87
2026-03-30,1405/01/10,174889000.0,1585500.0,4505.31,1900050000.0,108.83,431650.0,70.0025,3713955.87
2026-03-31,1405/01/11,174891000.0,1585750.0,4543.23,1899800000.0,107.98,431910.0,72.6015,3713955.87
2026-04-01,1405/01/12,174903000.0,1585700.0,4543.23,1899950000.0,107.98,431840.0,72.6015,3713955.87
2026-04-02,1405/01/13,174889000.0,1585600.0,4543.23,1899800000.0,107.98,431830.0,72.6015,3713955.87
2026-04-04,1405/01/15,174909000.0,1585700.0,4676.42,1900100000.0,107.98,431830.0,73.015,3713955.87
2026-04-05,1405/01/16,178900000.0,1570000.0,4676.42,1850100000.0,107.98,427440.0,73.015,3713955.87
2026-04-06,1405/01/17,178919000.0,1570000.0,4656.46,1849950000.0,107.98,427440.0,73.0615,3713955.87
2026-04-07,1405/01/18,180068000.0,1605000.0,4711.41,1959850000.0,95.45,436970.0,73.0505,3713955.87
2026-04-08,1405/01/19,179708000.0,1543400.0,4723.67,1854900000.0,95.45,420220.0,74.3235,3713955.87
2026-04-09,1405/01/20,180301000.0,1564900.0,4771.21,1850050000.0,96.54,426310.0,75.6455,3713955.87
2026-04-11,1405/01/22,175899000.0,1536100.0,4748.18,1819850000.0,95.2,418200.0,75.9014,3713955.87
2026-04-12,1405/01/23,179251000.0,1565700.0,4748.18,1849900000.0,95.2,426220.0,75.9014,3713955.87
2026-04-13,1405/01/24,180761000.0,1591100.0,4739.63,1855050000.0,98.2,433150.0,75.4855,3713955.87
2026-04-14,1405/01/25,180752000.0,1591100.0,4840.25,1855050000.0,95.11,433130.0,79.5635,3713955.87
2026-04-15,1405/01/26,176151000.0,1524800.0,4794.29,1800100000.0,94.92,415210.0,79.1665,3713955.87
2026-04-16,1405/01/27,175278000.0,1521200.0,4788.92,1800100000.0,98.15,414290.0,78.4775,3713955.87
2026-04-18,1405/01/29,171645000.0,1476800.0,4830.43,1740050000.0,90.38,402230.0,80.8103,3713955.87
2026-04-19,1405/01/30,171438000.0,1490200.0,4830.43,1739800000.0,90.38,405800.0,80.8103,3713955.87
2026-04-20,1405/01/31,170571000.0,1511900.0,4816.63,1739950000.0,95.12,411690.0,79.7435,3713955.87
2026-04-21,1405/02/01,171138000.0,1525200.0,4706.29,1739950000.0,98.92,415250.0,76.5575,3713955.87
2026-04-22,1405/02/02,172566000.0,1552200.0,4736.52,1769950000.0,100.43,422570.0,77.6275,3713955.87
2026-04-23,1405/02/03,171993000.0,1549900.0,4690.91,1754850000.0,105.98,422120.0,75.3835,3713955.87
2026-04-25,1405/02/05,172681000.0,1560000.0,4709.25,1750050000.0,105.33,424940.0,75.6988,3713955.87
2026-04-26,1405/02/06,171741000.0,1564950.0,4709.25,1759800000.0,99.13,426340.0,75.6988,3713955.87
2026-04-27,1405/02/07,176495000.0,1588900.0,4700.3,1775100000.0,101.56,433110.0,75.0975,3713955.87
2026-04-28,1405/02/08,186994000.0,1658900.0,4630.0,1900100000.0,104.48,451920.0,75.0975,3713955.87
2026-04-29,1405/02/09,198539000.0,1753900.0,4543.62,2000100000.0,111.46,477870.0,71.3845,3713955.87
2026-04-30,1405/02/10,197618000.0,1779100.0,4631.07,2029950000.0,109.91,484860.0,73.5685,3713955.87
2026-05-02,1405/02/12,201083000.0,1824100.0,4614.95,2060100000.0,108.17,496830.0,75.36,3713955.87
2026-05-03,1405/02/13,203370000.0,1864100.0,4614.95,2059900000.0,108.17,507730.0,75.361,3713955.87
2026-05-04,1405/02/14,197137000.0,1795000.0,4514.67,2070050000.0,113.61,514620.0,72.6945,3713955.87
2026-05-05,1405/02/15,191599000.0,1813800.0,4558.89,1939850000.0,110.32,494090.0,72.9775,3713955.87
2026-05-06,1405/02/16,193231000.0,1763800.0,4694.3,1930100000.0,101.27,480480.0,77.303,3713955.87
2026-05-07,1405/02/17,194831000.0,1754200.0,4710.9,1939950000.0,100.06,478030.0,80.18,3713955.87
2026-05-09,1405/02/19,193231000.0,1778900.0,4714.89,1955050000.0,101.29,484560.0,80.3474,3713955.87
2026-05-10,1405/02/20,191689000.0,1758800.0,4714.89,1940100000.0,101.29,479190.0,80.3474,3713955.87
2026-05-11,1405/02/21,198079000.0,1819050.0,4734.85,1989950000.0,104.34,495560.0,86.001,3713955.87
2026-05-12,1405/02/22,195879000.0,1804000.0,4713.21,1965050000.0,107.71,491370.0,86.641,3716477.98
2026-05-13,1405/02/23,195865000.0,1788950.0,4692.8,1954900000.0,105.76,487380.0,87.7265,3716477.98
2026-05-14,1405/02/24,195958000.0,1798900.0,4647.87,1964850000.0,106.54,490250.0,83.237,3716477.98
2026-05-16,1405/02/26,194069000.0,1794000.0,4540.07,1939950000.0,109.26,488650.0,75.9772,3716477.98
2026-05-17,1405/02/27,192754000.0,1813900.0,4540.07,1939850000.0,109.26,494160.0,75.9772,3716477.98
2026-05-18,1405/02/28,189863000.0,1799200.0,4564.08,1905050000.0,108.47,490040.0,77.582,3716477.98
2026-05-19,1405/02/29,189752000.0,1784000.0,4486.35,1905050000.0,111.25,485920.0,73.922,3716477.98
2026-05-20,1405/02/30,192193000.0,1799100.0,4545.34,1935100000.0,104.92,490220.0,75.9095,3761304.54
2026-05-21,1405/02/31,191502000.0,1790800.0,4541.07,1925100000.0,104.49,488100.0,76.63,3761304.54
2026-05-23,1405/03/02,185588000.0,1774200.0,4509.38,1884900000.0,103.54,483230.0,75.515,3831772.46
2026-05-24,1405/03/03,179489000.0,1699100.0,4509.38,1819850000.0,100.21,462850.0,75.515,3909790.78
2026-05-25,1405/03/04,182591000.0,1739100.0,4569.86,1840050000.0,93.65,473960.0,78.088,3993142.74
2026-05-26,1405/03/05,182148000.0,1724000.0,4506.71,1830100000.0,96.64,469790.0,76.968,4073652.39
2026-05-28,1405/03/07,181324000.0,1745000.0,4498.73,1814950000.0,92.85,475340.0,75.6545,4073652.39
2026-05-30,1405/03/09,179819000.0,1704900.0,4539.27,1799850000.0,91.12,464210.0,75.281,4153376.26
2026-05-31,1405/03/10,181206000.0,1704850.0,4539.27,1790050000.0,92.05,464230.0,75.281,4236521.11
2026-06-01,1405/03/11,185844000.0,1761800.0,4483.12,1869900000.0,95.21,479970.0,74.829,4300178.48
2026-06-02,1405/03/12,182252000.0,1745200.0,4489.76,1834800000.0,95.9,475260.0,75.207,4344624.4
2026-06-03,1405/03/13,182769000.0,1744200.0,4438.54,1835050000.0,98.06,475040.0,73.281,4359000.8
2026-06-06,1405/03/16,179830000.0,1749900.0,4329.33,1810100000.0,93.09,476420.0,67.8383,4391866.91
2026-06-07,1405/03/17,183055000.0,1780100.0,4329.33,1839800000.0,93.09,484600.0,67.8383,4493609.45
2026-06-08,1405/03/18,180632000.0,1774000.0,4326.12,1829900000.0,94.32,483140.0,68.0865,4426011.91
2026-06-09,1405/03/19,179251000.0,1753000.0,4259.59,1809850000.0,91.77,477520.0,65.31,4540874.45
2026-06-10,1405/03/20,179143000.0,1785100.0,4078.86,1810100000.0,93.89,486120.0,63.602,4593052.38
2026-06-11,1405/03/21,178669000.0,1801800.0,4213.04,1820100000.0,88.79,490850.0,67.346,4593052.38
2026-06-13,1405/03/23,172208000.0,1720100.0,4219.32,1733800000.0,87.33,468270.0,68.0009,4696228.69
2026-06-14,1405/03/24,171302843.0,1712050.0,4219.32,1749950000.0,87.33,462880.0,68.0009,4818830.63
2026-06-15,1405/03/25,162969000.0,1615100.0,4313.78,1670100000.0,83.65,439850.0,69.973,4980429.59
2026-06-16,1405/03/26,156519000.0,1550000.0,4333.68,1580050000.0,79.47,422160.0,70.0695,5100249.42
2026-06-17,1405/03/27,161819000.0,1595000.0,4261.55,1645100000.0,78.81,434390.0,67.8145,5151094.05
2026-06-18,1405/03/28,156642000.0,1565000.0,4217.91,1604950000.0,79.36,426200.0,65.93,5151094.05
2026-06-20,1405/03/30,161014000.0,1608000.0,4160.26,1655100000.0,80.57,437830.0,64.925,5160183.14
2026-06-21,1405/03/31,161602000.0,1596000.0,4160.26,1634800000.0,80.05,434520.0,64.925,5125976.1
2026-06-22,1405/04/01,159352000.0,1580000.0,4190.93,1635100000.0,77.71,430160.0,65.172,5072677.37
2026-06-23,1405/04/02,160852000.0,1615000.0,4136.73,1630100000.0,76.84,439860.0,62.2545,5160903.68
2026-06-27,1405/04/06,163334000.0,1668150.0,4089.26,1660050000.0,72.6,454150.0,59.185,5176357.46
2026-06-28,1405/04/07,172900000.0,1726900.0,4089.26,1730100000.0,72.6,470500.0,59.185,5075580.98
2026-06-29,1405/04/08,167831000.0,1709000.0,4016.22,1690050000.0,73.69,465710.0,58.2965,5059229.22
2026-06-30,1405/04/09,169107000.0,1725000.0,4012.9,1714850000.0,73.41,469880.0,58.8925,5127635.31
2026-07-01,1405/04/10,172570000.0,1743000.0,4037.79,1744850000.0,71.25,474500.0,59.183,5187264.87
2026-07-02,1405/04/11,174627000.0,1753950.0,4123.32,1769800000.0,71.58,488780.0,60.8985,5187264.87
2026-07-05,1405/04/14,177284000.0,1756000.0,4175.7,1782050000.0,72.12,488240.0,62.425,5187264.87
2026-07-06,1405/04/15,177374000.0,1757000.0,4163.24,1785100000.0,72.08,488420.0,62.014,5187264.87
2026-07-07,1405/04/16,177407000.0,1766850.0,4110.98,1799800000.0,75.79,491150.0,60.124,5311523.73
2026-07-08,1405/04/17,178833000.0,1801950.0,4075.07,1809800000.0,79.03,500630.0,58.2655,5286856.14
2026-07-09,1405/04/18,179369000.0,1816200.0,4121.31,1814850000.0,76.06,504660.0,59.8845,5286856.14
2026-07-11,1405/04/20,174761000.0,1782000.0,4121.08,1760100000.0,76.01,490200.0,59.865,5182613.78
2026-07-12,1405/04/21,176603000.0,1796000.0,4121.08,1780100000.0,76.01,492010.0,59.865,5055648.31
2026-07-13,1405/04/22,176822000.0,1809850.0,3999.4,1770100000.0,83.4,495040.0,57.5865,4966760.76
2026-07-14,1405/04/23,178919000.0,1841100.0,4053.06,1809850000.0,85.53,503380.0,58.7035,4924683.63
2026-07-15,1405/04/24,183603000.0,1882000.0,4062.2,1849950000.0,85.82,512560.0,57.801,4893834.55
2026-07-16,1405/04/25,182451000.0,1886000.0,3972.57,1849950000.0,84.42,520710.0,55.5625,4893834.55
2026-07-18,1405/04/27,191382000.0,1945000.0,4017.6,1900050000.0,88.1,535740.0,55.95,4777284.58
2026-07-19,1405/04/28,187675000.0,1930000.0,4017.6,1889800000.0,88.1,530680.0,55.95,4755500.3
2026-07-20,1405/04/29,181843000.0,1877000.0,4008.29,1830050000.0,87.67,514360.0,56.777,4813503.4
2026-07-21,1405/04/30,184452000.0,1903000.0,4075.82,1859900000.0,91.18,516170.0,59.03,4887551.71
2026-07-22,1405/04/31,190034000.0,1924050.0,4137.085,1890100000.0,94.35,530940.0,59.872,4884000.87
2026-07-23,1405/05/01,188554000.0,1931150.0,4049.21,1885100000.0,98.45,527840.0,57.6195,4884000.87
2026-07-25,1405/05/03,182550000.0,1897000.0,4052.845,1844800000.0,96.78,521570.0,58.203,4894453.18
2026-07-26,1405/05/04,178789000.0,1865000.0,4052.845,1814900000.0,96.78,509770.0,58.203,5002329.94
2026-07-27,1405/05/05,182093000.0,1880000.0,4078.445,1854950000.0,87.665,514890.0,58.4,5052068.38
2026-07-28,1405/05/06,183413000.0,1902000.0,4027.405,1839950000.0,83.875,512850.0,57.1605,5109003.96
2026-07-29,1405/05/07,188102000.0,1935000.0,4057.31,1879850000.0,90.918,531940.0,57.3355,5075098.64
2026-07-30,1405/05/08,186654000.0,1924000.0,4112.66,1880100000.0,89.289,526880.0,59.1965,5075098.64
2026-08-01,1405/05/10,186980000.0,1937000.0,4045.165,1880100000.0,87.93,527500.0,57.6325,5054786.66
2026-08-02,1405/05/11,183305000.0,1910000.0,4045.165,1839900000.0,87.93,520040.0,57.6325,5154057.38
2026-08-03,1405/05/12,183824000.0,1928800.0,4054.31,1849950000.0,83.65,523240.0,58.104,5277352.62
2026-08-05,1405/05/14,185616000.0,1880000.0,4246.025,1840150000.0,79.289,509910.0,61.9655,5407901.78
2026-08-06,1405/05/15,185782000.0,1880200.0,4242.21,1850200000.0,83.191,515100.0,61.577,5407901.78
2026-08-08,1405/05/17,188146000.0,1859000.0,4343.43,1865250000.0,83.55,509150.0,63.542,5520340.74
2026-08-09,1405/05/18,188093000.0,1854000.0,4343.43,1865050000.0,83.55,505070.0,63.542,5654177.03
2026-08-10,1405/05/19,188016000.0,1856000.0,4388.77,1865050000.0,87.783,505380.0,65.745,5654177.03
2026-08-11,1405/05/20,192056000.0,1878000.0,4370.37,1894850000.0,89.142,511610.0,64.701,5736485.31
2026-08-15,1405/05/24,190794000.0,1870050.0,4375.5,1890050000.0,88.52,509330.0,64.661,5736647.94
2026-08-16,1405/05/25,190394000.0,1866800.0,4375.5,1890100000.0,88.52,508630.0,64.661,5766380.77
2026-08-17,1405/05/26,192292000.0,1865000.0,4415.37,1905100000.0,90.918,507890.0,65.779,5897971.58
2026-08-18,1405/05/27,193040000.0,1870100.0,4337.21,1920100000.0,91.041,509390.0,63.45,5947560.08
2026-08-19,1405/05/28,197594000.0,1886000.0,4520.01,1980200000.0,91.454,513720.0,66.546,5952686.01
2026-08-20,1405/05/29,198527000.0,1894000.0,4520.47,1995400000.0,93.498,515980.0,68.123,5952686.01
2026-08-22,1405/05/31,210360000.0,1927000.0,4607.35,2090200000.0,94.39,524710.0,68.947,6061596.32
2026-08-23,1405/06/01,217464000.0,1999000.0,4607.35,2180400000.0,94.39,544370.0,68.947,6070020.19
2026-08-24,1405/06/02,220222000.0,2021950.0,4649.67,2220050000.0,91.975,550540.0,68.822,6099956.47
2026-08-25,1405/06/03,216531000.0,2005000.0,4664.08,2150100000.0,86.352,546110.0,68.922,6223878.53
2026-08-26,1405/06/04,216774000.0,2005000.0,4610.77,2160100000.0,86.95,546140.0,68.252,6386575.54
2026-08-27,1405/06/05,217464000.0,2006000.0,4602.86,2160100000.0,89.592,546380.0,69.263,6386575.54
2026-08-29,1405/06/07,218396000.0,2060100.0,4454.08,2180100000.0,88.29,560900.0,66.152,6516183.93
2026-08-31,1405/06/09,222182000.0,2093000.0,4447.11,2235100000.0,90.5,571440.0,66.507,6547963.76
2026-09-01,1405/06/10,221958000.0,2140000.0,4328.71,2215050000.0,95.165,582910.0,64.128,6583932.28
2026-09-02,1405/06/11,228351000.0,2199000.0,4387.09,2279900000.0,95.173,600890.0,65.313,6504009.87
2026-09-03,1405/06/12,235188000.0,2210600.0,4471.91,2340100000.0,95.734,602160.0,66.925,6504009.87
2026-09-05,1405/06/14,236744000.0,2272050.0,4432.56,2374950000.0,96.28,620600.0,65.99,6601298.71
